{"type":"FeatureCollection", "features": [
{"type":"Feature","geometry":{"type":"Polygon","coordinates":[[[-2.4304,6.3543],[-2.4287,6.3577],[-2.4287,6.3613],[-2.4273,6.3651],[-2.429,6.3701],[-2.4282,6.3731],[-2.4255,6.3767],[-2.4251,6.3831],[-2.4251,6.3873],[-2.424,6.3911],[-2.4235,6.3949],[-2.424,6.3979],[-2.4256,6.4011],[-2.4248,6.4045],[-2.4214,6.4045],[-2.4224,6.4073],[-2.4248,6.4091],[-2.4269,6.4119],[-2.4281,6.4147],[-2.4296,6.4171],[-2.4334,6.4175],[-2.4356,6.4203],[-2.4389,6.4207],[-2.4391,6.4245],[-2.4406,6.4281],[-2.4443,6.4303],[-2.4475,6.4315],[-2.4453,6.4359],[-2.4419,6.4377],[-2.4392,6.4391],[-2.4402,6.4427],[-2.4442,6.4439],[-2.4441,6.4469],[-2.4431,6.4497],[-2.4432,6.4537],[-2.442,6.4573],[-2.4391,6.4589],[-2.4355,6.4615],[-2.433,6.4663],[-2.4304,6.4713],[-2.4253,6.4737],[-2.4223,6.4749],[-2.4203,6.4783],[-2.424,6.4795],[-2.4256,6.4841],[-2.424,6.4879],[-2.4224,6.4911],[-2.4189,6.4893],[-2.4157,6.4901],[-2.4159,6.4953],[-2.4112,6.4971],[-2.4097,6.5003],[-2.4076,6.5043],[-2.4045,6.5045],[-2.4018,6.5069],[-2.3983,6.5041],[-2.3966,6.5077],[-2.3977,6.5111],[-2.3978,6.5149],[-2.3974,6.5179],[-2.3962,6.5213],[-2.3905,6.5231],[-2.3853,6.5245],[-2.3827,6.5271],[-2.3822,6.5299],[-2.3834,6.5335],[-2.38,6.5381],[-2.3764,6.5387],[-2.3776,6.5425],[-2.377,6.5473],[-2.3797,6.5493],[-2.3828,6.5519],[-2.3849,6.5571],[-2.3853,6.5629],[-2.3855,6.5677],[-2.3834,6.5701],[-2.3807,6.5717],[-2.3803,6.5753],[-2.3805,6.5807],[-2.3798,6.5849],[-2.3763,6.5877],[-2.3727,6.5895],[-2.3713,6.5929],[-2.3737,6.5963],[-2.3789,6.5985],[-2.3831,6.5979],[-2.3836,6.6031],[-2.385,6.6075],[-2.3841,6.6103],[-2.387,6.6107],[-2.3904,6.6099],[-2.3932,6.6137],[-2.3942,6.6179],[-2.3928,6.6231],[-2.3953,6.6257],[-2.3987,6.6263],[-2.4008,6.6297],[-2.402,6.6327],[-2.4016,6.6363],[-2.3985,6.6391],[-2.3958,6.6427],[-2.3965,6.6477],[-2.4003,6.6505],[-2.4038,6.6489],[-2.4068,6.6491],[-2.4085,6.6517],[-2.412,6.6515],[-2.415,6.6541],[-2.4172,6.6575],[-2.4151,6.6597],[-2.4121,6.6599],[-2.4076,6.6621],[-2.4042,6.6631],[-2.4016,6.6653],[-2.398,6.6653],[-2.3948,6.6665],[-2.3919,6.6667],[-2.3886,6.6669],[-2.3861,6.6705],[-2.3812,6.6725],[-2.3767,6.6727],[-2.3732,6.6717],[-2.3712,6.6747],[-2.368,6.6761],[-2.3658,6.6795],[-2.3658,6.6843],[-2.3632,6.6879],[-2.359,6.6887],[-2.3568,6.6925],[-2.3532,6.6937],[-2.3513,6.6969],[-2.3473,6.6985],[-2.3431,6.6975],[-2.3379,6.6973],[-2.3338,6.6961],[-2.3308,6.6965],[-2.3266,6.6943],[-2.3221,6.6921],[-2.3187,6.6929],[-2.3148,6.6917],[-2.3114,6.6907],[-2.3075,6.6885],[-2.3032,6.6895],[-2.3009,6.6925],[-2.3011,6.6963],[-2.2988,6.6989],[-2.2965,6.7013],[-2.2938,6.7035],[-2.2903,6.7049],[-2.2867,6.7067],[-2.2882,6.7109],[-2.2873,6.7161],[-2.2841,6.7199],[-2.283,6.7227],[-2.2793,6.7277],[-2.2777,6.7313],[-2.2769,6.7347],[-2.2765,6.7383],[-2.2757,6.7417],[-2.2755,6.7449],[-2.2743,6.7503],[-2.2727,6.7583],[-2.2705,6.7615],[-2.2683,6.7649],[-2.2692,6.7699],[-2.2683,6.7733],[-2.267,6.7771],[-2.2641,6.7787],[-2.2621,6.7819],[-2.2608,6.7847],[-2.2595,6.7881],[-2.2589,6.7925],[-2.2625,6.7959],[-2.2668,6.7987],[-2.2712,6.7981],[-2.2745,6.7987],[-2.2776,6.7995],[-2.2822,6.7991],[-2.2862,6.7997],[-2.2905,6.7985],[-2.2926,6.7965],[-2.2961,6.7977],[-2.2989,6.7995],[-2.3011,6.8027],[-2.3053,6.8117],[-2.3078,6.8099],[-2.3107,6.8077],[-2.3144,6.8051],[-2.3171,6.8031],[-2.3197,6.8013],[-2.3278,6.8025],[-2.3327,6.8033],[-2.3373,6.8067],[-2.3396,6.8091],[-2.3422,6.8137],[-2.3446,6.8159],[-2.3417,6.8183],[-2.338,6.8207],[-2.3362,6.8237],[-2.3354,6.8271],[-2.3349,6.8303],[-2.3391,6.8337],[-2.3409,6.8365],[-2.344,6.8397],[-2.3469,6.8437],[-2.3491,6.8415],[-2.353,6.8405],[-2.357,6.8441],[-2.3614,6.8435],[-2.3644,6.8433],[-2.3664,6.8405],[-2.3696,6.8385],[-2.3754,6.8383],[-2.3784,6.8367],[-2.3808,6.8337],[-2.3844,6.8307],[-2.3889,6.8273],[-2.3944,6.8229],[-2.3973,6.8211],[-2.4004,6.8197],[-2.4036,6.8203],[-2.4067,6.8207],[-2.4107,6.8231],[-2.4152,6.8253],[-2.4151,6.8295],[-2.4149,6.8327],[-2.4113,6.8365],[-2.4084,6.8373],[-2.4066,6.8413],[-2.4016,6.8405],[-2.399,6.8415],[-2.3995,6.8469],[-2.3988,6.8511],[-2.3971,6.8545],[-2.3955,6.8577],[-2.3919,6.8573],[-2.3881,6.8559],[-2.3865,6.8591],[-2.3863,6.8643],[-2.3875,6.8677],[-2.386,6.8703],[-2.3839,6.8729],[-2.3825,6.8767],[-2.3792,6.8779],[-2.3762,6.8785],[-2.3767,6.8833],[-2.3748,6.8869],[-2.3703,6.8879],[-2.3664,6.8901],[-2.3632,6.8929],[-2.3609,6.8947],[-2.3553,6.8963],[-2.3512,6.8997],[-2.3484,6.9025],[-2.3481,6.9075],[-2.3452,6.9091],[-2.3411,6.9087],[-2.3368,6.9125],[-2.3373,6.9171],[-2.3357,6.9203],[-2.3332,6.9217],[-2.3325,6.9255],[-2.3311,6.9289],[-2.3279,6.9293],[-2.3257,6.9315],[-2.3222,6.9335],[-2.3185,6.9357],[-2.3148,6.9387],[-2.3098,6.9415],[-2.3051,6.9413],[-2.3017,6.9409],[-2.297,6.9415],[-2.2935,6.9429],[-2.2903,6.9453],[-2.2865,6.9487],[-2.2839,6.9513],[-2.2813,6.9529],[-2.2786,6.9547],[-2.2766,6.9571],[-2.2744,6.9595],[-2.2714,6.9615],[-2.2683,6.9639],[-2.2649,6.9657],[-2.2625,6.9693],[-2.2592,6.9729],[-2.2546,6.9759],[-2.2514,6.9783],[-2.2482,6.9825],[-2.2469,6.9865],[-2.2475,6.9897],[-2.2456,6.9923],[-2.2427,6.9947],[-2.2406,6.9973],[-2.2382,6.9995],[-2.2358,7.0015],[-2.2334,7.0035],[-2.2301,7.0063],[-2.2271,7.0075],[-2.223,7.0087],[-2.2192,7.0099],[-2.2157,7.0131],[-2.2146,7.0167],[-2.213,7.0203],[-2.2086,7.0237],[-2.2042,7.0261],[-2.2011,7.0269],[-2.1969,7.0281],[-2.192,7.0301],[-2.1884,7.0335],[-2.1844,7.0357],[-2.1803,7.0335],[-2.1819,7.0297],[-2.1855,7.0251],[-2.1857,7.0215],[-2.1845,7.0183],[-2.1815,7.0169],[-2.1776,7.0181],[-2.1746,7.0207],[-2.1731,7.0233],[-2.1711,7.0267],[-2.1671,7.0305],[-2.1649,7.0329],[-2.1619,7.0341],[-2.1585,7.0355],[-2.1531,7.0381],[-2.1487,7.0395],[-2.1435,7.0399],[-2.14,7.0409],[-2.1393,7.0381],[-2.1386,7.0339],[-2.1352,7.0301],[-2.1359,7.0273],[-2.1373,7.0223],[-2.1333,7.0213],[-2.1316,7.0183],[-2.1279,7.0147],[-2.1249,7.0111],[-2.1234,7.0085],[-2.1228,7.0049],[-2.1197,7.0029],[-2.1158,7.0031],[-2.1118,7.0043],[-2.1072,7.0051],[-2.1036,7.0057],[-2.1001,7.0069],[-2.0971,7.0093],[-2.0958,7.0137],[-2.0934,7.0175],[-2.0913,7.0207],[-2.0885,7.0227],[-2.085,7.0249],[-2.0815,7.0275],[-2.0778,7.0287],[-2.0754,7.0313],[-2.0708,7.0327],[-2.0661,7.0351],[-2.0624,7.0385],[-2.0589,7.0391],[-2.0555,7.0399],[-2.0522,7.0403],[-2.0493,7.0381],[-2.0459,7.0389],[-2.0423,7.0395],[-2.039,7.0403],[-2.0356,7.0437],[-2.0321,7.0457],[-2.0293,7.0479],[-2.0268,7.0495],[-2.0232,7.0527],[-2.0215,7.0575],[-2.0194,7.0605],[-2.0174,7.0627],[-2.015,7.0647],[-2.0127,7.0669],[-2.0111,7.0693],[-2.0089,7.0713],[-2.006,7.0733],[-2.0017,7.0757],[-1.9977,7.0779],[-1.9939,7.0789],[-1.9908,7.0785],[-1.9876,7.0803],[-1.9846,7.0831],[-1.9818,7.0845],[-1.9782,7.0845],[-1.9746,7.0863],[-1.9706,7.0869],[-1.9679,7.0889],[-1.9644,7.0893],[-1.9612,7.0875],[-1.9572,7.0863],[-1.9539,7.0853],[-1.9499,7.0929],[-1.9432,7.1073],[-1.9358,7.1229],[-1.9325,7.1301],[-1.9326,7.1413],[-1.9327,7.1495],[-1.9329,7.1695],[-1.9329,7.1767],[-1.9157,7.1837],[-1.8689,7.2033],[-1.8642,7.2141],[-1.8615,7.2177],[-1.8583,7.2201],[-1.8561,7.2219],[-1.8557,7.2253],[-1.8532,7.2285],[-1.8499,7.2325],[-1.8462,7.2349],[-1.8424,7.2369],[-1.8385,7.2397],[-1.8344,7.2437],[-1.8315,7.2477],[-1.8294,7.2503],[-1.827,7.2539],[-1.8283,7.2581],[-1.8318,7.2589],[-1.835,7.2593],[-1.8363,7.2619],[-1.8371,7.2649],[-1.8391,7.2673],[-1.8413,7.2697],[-1.8449,7.2743],[-1.8492,7.2763],[-1.855,7.2771],[-1.8592,7.2781],[-1.8637,7.2781],[-1.8681,7.2761],[-1.8706,7.2725],[-1.874,7.2709],[-1.878,7.2683],[-1.8812,7.2665],[-1.8854,7.2655],[-1.8886,7.2651],[-1.8932,7.2639],[-1.8965,7.2627],[-1.8995,7.2607],[-1.9031,7.2581],[-1.9081,7.2557],[-1.9121,7.2535],[-1.9155,7.2541],[-1.9184,7.2577],[-1.9227,7.2617],[-1.9262,7.2639],[-1.9317,7.2643],[-1.9358,7.2651],[-1.9403,7.2647],[-1.9453,7.2645],[-1.9499,7.2615],[-1.9545,7.2655],[-1.9564,7.2721],[-1.959,7.2813],[-1.9607,7.2847],[-1.9619,7.2885],[-1.9647,7.2943],[-1.9697,7.2967],[-1.9742,7.2977],[-1.9789,7.2975],[-1.9829,7.2981],[-1.9872,7.2983],[-1.9958,7.3133],[-1.9991,7.3155],[-2.0044,7.3179],[-2.0092,7.3179],[-2.0128,7.3163],[-2.016,7.3161],[-2.0208,7.3137],[-2.0272,7.3115],[-2.0308,7.3103],[-2.034,7.3099],[-2.0367,7.3081],[-2.0403,7.3065],[-2.0439,7.3065],[-2.0476,7.3059],[-2.0505,7.3063],[-2.0544,7.3081],[-2.0568,7.3111],[-2.0581,7.3141],[-2.0606,7.3173],[-2.0662,7.3193],[-2.0713,7.3207],[-2.0757,7.3229],[-2.0792,7.3267],[-2.085,7.3339],[-2.0908,7.3409],[-2.096,7.3475],[-2.1028,7.3555],[-2.1094,7.3637],[-2.1135,7.3687],[-2.1159,7.3715],[-2.1184,7.3747],[-2.1209,7.3779],[-2.1267,7.3849],[-2.1338,7.3935],[-2.1365,7.3945],[-2.1372,7.3905],[-2.1397,7.3863],[-2.1388,7.3825],[-2.1372,7.3793],[-2.136,7.3749],[-2.1382,7.3699],[-2.1414,7.3683],[-2.1448,7.3677],[-2.1471,7.3655],[-2.1473,7.3621],[-2.1487,7.3593],[-2.1509,7.3559],[-2.1509,7.3511],[-2.1518,7.3483],[-2.1527,7.3455],[-2.1527,7.3417],[-2.1563,7.3375],[-2.1582,7.3333],[-2.1609,7.3295],[-2.1652,7.3275],[-2.1688,7.3247],[-2.1723,7.3231],[-2.1767,7.3233],[-2.18,7.3225],[-2.1834,7.3205],[-2.1886,7.3219],[-2.1921,7.3199],[-2.195,7.3177],[-2.1982,7.3175],[-2.2015,7.3155],[-2.2051,7.3145],[-2.2104,7.3137],[-2.2152,7.3133],[-2.2187,7.3103],[-2.2176,7.3059],[-2.2191,7.3019],[-2.2224,7.3019],[-2.2253,7.2993],[-2.2286,7.2977],[-2.2306,7.2955],[-2.2336,7.2957],[-2.2373,7.2941],[-2.2404,7.2917],[-2.2433,7.2881],[-2.244,7.2837],[-2.2462,7.2799],[-2.2491,7.2803],[-2.2527,7.2801],[-2.2568,7.2787],[-2.261,7.2783],[-2.2653,7.2765],[-2.268,7.2727],[-2.2669,7.2679],[-2.2678,7.2647],[-2.2652,7.2621],[-2.2669,7.2579],[-2.2696,7.2545],[-2.2693,7.2493],[-2.2658,7.2465],[-2.2685,7.2443],[-2.2716,7.2453],[-2.2712,7.2417],[-2.2711,7.2387],[-2.2745,7.2381],[-2.2771,7.2405],[-2.278,7.2431],[-2.2802,7.2461],[-2.2813,7.2433],[-2.2813,7.2399],[-2.2811,7.2371],[-2.28,7.2335],[-2.2841,7.2313],[-2.2857,7.2279],[-2.2892,7.2251],[-2.2918,7.2267],[-2.2932,7.2299],[-2.2961,7.2325],[-2.3001,7.2325],[-2.3051,7.2329],[-2.3092,7.2327],[-2.3142,7.2335],[-2.3184,7.2333],[-2.3221,7.2347],[-2.325,7.2365],[-2.3281,7.2335],[-2.3323,7.2309],[-2.3349,7.2281],[-2.3366,7.2241],[-2.3384,7.2213],[-2.34,7.2187],[-2.3413,7.2159],[-2.3413,7.2127],[-2.3427,7.2087],[-2.3438,7.2047],[-2.3451,7.2009],[-2.3456,7.1973],[-2.3473,7.1929],[-2.3501,7.1871],[-2.3451,7.1829],[-2.3415,7.1801],[-2.3312,7.1735],[-2.3286,7.1719],[-2.3256,7.1701],[-2.3225,7.1679],[-2.32,7.1663],[-2.3134,7.1617],[-2.3099,7.1575],[-2.3078,7.1537],[-2.3059,7.1513],[-2.3042,7.1481],[-2.3014,7.1473],[-2.2983,7.1477],[-2.297,7.1449],[-2.2941,7.1439],[-2.2894,7.1417],[-2.2906,7.1383],[-2.2931,7.1367],[-2.2927,7.1329],[-2.2948,7.1297],[-2.2964,7.1271],[-2.2998,7.1263],[-2.3007,7.1227],[-2.3021,7.1195],[-2.299,7.1163],[-2.2961,7.1135],[-2.2952,7.1085],[-2.2963,7.1057],[-2.2978,7.1025],[-2.2995,7.0993],[-2.302,7.1009],[-2.3043,7.1029],[-2.3079,7.1007],[-2.3117,7.1005],[-2.3153,7.1041],[-2.3183,7.1033],[-2.3214,7.1041],[-2.3248,7.1055],[-2.3303,7.1069],[-2.3314,7.1097],[-2.3305,7.1141],[-2.3282,7.1161],[-2.3257,7.1179],[-2.324,7.1217],[-2.3268,7.1243],[-2.3322,7.1239],[-2.3366,7.1227],[-2.3404,7.1253],[-2.3436,7.1259],[-2.3479,7.1275],[-2.3521,7.1275],[-2.3623,7.1189],[-2.3651,7.1151],[-2.3641,7.1107],[-2.3639,7.1077],[-2.3696,7.1037],[-2.3725,7.1021],[-2.377,7.1001],[-2.3808,7.0993],[-2.3861,7.0981],[-2.3928,7.0967],[-2.3976,7.0957],[-2.4025,7.0947],[-2.4066,7.0939],[-2.4177,7.0917],[-2.4385,7.0889],[-2.4308,7.0937],[-2.4163,7.1025],[-2.4135,7.1041],[-2.4015,7.1123],[-2.4046,7.1147],[-2.4081,7.1171],[-2.4121,7.1199],[-2.4156,7.1225],[-2.4196,7.1235],[-2.4275,7.1281],[-2.432,7.1309],[-2.4387,7.1351],[-2.4489,7.1403],[-2.4544,7.1377],[-2.4577,7.1359],[-2.4605,7.1343],[-2.4643,7.1353],[-2.4695,7.1363],[-2.4748,7.1355],[-2.4784,7.1323],[-2.4837,7.1317],[-2.4875,7.1317],[-2.4906,7.1321],[-2.4937,7.1343],[-2.4939,7.1393],[-2.4946,7.1541],[-2.4947,7.1583],[-2.4946,7.1643],[-2.4942,7.1799],[-2.4939,7.1887],[-2.4937,7.2013],[-2.4923,7.2177],[-2.4951,7.2265],[-2.499,7.2267],[-2.5034,7.2269],[-2.5115,7.2273],[-2.5164,7.2307],[-2.5224,7.2307],[-2.5327,7.2307],[-2.5382,7.2307],[-2.5435,7.2307],[-2.5528,7.2305],[-2.5572,7.2295],[-2.5598,7.2257],[-2.5642,7.2233],[-2.5661,7.2201],[-2.5693,7.2167],[-2.5738,7.2147],[-2.5779,7.2125],[-2.5805,7.2089],[-2.5808,7.2043],[-2.5804,7.2007],[-2.5813,7.1963],[-2.5814,7.1903],[-2.5804,7.1853],[-2.5805,7.1815],[-2.5835,7.1797],[-2.5874,7.1799],[-2.5902,7.1807],[-2.5938,7.1809],[-2.5977,7.1807],[-2.6026,7.1805],[-2.6068,7.1805],[-2.6097,7.1785],[-2.6132,7.1761],[-2.6165,7.1707],[-2.6182,7.1667],[-2.62,7.1641],[-2.6234,7.1629],[-2.6263,7.1597],[-2.6286,7.1565],[-2.6319,7.1537],[-2.6364,7.1515],[-2.6399,7.1497],[-2.6422,7.1477],[-2.6454,7.1465],[-2.6489,7.1451],[-2.6508,7.1427],[-2.6538,7.1417],[-2.6568,7.1413],[-2.6605,7.1409],[-2.6662,7.1393],[-2.6703,7.1399],[-2.674,7.1381],[-2.6775,7.1385],[-2.6808,7.1393],[-2.6841,7.1393],[-2.6874,7.1359],[-2.6905,7.1323],[-2.6914,7.1275],[-2.6923,7.1243],[-2.6906,7.1209],[-2.6917,7.1145],[-2.6945,7.1113],[-2.6975,7.1087],[-2.7003,7.1063],[-2.7054,7.1029],[-2.7105,7.1011],[-2.7148,7.1033],[-2.719,7.1029],[-2.7228,7.1003],[-2.7248,7.0971],[-2.7278,7.0979],[-2.7315,7.0957],[-2.7343,7.0923],[-2.7367,7.0905],[-2.7387,7.0883],[-2.741,7.0859],[-2.7436,7.0837],[-2.7458,7.0819],[-2.7488,7.0809],[-2.7517,7.0795],[-2.7539,7.0775],[-2.7556,7.0741],[-2.7575,7.0703],[-2.7581,7.0665],[-2.76,7.0627],[-2.761,7.0581],[-2.7604,7.0545],[-2.7611,7.0507],[-2.762,7.0479],[-2.7625,7.0447],[-2.7629,7.0419],[-2.7625,7.0381],[-2.7625,7.0343],[-2.7651,7.0323],[-2.7671,7.0299],[-2.7694,7.0267],[-2.77,7.0231],[-2.7729,7.0207],[-2.7764,7.0205],[-2.7797,7.0189],[-2.7821,7.0159],[-2.7854,7.0133],[-2.7901,7.0121],[-2.7924,7.0081],[-2.7948,7.0049],[-2.7961,7.0007],[-2.7983,6.9967],[-2.8009,6.9925],[-2.8036,6.9887],[-2.8062,6.9845],[-2.8088,6.9801],[-2.8109,6.9765],[-2.8125,6.9735],[-2.8154,6.9719],[-2.8184,6.9691],[-2.8207,6.9651],[-2.8245,6.9641],[-2.8285,6.9635],[-2.8312,6.9623],[-2.8319,6.9593],[-2.8355,6.9585],[-2.8396,6.9589],[-2.8443,6.9559],[-2.8479,6.9519],[-2.85,6.9459],[-2.8513,6.9415],[-2.8509,6.9383],[-2.8502,6.9349],[-2.85,6.9301],[-2.8507,6.9261],[-2.8509,6.9219],[-2.8528,6.9187],[-2.8536,6.9155],[-2.8556,6.9133],[-2.8557,6.9085],[-2.8552,6.9041],[-2.8537,6.9011],[-2.8526,6.8965],[-2.852,6.8911],[-2.8502,6.8879],[-2.8499,6.8849],[-2.8516,6.8819],[-2.8518,6.8783],[-2.8524,6.8749],[-2.8547,6.8727],[-2.8559,6.8693],[-2.8588,6.8671],[-2.86,6.8633],[-2.8592,6.8589],[-2.8598,6.8549],[-2.8629,6.8525],[-2.866,6.8515],[-2.8633,6.8477],[-2.8618,6.8431],[-2.8579,6.8403],[-2.8567,6.8377],[-2.8552,6.8345],[-2.8556,6.8303],[-2.8579,6.8253],[-2.8574,6.8199],[-2.852,6.8177],[-2.849,6.8157],[-2.8483,6.8115],[-2.846,6.8097],[-2.8444,6.8051],[-2.848,6.8031],[-2.848,6.7999],[-2.8445,6.7973],[-2.8397,6.7933],[-2.8386,6.7897],[-2.8395,6.7861],[-2.8425,6.7829],[-2.8438,6.7791],[-2.8452,6.7761],[-2.8481,6.7751],[-2.8492,6.7721],[-2.8478,6.7687],[-2.8452,6.7655],[-2.8419,6.7603],[-2.8407,6.7569],[-2.8408,6.7521],[-2.8427,6.7497],[-2.8453,6.7471],[-2.846,6.7423],[-2.85,6.7383],[-2.8537,6.7361],[-2.8563,6.7345],[-2.8584,6.7315],[-2.8589,6.7269],[-2.8613,6.7233],[-2.8647,6.7195],[-2.8658,6.7165],[-2.8629,6.7129],[-2.8595,6.7111],[-2.861,6.7085],[-2.862,6.7057],[-2.8597,6.7015],[-2.8585,6.6983],[-2.8615,6.6971],[-2.8618,6.6943],[-2.8601,6.6919],[-2.8579,6.6877],[-2.8554,6.6833],[-2.8524,6.6807],[-2.8495,6.6767],[-2.8487,6.6709],[-2.8507,6.6669],[-2.8537,6.6639],[-2.8572,6.6609],[-2.8604,6.6601],[-2.8643,6.6601],[-2.8686,6.6589],[-2.8713,6.6579],[-2.8743,6.6561],[-2.8709,6.6521],[-2.8672,6.6489],[-2.8689,6.6461],[-2.8704,6.6425],[-2.869,6.6387],[-2.8648,6.6391],[-2.8607,6.6417],[-2.8557,6.6423],[-2.8514,6.6425],[-2.8477,6.6397],[-2.8438,6.6373],[-2.8402,6.6369],[-2.838,6.6351],[-2.8338,6.6343],[-2.8303,6.6303],[-2.8303,6.6269],[-2.8255,6.6259],[-2.8225,6.6229],[-2.8187,6.6201],[-2.8156,6.6169],[-2.8123,6.6169],[-2.8083,6.6159],[-2.8052,6.6169],[-2.8028,6.6147],[-2.8008,6.6111],[-2.8005,6.6081],[-2.7976,6.6049],[-2.7943,6.6023],[-2.7902,6.6017],[-2.7877,6.5979],[-2.7855,6.5953],[-2.7835,6.5913],[-2.7827,6.5867],[-2.7813,6.5837],[-2.7808,6.5783],[-2.7779,6.5759],[-2.774,6.5779],[-2.771,6.5791],[-2.7675,6.5823],[-2.7639,6.5841],[-2.7595,6.5849],[-2.755,6.5839],[-2.7504,6.5825],[-2.7475,6.5809],[-2.7423,6.5831],[-2.7383,6.5847],[-2.732,6.5871],[-2.7273,6.5889],[-2.7179,6.5877],[-2.7129,6.5869],[-2.706,6.5859],[-2.7019,6.5853],[-2.6996,6.5833],[-2.6964,6.5797],[-2.6941,6.5775],[-2.6864,6.5745],[-2.6811,6.5721],[-2.6805,6.5671],[-2.6781,6.5451],[-2.6765,6.5301],[-2.6759,6.5249],[-2.675,6.5201],[-2.674,6.5159],[-2.6729,6.5095],[-2.6687,6.5115],[-2.6668,6.5181],[-2.6644,6.5211],[-2.6634,6.5251],[-2.6563,6.5295],[-2.6494,6.5257],[-2.6458,6.5301],[-2.6384,6.5287],[-2.6352,6.5289],[-2.6196,6.5253],[-2.6166,6.5231],[-2.6061,6.5197],[-2.5989,6.5125],[-2.5967,6.5065],[-2.5924,6.5047],[-2.5885,6.4943],[-2.5838,6.4895],[-2.5776,6.4875],[-2.5741,6.4855],[-2.5695,6.4831],[-2.5629,6.4811],[-2.56,6.4785],[-2.5567,6.4759],[-2.5504,6.4693],[-2.5468,6.4669],[-2.543,6.4637],[-2.5392,6.4635],[-2.533,6.4599],[-2.5274,6.4621],[-2.5265,6.4589],[-2.527,6.4547],[-2.5319,6.4517],[-2.5365,6.4493],[-2.5405,6.4475],[-2.5446,6.4419],[-2.5469,6.4397],[-2.5501,6.4381],[-2.5524,6.4323],[-2.5548,6.4305],[-2.559,6.4285],[-2.5572,6.4213],[-2.5541,6.4205],[-2.5512,6.4163],[-2.5499,6.4121],[-2.5474,6.4091],[-2.5474,6.4045],[-2.5469,6.4005],[-2.5324,6.4063],[-2.5247,6.4093],[-2.5152,6.4131],[-2.5119,6.4141],[-2.5077,6.4149],[-2.5029,6.4145],[-2.4987,6.4111],[-2.495,6.4101],[-2.4901,6.4087],[-2.4869,6.4087],[-2.4829,6.4053],[-2.4782,6.4033],[-2.4745,6.3989],[-2.4713,6.3945],[-2.469,6.3917],[-2.4696,6.3875],[-2.4694,6.3835],[-2.4679,6.3803],[-2.4635,6.3783],[-2.4602,6.3787],[-2.4569,6.3765],[-2.4541,6.3755],[-2.4515,6.3737],[-2.4489,6.3717],[-2.4463,6.3685],[-2.4437,6.3655],[-2.4412,6.3637],[-2.4379,6.3591],[-2.435,6.3557],[-2.4304,6.3543]]]},"properties":{"adm1_pcode":"GH01","adm1_name":"Ahafo","center_lat":6.87390137,"center_lon":-2.61848477}},
{"type":"Feature","geometry":{"type":"Polygon","coordinates":[[[-2.4304,6.3543],[-2.4281,6.3505],[-2.4246,6.3489],[-2.4211,6.3479],[-2.4171,6.3485],[-2.4127,6.3489],[-2.4101,6.3501],[-2.4004,6.3515],[-2.3976,6.3509],[-2.3996,6.3415],[-2.3955,6.3385],[-2.3899,6.3349],[-2.3902,6.3387],[-2.3904,6.3419],[-2.3895,6.3465],[-2.3849,6.3499],[-2.3813,6.3477],[-2.3783,6.3507],[-2.377,6.3547],[-2.376,6.3577],[-2.373,6.3613],[-2.3709,6.3637],[-2.3691,6.3665],[-2.3675,6.3705],[-2.3667,6.3737],[-2.3643,6.3775],[-2.363,6.3807],[-2.3618,6.3841],[-2.3589,6.3865],[-2.3567,6.3885],[-2.3546,6.3917],[-2.352,6.3943],[-2.3496,6.4007],[-2.348,6.4099],[-2.3474,6.4137],[-2.3466,6.4185],[-2.3459,6.4239],[-2.3451,6.4285],[-2.344,6.4335],[-2.3485,6.4365],[-2.3503,6.4421],[-2.3516,6.4465],[-2.3546,6.4487],[-2.3516,6.4523],[-2.3494,6.4549],[-2.3512,6.4645],[-2.3536,6.4677],[-2.3567,6.4697],[-2.3588,6.4727],[-2.3597,6.4765],[-2.3579,6.4793],[-2.3546,6.4821],[-2.3512,6.4839],[-2.3476,6.4829],[-2.3438,6.4827],[-2.3413,6.4853],[-2.3395,6.4883],[-2.338,6.4923],[-2.3353,6.4911],[-2.3265,6.4905],[-2.3219,6.4907],[-2.3167,6.4897],[-2.3135,6.4887],[-2.3101,6.4899],[-2.3064,6.4843],[-2.3026,6.4841],[-2.2993,6.4871],[-2.2949,6.4905],[-2.2887,6.4911],[-2.2859,6.4901],[-2.2831,6.4887],[-2.2797,6.4875],[-2.2753,6.4883],[-2.2715,6.4895],[-2.2681,6.4899],[-2.2639,6.4907],[-2.2605,6.4905],[-2.2575,6.4883],[-2.2546,6.4849],[-2.2515,6.4823],[-2.2494,6.4797],[-2.2481,6.4767],[-2.2441,6.4749],[-2.2407,6.4723],[-2.2392,6.4689],[-2.2383,6.4649],[-2.2354,6.4607],[-2.2335,6.4545],[-2.2311,6.4505],[-2.23,6.4461],[-2.2311,6.4425],[-2.2318,6.4393],[-2.2295,6.4355],[-2.2292,6.4323],[-2.2305,6.4285],[-2.2309,6.4223],[-2.2297,6.4191],[-2.2269,6.4183],[-2.2255,6.4153],[-2.227,6.4109],[-2.2271,6.4077],[-2.226,6.4051],[-2.224,6.4027],[-2.2237,6.3987],[-2.2223,6.3951],[-2.2219,6.3909],[-2.222,6.3871],[-2.221,6.3819],[-2.2185,6.3781],[-2.2172,6.3751],[-2.2167,6.3715],[-2.2161,6.3679],[-2.2157,6.3633],[-2.2161,6.3595],[-2.216,6.3555],[-2.218,6.3515],[-2.217,6.3471],[-2.2183,6.3427],[-2.2216,6.3399],[-2.2235,6.3349],[-2.2253,6.3309],[-2.2242,6.3269],[-2.2243,6.3266],[-2.2266,6.3249],[-2.227,6.3219],[-2.2243,6.3233],[-2.2241,6.3265],[-2.2239,6.3269],[-2.2209,6.3287],[-2.2175,6.3315],[-2.2146,6.3341],[-2.212,6.3361],[-2.2109,6.3397],[-2.2073,6.3421],[-2.2046,6.3461],[-2.2024,6.3501],[-2.1999,6.3539],[-2.1953,6.3559],[-2.1925,6.3571],[-2.1891,6.3579],[-2.1856,6.3591],[-2.1829,6.3605],[-2.1798,6.3621],[-2.1767,6.3631],[-2.1731,6.3647],[-2.1686,6.3619],[-2.1634,6.3595],[-2.1605,6.3573],[-2.1565,6.3561],[-2.1526,6.3541],[-2.1516,6.3507],[-2.1485,6.3485],[-2.1441,6.3481],[-2.1397,6.3485],[-2.1359,6.3475],[-2.133,6.3445],[-2.1298,6.3427],[-2.1271,6.3391],[-2.1248,6.3365],[-2.1244,6.3333],[-2.1225,6.3293],[-2.1242,6.3255],[-2.1258,6.3215],[-2.1274,6.3187],[-2.1255,6.3151],[-2.1241,6.3107],[-2.1247,6.3065],[-2.1241,6.3019],[-2.1225,6.3043],[-2.1195,6.3075],[-2.1158,6.3087],[-2.1129,6.3071],[-2.1098,6.3089],[-2.1059,6.3095],[-2.102,6.3095],[-2.0985,6.3091],[-2.0943,6.3079],[-2.091,6.3055],[-2.0873,6.3025],[-2.0843,6.2991],[-2.0814,6.2973],[-2.0776,6.2961],[-2.0748,6.2929],[-2.0706,6.2953],[-2.066,6.2943],[-2.0628,6.2921],[-2.0599,6.2915],[-2.0567,6.2905],[-2.0531,6.2891],[-2.0494,6.2875],[-2.0449,6.2853],[-2.0393,6.2865],[-2.0364,6.2877],[-2.0333,6.2875],[-2.03,6.2871],[-2.0266,6.2881],[-2.0226,6.2907],[-2.0179,6.2913],[-2.0115,6.2915],[-2.0097,6.2887],[-2.0111,6.2861],[-2.0108,6.2815],[-2.0128,6.2763],[-2.0136,6.2711],[-2.0142,6.2679],[-2.0181,6.2661],[-2.0204,6.2631],[-2.0219,6.2597],[-2.0223,6.2565],[-2.0224,6.2525],[-2.0226,6.2465],[-2.0227,6.2423],[-2.0213,6.2393],[-2.0204,6.2357],[-2.0212,6.2313],[-2.0216,6.2251],[-2.0247,6.2217],[-2.027,6.2177],[-2.0291,6.2139],[-2.0327,6.2103],[-2.0363,6.2091],[-2.0382,6.2069],[-2.0391,6.2013],[-2.0401,6.1973],[-2.0389,6.1947],[-2.0364,6.1929],[-2.0347,6.1891],[-2.0316,6.1859],[-2.0302,6.1817],[-2.0283,6.1789],[-2.026,6.1763],[-2.0229,6.1731],[-2.0232,6.1693],[-2.023,6.1661],[-2.0237,6.1623],[-2.0237,6.1589],[-2.023,6.1549],[-2.0201,6.1535],[-2.0206,6.1505],[-2.0241,6.1471],[-2.0253,6.1439],[-2.0243,6.1413],[-2.0243,6.1361],[-2.0229,6.1323],[-2.0206,6.1303],[-2.0168,6.1277],[-2.0147,6.1239],[-2.0157,6.1207],[-2.015,6.1175],[-2.0143,6.1147],[-2.012,6.1121],[-2.0069,6.1113],[-2.0074,6.1141],[-2.0061,6.1175],[-2.0012,6.1167],[-1.9974,6.1169],[-1.9934,6.1209],[-1.991,6.1237],[-1.9876,6.1217],[-1.9838,6.1203],[-1.9811,6.1187],[-1.979,6.1161],[-1.9791,6.1127],[-1.984,6.1147],[-1.9872,6.1111],[-1.9881,6.1059],[-1.9876,6.1027],[-1.9864,6.1001],[-1.984,6.0979],[-1.9813,6.0957],[-1.9773,6.0937],[-1.9767,6.0891],[-1.9771,6.0845],[-1.9746,6.0799],[-1.9748,6.0761],[-1.973,6.0729],[-1.9706,6.0705],[-1.9702,6.0675],[-1.9741,6.0665],[-1.9714,6.0613],[-1.9694,6.0573],[-1.9683,6.0537],[-1.9658,6.0523],[-1.9645,6.0561],[-1.9605,6.0573],[-1.9586,6.0537],[-1.9556,6.0509],[-1.952,6.0503],[-1.9529,6.0533],[-1.9522,6.0567],[-1.9493,6.0561],[-1.9486,6.0533],[-1.9472,6.0493],[-1.9425,6.0461],[-1.9394,6.0425],[-1.9345,6.0375],[-1.9317,6.0355],[-1.9273,6.0355],[-1.9257,6.0325],[-1.9264,6.0297],[-1.9247,6.0265],[-1.9218,6.0219],[-1.9204,6.0189],[-1.9191,6.0165],[-1.9163,6.0143],[-1.913,6.0119],[-1.908,6.0131],[-1.9051,6.0143],[-1.9027,6.0119],[-1.8991,6.0139],[-1.8966,6.0155],[-1.8931,6.0157],[-1.8913,6.0191],[-1.8915,6.0239],[-1.889,6.0277],[-1.8855,6.0311],[-1.8821,6.0327],[-1.8792,6.0293],[-1.8755,6.0257],[-1.872,6.0209],[-1.8716,6.0159],[-1.8698,6.0119],[-1.8659,6.0099],[-1.863,6.0117],[-1.8608,6.0155],[-1.8573,6.0137],[-1.8531,6.0141],[-1.8512,6.0167],[-1.8507,6.0207],[-1.8487,6.0239],[-1.848,6.0279],[-1.8436,6.0321],[-1.8397,6.0335],[-1.8373,6.0353],[-1.8342,6.0355],[-1.8294,6.0347],[-1.8231,6.0379],[-1.823,6.0349],[-1.8238,6.0315],[-1.817,6.0291],[-1.814,6.0307],[-1.8109,6.0317],[-1.8078,6.0321],[-1.8048,6.0307],[-1.8025,6.0271],[-1.8037,6.0239],[-1.8069,6.0223],[-1.808,6.0179],[-1.8107,6.0151],[-1.812,6.0109],[-1.8105,6.0063],[-1.8069,6.0019],[-1.8046,5.9979],[-1.8033,5.9941],[-1.7986,5.9983],[-1.7967,5.9945],[-1.7932,5.9905],[-1.7903,5.9873],[-1.7866,5.9853],[-1.7828,5.9847],[-1.7795,5.9843],[-1.7752,5.9807],[-1.776,5.9769],[-1.7768,5.9711],[-1.775,5.9667],[-1.7718,5.9633],[-1.7694,5.9609],[-1.7679,5.9647],[-1.766,5.9689],[-1.7628,5.9685],[-1.7575,5.9649],[-1.7525,5.9635],[-1.7476,5.9621],[-1.7491,5.9679],[-1.7437,5.9667],[-1.74,5.9699],[-1.7367,5.9703],[-1.7334,5.9681],[-1.7303,5.9629],[-1.7274,5.9575],[-1.7239,5.9529],[-1.721,5.9551],[-1.7181,5.9567],[-1.713,5.9569],[-1.7105,5.9533],[-1.7113,5.9481],[-1.7143,5.9455],[-1.7125,5.9431],[-1.7138,5.9397],[-1.7132,5.9367],[-1.7107,5.9347],[-1.7074,5.9303],[-1.7033,5.9295],[-1.6983,5.9335],[-1.6968,5.9375],[-1.695,5.9411],[-1.693,5.9431],[-1.6906,5.9409],[-1.6922,5.9369],[-1.6926,5.9329],[-1.6889,5.9327],[-1.6857,5.9303],[-1.6822,5.9271],[-1.6782,5.9245],[-1.6745,5.9225],[-1.6748,5.9187],[-1.6714,5.9153],[-1.667,5.9173],[-1.664,5.9185],[-1.6628,5.9213],[-1.6609,5.9235],[-1.6544,5.9223],[-1.6516,5.9239],[-1.6469,5.9255],[-1.6452,5.9301],[-1.642,5.9327],[-1.6384,5.9333],[-1.636,5.9311],[-1.6344,5.9285],[-1.631,5.9291],[-1.627,5.9277],[-1.6237,5.9275],[-1.6205,5.9315],[-1.62,5.9273],[-1.6171,5.9287],[-1.6125,5.9281],[-1.6095,5.9257],[-1.6051,5.9277],[-1.6015,5.9289],[-1.5977,5.9279],[-1.5942,5.9245],[-1.5901,5.9275],[-1.591,5.9317],[-1.59,5.9349],[-1.587,5.9321],[-1.5848,5.9303],[-1.5826,5.9269],[-1.5839,5.9217],[-1.5819,5.9183],[-1.5786,5.9213],[-1.5755,5.9237],[-1.5723,5.9249],[-1.5732,5.9283],[-1.574,5.9313],[-1.5707,5.9327],[-1.5677,5.9293],[-1.5676,5.9261],[-1.5642,5.9273],[-1.5591,5.9253],[-1.5548,5.9285],[-1.5499,5.9277],[-1.5457,5.9279],[-1.5437,5.9299],[-1.5406,5.9313],[-1.5437,5.9335],[-1.5467,5.9359],[-1.545,5.9387],[-1.5415,5.9397],[-1.5384,5.9397],[-1.5341,5.9387],[-1.5308,5.9393],[-1.5277,5.9365],[-1.5284,5.9329],[-1.5306,5.9283],[-1.53,5.9233],[-1.5262,5.9221],[-1.5248,5.9263],[-1.5221,5.9291],[-1.5194,5.9257],[-1.5191,5.9215],[-1.5176,5.9173],[-1.515,5.9135],[-1.5111,5.9119],[-1.5086,5.9099],[-1.5045,5.9087],[-1.5022,5.9069],[-1.5005,5.9029],[-1.5033,5.8995],[-1.5038,5.8961],[-1.4988,5.8925],[-1.5009,5.8889],[-1.5038,5.8881],[-1.5068,5.8875],[-1.5082,5.8903],[-1.5111,5.8913],[-1.5142,5.8909],[-1.5167,5.8895],[-1.517,5.8863],[-1.5183,5.8823],[-1.5193,5.8785],[-1.5202,5.8747],[-1.5168,5.8729],[-1.5127,5.8753],[-1.5078,5.8763],[-1.5023,5.8763],[-1.4991,5.8743],[-1.5005,5.8699],[-1.4975,5.8687],[-1.4946,5.8677],[-1.492,5.8639],[-1.4875,5.8631],[-1.4874,5.8675],[-1.4826,5.8665],[-1.4796,5.8641],[-1.4777,5.8611],[-1.4779,5.8575],[-1.4752,5.8561],[-1.4722,5.8579],[-1.4705,5.8607],[-1.4659,5.8623],[-1.462,5.8627],[-1.4613,5.8661],[-1.4613,5.8697],[-1.4607,5.8737],[-1.4611,5.8787],[-1.4594,5.8837],[-1.4594,5.8871],[-1.4625,5.8899],[-1.4647,5.8935],[-1.4657,5.8975],[-1.4665,5.9003],[-1.467,5.9037],[-1.4633,5.9051],[-1.4624,5.9023],[-1.4629,5.8991],[-1.4614,5.8963],[-1.4575,5.8941],[-1.4545,5.8955],[-1.4532,5.9009],[-1.4525,5.9049],[-1.4497,5.9061],[-1.4453,5.9041],[-1.4421,5.9027],[-1.438,5.9015],[-1.4353,5.9039],[-1.4325,5.9059],[-1.4289,5.9089],[-1.4259,5.9065],[-1.4222,5.9039],[-1.4199,5.9079],[-1.4182,5.9123],[-1.4165,5.9145],[-1.4177,5.9187],[-1.4163,5.9221],[-1.4124,5.9219],[-1.4079,5.9217],[-1.4047,5.9219],[-1.4007,5.9189],[-1.3966,5.9175],[-1.3937,5.9195],[-1.3895,5.9193],[-1.3839,5.9175],[-1.3803,5.9165],[-1.3784,5.9189],[-1.3752,5.9219],[-1.3745,5.9261],[-1.3772,5.9301],[-1.3766,5.9339],[-1.3733,5.9331],[-1.3691,5.9331],[-1.3662,5.9333],[-1.3626,5.9335],[-1.3592,5.9337],[-1.3559,5.9339],[-1.352,5.9319],[-1.3485,5.9315],[-1.3478,5.9279],[-1.347,5.9247],[-1.3469,5.9211],[-1.3421,5.9233],[-1.3368,5.9265],[-1.3369,5.9219],[-1.3391,5.9185],[-1.3406,5.9159],[-1.3433,5.9143],[-1.3427,5.9115],[-1.3391,5.9129],[-1.3363,5.9163],[-1.3316,5.9161],[-1.3286,5.9145],[-1.3244,5.9141],[-1.3196,5.9163],[-1.3178,5.9195],[-1.3175,5.9239],[-1.3129,5.9245],[-1.3093,5.9259],[-1.3069,5.9229],[-1.3095,5.9191],[-1.3116,5.9159],[-1.3113,5.9107],[-1.312,5.9077],[-1.31,5.9045],[-1.3075,5.9029],[-1.3045,5.9009],[-1.3053,5.8965],[-1.3068,5.8927],[-1.3073,5.8893],[-1.3012,5.8869],[-1.2963,5.8861],[-1.2927,5.8877],[-1.2896,5.8899],[-1.2879,5.8937],[-1.2856,5.8963],[-1.2827,5.8995],[-1.2787,5.9009],[-1.2759,5.9023],[-1.2727,5.9017],[-1.271,5.8977],[-1.27,5.8947],[-1.2677,5.8925],[-1.2646,5.8909],[-1.2611,5.8937],[-1.26,5.9011],[-1.2593,5.9039],[-1.2625,5.9057],[-1.263,5.9107],[-1.2603,5.9157],[-1.2561,5.9157],[-1.2555,5.9115],[-1.2527,5.9137],[-1.2479,5.9137],[-1.2446,5.9145],[-1.2459,5.9177],[-1.2459,5.9207],[-1.2455,5.9235],[-1.2437,5.9275],[-1.2415,5.9315],[-1.2371,5.9323],[-1.2336,5.9345],[-1.2288,5.9331],[-1.2248,5.9353],[-1.2229,5.9385],[-1.2197,5.9421],[-1.2235,5.9453],[-1.2228,5.9493],[-1.2213,5.9545],[-1.2238,5.9573],[-1.2216,5.9599],[-1.2194,5.9621],[-1.219,5.9657],[-1.2206,5.9693],[-1.2214,5.9737],[-1.2237,5.9777],[-1.226,5.9805],[-1.2305,5.9817],[-1.2334,5.9803],[-1.2365,5.9799],[-1.2394,5.9813],[-1.2391,5.9843],[-1.2432,5.9869],[-1.2462,5.9899],[-1.2442,5.9937],[-1.2415,5.9971],[-1.2429,6.0009],[-1.2419,6.0055],[-1.2416,6.0091],[-1.2401,6.0117],[-1.237,6.0123],[-1.2333,6.0129],[-1.2302,6.0151],[-1.2286,6.0193],[-1.2297,6.0231],[-1.2301,6.0273],[-1.2326,6.0287],[-1.2305,6.0335],[-1.2293,6.0383],[-1.226,6.0411],[-1.2237,6.0431],[-1.2207,6.0445],[-1.2183,6.0461],[-1.2143,6.0497],[-1.2093,6.0525],[-1.208,6.0565],[-1.2115,6.0583],[-1.2101,6.0627],[-1.2119,6.0659],[-1.2141,6.0681],[-1.2105,6.0697],[-1.2069,6.0717],[-1.2074,6.0759],[-1.2046,6.0791],[-1.2006,6.0803],[-1.1983,6.0827],[-1.2007,6.0863],[-1.2033,6.0905],[-1.2011,6.0927],[-1.1974,6.0935],[-1.1943,6.0929],[-1.1897,6.0937],[-1.1874,6.0977],[-1.1879,6.1005],[-1.1908,6.1023],[-1.19,6.1083],[-1.192,6.1113],[-1.1944,6.1135],[-1.1974,6.1125],[-1.2014,6.1109],[-1.2057,6.1123],[-1.2055,6.1157],[-1.2027,6.1177],[-1.2002,6.1191],[-1.1972,6.1217],[-1.1934,6.1225],[-1.1959,6.1249],[-1.1984,6.1263],[-1.1994,6.1299],[-1.2005,6.1329],[-1.1961,6.1349],[-1.1932,6.1367],[-1.1916,6.1411],[-1.1881,6.1445],[-1.1841,6.1441],[-1.1822,6.1481],[-1.1809,6.1523],[-1.1796,6.1563],[-1.1802,6.1591],[-1.183,6.1623],[-1.1849,6.1655],[-1.1855,6.1691],[-1.1823,6.1675],[-1.182,6.1717],[-1.179,6.1739],[-1.1801,6.1803],[-1.1837,6.1833],[-1.1883,6.1841],[-1.1898,6.1869],[-1.1889,6.1901],[-1.189,6.1935],[-1.1916,6.1963],[-1.1933,6.1995],[-1.1886,6.2015],[-1.1848,6.2035],[-1.1819,6.2047],[-1.1797,6.2023],[-1.1767,6.2027],[-1.1721,6.2027],[-1.1677,6.2035],[-1.1635,6.2051],[-1.1609,6.2017],[-1.1561,6.2033],[-1.1534,6.1993],[-1.1498,6.2007],[-1.1462,6.1989],[-1.1425,6.1991],[-1.1395,6.1993],[-1.1363,6.1995],[-1.1317,6.2009],[-1.1283,6.2041],[-1.1255,6.2071],[-1.1211,6.2097],[-1.1216,6.2129],[-1.1219,6.2169],[-1.1217,6.2211],[-1.1218,6.2259],[-1.1233,6.2295],[-1.1243,6.2337],[-1.1223,6.2385],[-1.1242,6.2417],[-1.1245,6.2453],[-1.1231,6.2503],[-1.1234,6.2535],[-1.1213,6.2569],[-1.1208,6.2611],[-1.1183,6.2643],[-1.1182,6.2695],[-1.1224,6.2705],[-1.1259,6.2703],[-1.1281,6.2727],[-1.1294,6.2767],[-1.1308,6.2801],[-1.129,6.2827],[-1.1277,6.2859],[-1.1297,6.2881],[-1.1325,6.2905],[-1.135,6.2925],[-1.138,6.2955],[-1.1355,6.2991],[-1.1303,6.2997],[-1.1295,6.3045],[-1.1305,6.3085],[-1.1314,6.3115],[-1.1314,6.3155],[-1.1278,6.3181],[-1.1248,6.3195],[-1.1209,6.3203],[-1.1173,6.3215],[-1.1128,6.3213],[-1.1137,6.3241],[-1.1166,6.3255],[-1.1195,6.3257],[-1.1191,6.3289],[-1.1183,6.3319],[-1.1147,6.3339],[-1.1126,6.3393],[-1.1119,6.3427],[-1.1124,6.3469],[-1.1134,6.3517],[-1.1114,6.3555],[-1.1079,6.3563],[-1.1051,6.3577],[-1.1051,6.3615],[-1.1021,6.3643],[-1.0983,6.3659],[-1.0952,6.3679],[-1.0929,6.3701],[-1.0891,6.3721],[-1.0869,6.3739],[-1.0825,6.3761],[-1.0789,6.3779],[-1.076,6.3799],[-1.0718,6.3817],[-1.0694,6.3833],[-1.0691,6.3863],[-1.0677,6.3893],[-1.0633,6.3919],[-1.0594,6.3941],[-1.0564,6.3951],[-1.0548,6.3977],[-1.0497,6.3991],[-1.0459,6.3997],[-1.043,6.4005],[-1.0407,6.4025],[-1.0391,6.4047],[-1.0396,6.4083],[-1.0355,6.4115],[-1.0311,6.4087],[-1.0266,6.4087],[-1.023,6.4087],[-1.0201,6.4093],[-1.0199,6.4129],[-1.0172,6.4143],[-1.0136,6.4147],[-1.0108,6.4159],[-1.0128,6.4185],[-1.0157,6.4207],[-1.0154,6.4239],[-1.0145,6.4265],[-1.0165,6.4305],[-1.017,6.4333],[-1.0172,6.4365],[-1.0135,6.4381],[-1.0087,6.4395],[-1.0064,6.4421],[-1.0073,6.4457],[-1.0077,6.4497],[-1.005,6.4517],[-1.0078,6.4561],[-1.0094,6.4603],[-1.0106,6.4631],[-1.011,6.4671],[-1.0088,6.4701],[-1.007,6.4723],[-1.0064,6.4773],[-1.0046,6.4819],[-1.0051,6.4877],[-1.0039,6.4915],[-1.0017,6.4949],[-0.9998,6.4995],[-0.9964,6.5029],[-0.9937,6.5045],[-0.9937,6.5085],[-0.9927,6.5111],[-0.9898,6.5123],[-0.9878,6.5163],[-0.9839,6.5191],[-0.9806,6.5199],[-0.9782,6.5183],[-0.9757,6.5239],[-0.9724,6.5275],[-0.973,6.5315],[-0.9715,6.5351],[-0.9677,6.5375],[-0.965,6.5399],[-0.9649,6.5435],[-0.9638,6.5465],[-0.9621,6.5501],[-0.9605,6.5529],[-0.9585,6.5559],[-0.9555,6.5595],[-0.9505,6.5641],[-0.9472,6.5639],[-0.9442,6.5647],[-0.9419,6.5689],[-0.9381,6.5711],[-0.9344,6.5747],[-0.9329,6.5773],[-0.9333,6.5803],[-0.9314,6.5835],[-0.9281,6.5863],[-0.9244,6.5881],[-0.921,6.5875],[-0.9174,6.5903],[-0.914,6.5941],[-0.9126,6.5989],[-0.9149,6.6013],[-0.913,6.6041],[-0.9118,6.6073],[-0.9106,6.6099],[-0.9121,6.6129],[-0.9132,6.6165],[-0.9167,6.6195],[-0.9184,6.6221],[-0.919,6.6249],[-0.9193,6.6291],[-0.9207,6.6325],[-0.9222,6.6353],[-0.9229,6.6391],[-0.9283,6.6393],[-0.9325,6.6391],[-0.9357,6.6377],[-0.9377,6.6401],[-0.9434,6.6393],[-0.9456,6.6361],[-0.9455,6.6317],[-0.9451,6.6271],[-0.9475,6.6253],[-0.9554,6.6199],[-0.9586,6.6179],[-0.9627,6.6167],[-0.9669,6.6141],[-0.971,6.6123],[-0.9746,6.6133],[-0.9767,6.6155],[-0.9771,6.6207],[-0.9769,6.6255],[-0.9765,6.6287],[-0.9766,6.6321],[-0.9771,6.6375],[-0.9755,6.6419],[-0.9731,6.6441],[-0.9727,6.6477],[-0.9737,6.6507],[-0.9764,6.6537],[-0.9769,6.6581],[-0.9753,6.6623],[-0.9756,6.6661],[-0.976,6.6711],[-0.9746,6.6769],[-0.9738,6.6807],[-0.9718,6.6833],[-0.9667,6.6873],[-0.9635,6.6891],[-0.9605,6.6917],[-0.9592,6.6947],[-0.9574,6.6993],[-0.954,6.7047],[-0.9506,6.7079],[-0.9502,6.7113],[-0.9486,6.7163],[-0.9475,6.7215],[-0.947,6.7249],[-0.9494,6.7279],[-0.95,6.7333],[-0.9518,6.7365],[-0.9542,6.7381],[-0.9574,6.7399],[-0.9628,6.7415],[-0.9672,6.7405],[-0.9708,6.7385],[-0.9735,6.7375],[-0.9767,6.7387],[-0.9795,6.7397],[-0.9827,6.7411],[-0.9849,6.7429],[-0.9837,6.7459],[-0.9821,6.7487],[-0.9792,6.7489],[-0.9762,6.7487],[-0.9731,6.7503],[-0.9701,6.7495],[-0.9668,6.7475],[-0.9634,6.7471],[-0.9601,6.7475],[-0.9586,6.7509],[-0.9553,6.7541],[-0.9511,6.7547],[-0.9483,6.7549],[-0.9453,6.7561],[-0.9426,6.7575],[-0.9389,6.7571],[-0.9349,6.7567],[-0.9312,6.7579],[-0.9296,6.7605],[-0.9257,6.7629],[-0.9227,6.7651],[-0.9184,6.7669],[-0.9153,6.7683],[-0.9151,6.7729],[-0.9148,6.7769],[-0.9123,6.7783],[-0.9097,6.7771],[-0.9063,6.7797],[-0.9048,6.7837],[-0.9025,6.7869],[-0.8986,6.7873],[-0.8955,6.7839],[-0.8922,6.7821],[-0.8882,6.7811],[-0.8849,6.7797],[-0.8808,6.7787],[-0.8773,6.7805],[-0.8729,6.7809],[-0.8701,6.7805],[-0.8662,6.7817],[-0.8626,6.7813],[-0.8574,6.7805],[-0.8529,6.7785],[-0.8479,6.7787],[-0.8435,6.7799],[-0.8411,6.7825],[-0.8395,6.7851],[-0.8373,6.7889],[-0.835,6.7911],[-0.8322,6.7929],[-0.8278,6.7913],[-0.824,6.7905],[-0.8189,6.7899],[-0.8146,6.7909],[-0.8099,6.7903],[-0.8065,6.7899],[-0.8024,6.7895],[-0.7987,6.7895],[-0.7934,6.7901],[-0.7901,6.7923],[-0.7871,6.7953],[-0.787,6.7989],[-0.7847,6.8017],[-0.7828,6.8041],[-0.7817,6.8071],[-0.7797,6.8109],[-0.7781,6.8147],[-0.7747,6.8197],[-0.7716,6.8251],[-0.769,6.8291],[-0.7679,6.8323],[-0.7669,6.8357],[-0.7639,6.8373],[-0.7623,6.8407],[-0.7583,6.8443],[-0.7564,6.8505],[-0.7559,6.8543],[-0.7563,6.8585],[-0.7568,6.8637],[-0.7548,6.8673],[-0.7551,6.8803],[-0.7553,6.8869],[-0.7553,6.8989],[-0.7552,6.9033],[-0.7551,6.9063],[-0.7552,6.9113],[-0.7569,6.9151],[-0.7566,6.9203],[-0.7572,6.9253],[-0.7559,6.9303],[-0.7531,6.9381],[-0.7458,6.9443],[-0.742,6.9489],[-0.7385,6.9487],[-0.734,6.9485],[-0.7228,6.9525],[-0.7182,6.9491],[-0.7146,6.9467],[-0.7109,6.9459],[-0.7077,6.9469],[-0.7026,6.9449],[-0.6994,6.9429],[-0.6934,6.9395],[-0.6536,6.9313],[-0.6557,6.9345],[-0.6568,6.9377],[-0.6582,6.9407],[-0.6583,6.9443],[-0.6574,6.9473],[-0.637,6.9531],[-0.617,6.9519],[-0.6007,6.9483],[-0.5853,6.9509],[-0.5813,6.9545],[-0.5788,6.9585],[-0.5766,6.9607],[-0.5745,6.9627],[-0.5736,6.9655],[-0.5743,6.9739],[-0.5742,6.9787],[-0.5721,6.9885],[-0.5699,6.9923],[-0.5675,6.9957],[-0.5667,6.9985],[-0.5664,7.0015],[-0.5658,7.0053],[-0.5659,7.0085],[-0.565,7.0113],[-0.5649,7.0149],[-0.5653,7.0195],[-0.5685,7.0239],[-0.5713,7.0261],[-0.5738,7.0277],[-0.5767,7.0313],[-0.5786,7.0353],[-0.5803,7.0381],[-0.5844,7.0407],[-0.588,7.0421],[-0.5905,7.0443],[-0.5919,7.0473],[-0.5941,7.0521],[-0.5955,7.0561],[-0.5966,7.0593],[-0.5984,7.0675],[-0.6001,7.0715],[-0.601,7.0747],[-0.6027,7.0773],[-0.6046,7.0815],[-0.6064,7.0857],[-0.6081,7.0885],[-0.6094,7.0917],[-0.6097,7.0959],[-0.6111,7.0995],[-0.6119,7.1037],[-0.6128,7.1075],[-0.6134,7.1107],[-0.6145,7.1151],[-0.617,7.1217],[-0.6187,7.1241],[-0.6192,7.1273],[-0.6195,7.1309],[-0.6202,7.1341],[-0.622,7.1369],[-0.6247,7.1403],[-0.627,7.1435],[-0.6275,7.1477],[-0.6274,7.1513],[-0.6295,7.1551],[-0.6305,7.1583],[-0.633,7.1613],[-0.6339,7.1657],[-0.6359,7.1707],[-0.6355,7.1739],[-0.6324,7.1735],[-0.6286,7.1725],[-0.6258,7.1703],[-0.6233,7.1681],[-0.6184,7.1657],[-0.6161,7.1627],[-0.6139,7.1583],[-0.6109,7.1545],[-0.6051,7.1523],[-0.6007,7.1513],[-0.5965,7.1501],[-0.5902,7.1495],[-0.586,7.1501],[-0.5828,7.1507],[-0.58,7.1489],[-0.5767,7.1467],[-0.5709,7.1431],[-0.5662,7.1401],[-0.56,7.1377],[-0.5544,7.1383],[-0.5494,7.1383],[-0.5464,7.1387],[-0.542,7.1391],[-0.5394,7.1377],[-0.5356,7.1367],[-0.5315,7.1361],[-0.5277,7.1357],[-0.5249,7.1349],[-0.5203,7.1329],[-0.516,7.1315],[-0.5111,7.1299],[-0.5074,7.1271],[-0.5046,7.1265],[-0.5012,7.1273],[-0.4986,7.1259],[-0.4947,7.1253],[-0.4897,7.1261],[-0.4847,7.1261],[-0.4802,7.1267],[-0.4749,7.1259],[-0.4718,7.1269],[-0.4687,7.1267],[-0.4646,7.1265],[-0.4618,7.1283],[-0.4585,7.1277],[-0.452,7.1263],[-0.4484,7.1253],[-0.4458,7.1233],[-0.4412,7.1225],[-0.4357,7.1233],[-0.4315,7.1233],[-0.4273,7.1253],[-0.4239,7.1233],[-0.4212,7.1219],[-0.4192,7.1197],[-0.4155,7.1197],[-0.4119,7.1191],[-0.4085,7.1201],[-0.4046,7.1203],[-0.4005,7.1197],[-0.3961,7.1181],[-0.3904,7.1181],[-0.3864,7.1185],[-0.3834,7.1195],[-0.3801,7.1207],[-0.3758,7.1221],[-0.3706,7.1241],[-0.3675,7.1271],[-0.3629,7.1279],[-0.3595,7.1297],[-0.3553,7.1319],[-0.3507,7.1341],[-0.3471,7.1345],[-0.3425,7.1365],[-0.337,7.1379],[-0.3336,7.1403],[-0.3304,7.1429],[-0.3271,7.1435],[-0.3224,7.1439],[-0.3202,7.1457],[-0.3172,7.1491],[-0.3152,7.1521],[-0.314,7.1551],[-0.3124,7.1589],[-0.308,7.1641],[-0.3041,7.1667],[-0.301,7.1715],[-0.3026,7.1739],[-0.3054,7.1753],[-0.305,7.1785],[-0.3008,7.1795],[-0.2953,7.1813],[-0.2911,7.1827],[-0.2882,7.1843],[-0.2862,7.1869],[-0.2864,7.1901],[-0.2884,7.1931],[-0.286,7.1947],[-0.2828,7.1935],[-0.2797,7.1911],[-0.2758,7.1927],[-0.2713,7.1931],[-0.2661,7.1929],[-0.2631,7.1905],[-0.2592,7.1909],[-0.2566,7.1947],[-0.2533,7.1925],[-0.2504,7.1925],[-0.2489,7.1959],[-0.2445,7.1997],[-0.2393,7.2033],[-0.2412,7.2089],[-0.2431,7.2115],[-0.2432,7.2155],[-0.243,7.2185],[-0.2434,7.2223],[-0.2475,7.2229],[-0.2527,7.2251],[-0.2559,7.2293],[-0.2547,7.2321],[-0.2568,7.2359],[-0.2576,7.2399],[-0.2577,7.2433],[-0.2589,7.2467],[-0.2602,7.2501],[-0.2598,7.2557],[-0.2616,7.2597],[-0.262,7.2655],[-0.2649,7.2673],[-0.2687,7.2675],[-0.2729,7.2691],[-0.2757,7.2743],[-0.2792,7.2767],[-0.2827,7.2777],[-0.2857,7.2801],[-0.2889,7.2829],[-0.2923,7.2835],[-0.2957,7.2831],[-0.2988,7.2819],[-0.3015,7.2789],[-0.3062,7.2787],[-0.3094,7.2821],[-0.3099,7.2849],[-0.3142,7.2849],[-0.3199,7.2839],[-0.324,7.2819],[-0.3261,7.2851],[-0.3296,7.2863],[-0.3307,7.2895],[-0.3343,7.2913],[-0.337,7.2933],[-0.3402,7.2937],[-0.3442,7.2929],[-0.3478,7.2939],[-0.351,7.2963],[-0.3543,7.2995],[-0.3564,7.3025],[-0.3556,7.3073],[-0.3594,7.3099],[-0.3631,7.3117],[-0.3667,7.3115],[-0.3698,7.3113],[-0.3728,7.3117],[-0.3763,7.3095],[-0.3802,7.3111],[-0.3832,7.3141],[-0.3849,7.3117],[-0.388,7.3123],[-0.3933,7.3113],[-0.3973,7.3123],[-0.4016,7.3141],[-0.4054,7.3163],[-0.4079,7.3179],[-0.4127,7.3193],[-0.417,7.3203],[-0.4221,7.3213],[-0.4275,7.3251],[-0.4316,7.3235],[-0.4345,7.3255],[-0.4391,7.3267],[-0.4414,7.3301],[-0.4445,7.3303],[-0.447,7.3321],[-0.4507,7.3323],[-0.4554,7.3329],[-0.4592,7.3317],[-0.4623,7.3323],[-0.465,7.3339],[-0.4686,7.3351],[-0.4721,7.3377],[-0.4752,7.3363],[-0.4789,7.3369],[-0.4831,7.3375],[-0.488,7.3395],[-0.4921,7.3427],[-0.4948,7.3411],[-0.4975,7.3399],[-0.4989,7.3423],[-0.5017,7.3429],[-0.5042,7.3411],[-0.5081,7.3427],[-0.5127,7.3435],[-0.5179,7.3453],[-0.5226,7.3457],[-0.5269,7.3473],[-0.5308,7.3481],[-0.5348,7.3483],[-0.5385,7.3521],[-0.5409,7.3545],[-0.544,7.3537],[-0.5472,7.3547],[-0.552,7.3545],[-0.5559,7.3519],[-0.5613,7.3523],[-0.5656,7.3519],[-0.5699,7.3527],[-0.5736,7.3533],[-0.5777,7.3519],[-0.5823,7.3507],[-0.586,7.3501],[-0.5894,7.3501],[-0.5938,7.3477],[-0.5996,7.3503],[-0.6002,7.3541],[-0.602,7.3571],[-0.6048,7.3595],[-0.6075,7.3613],[-0.6087,7.3643],[-0.6106,7.3681],[-0.6125,7.3723],[-0.6151,7.3755],[-0.6173,7.3789],[-0.6213,7.3827],[-0.625,7.3841],[-0.6279,7.3879],[-0.6306,7.3905],[-0.6327,7.3931],[-0.6345,7.3963],[-0.6366,7.3993],[-0.639,7.4047],[-0.6383,7.4089],[-0.6405,7.4121],[-0.6408,7.4153],[-0.6414,7.4191],[-0.6442,7.4227],[-0.6486,7.4251],[-0.6513,7.4279],[-0.6538,7.4311],[-0.6542,7.4341],[-0.6538,7.4379],[-0.6516,7.4437],[-0.6523,7.4477],[-0.6509,7.4511],[-0.6509,7.4541],[-0.6502,7.4577],[-0.6487,7.4629],[-0.6513,7.4663],[-0.6509,7.4711],[-0.6501,7.4749],[-0.6484,7.4785],[-0.65,7.4823],[-0.6486,7.4873],[-0.6487,7.4931],[-0.6508,7.4965],[-0.6503,7.5009],[-0.6516,7.5037],[-0.6544,7.5043],[-0.6578,7.5069],[-0.661,7.5111],[-0.6635,7.5151],[-0.6667,7.5175],[-0.6688,7.5197],[-0.6708,7.5225],[-0.6745,7.5237],[-0.676,7.5263],[-0.6776,7.5287],[-0.6816,7.5263],[-0.6849,7.5301],[-0.6881,7.5333],[-0.6888,7.5375],[-0.6899,7.5403],[-0.6927,7.5383],[-0.6961,7.5353],[-0.698,7.5311],[-0.7022,7.5295],[-0.7055,7.5295],[-0.7089,7.5273],[-0.7137,7.5255],[-0.7155,7.5233],[-0.7196,7.5207],[-0.7244,7.5221],[-0.7292,7.5227],[-0.7326,7.5223],[-0.738,7.5201],[-0.7442,7.5155],[-0.7454,7.5127],[-0.7486,7.5099],[-0.7542,7.5097],[-0.7575,7.5083],[-0.7624,7.5077],[-0.766,7.5085],[-0.7689,7.5063],[-0.7736,7.5047],[-0.7774,7.5057],[-0.7815,7.5041],[-0.7821,7.5005],[-0.7841,7.4981],[-0.7892,7.4999],[-0.7932,7.5003],[-0.7968,7.4999],[-0.7999,7.5015],[-0.804,7.5037],[-0.8073,7.5041],[-0.8078,7.5087],[-0.8115,7.5079],[-0.8148,7.5067],[-0.816,7.5027],[-0.8196,7.5007],[-0.8213,7.5051],[-0.8223,7.5083],[-0.8252,7.5095],[-0.8285,7.5117],[-0.8322,7.5113],[-0.8353,7.5093],[-0.8393,7.5095],[-0.8431,7.5099],[-0.8449,7.5131],[-0.8446,7.5171],[-0.8491,7.5177],[-0.8529,7.5177],[-0.8562,7.5183],[-0.8598,7.5159],[-0.8631,7.5169],[-0.8662,7.5205],[-0.87,7.5193],[-0.8734,7.5175],[-0.8762,7.5147],[-0.88,7.5147],[-0.8852,7.5145],[-0.8897,7.5161],[-0.8917,7.5129],[-0.8919,7.5095],[-0.893,7.5047],[-0.896,7.5051],[-0.8989,7.5069],[-0.9027,7.5075],[-0.907,7.5055],[-0.9099,7.5053],[-0.9144,7.5059],[-0.9189,7.5047],[-0.9229,7.5039],[-0.9258,7.5045],[-0.9296,7.5063],[-0.9334,7.5077],[-0.9355,7.5129],[-0.9387,7.5157],[-0.9416,7.5169],[-0.9444,7.5179],[-0.947,7.5191],[-0.9511,7.5213],[-0.9547,7.5235],[-0.9583,7.5235],[-0.9616,7.5215],[-0.9656,7.5203],[-0.9694,7.5199],[-0.9726,7.5213],[-0.9754,7.5243],[-0.9767,7.5283],[-0.9797,7.5309],[-0.984,7.5339],[-0.9899,7.5317],[-0.9948,7.5295],[-0.9988,7.5291],[-1.0028,7.5291],[-1.007,7.5303],[-1.0111,7.5325],[-1.0149,7.5345],[-1.0176,7.5327],[-1.0212,7.5337],[-1.0248,7.5335],[-1.0291,7.5317],[-1.0333,7.5283],[-1.037,7.5271],[-1.0411,7.5269],[-1.0432,7.5239],[-1.0448,7.5215],[-1.0443,7.5185],[-1.0465,7.5151],[-1.0501,7.5131],[-1.0526,7.5089],[-1.0567,7.5065],[-1.0609,7.5049],[-1.0646,7.5047],[-1.0674,7.5023],[-1.0678,7.4991],[-1.0672,7.4961],[-1.0691,7.4931],[-1.0705,7.4903],[-1.0727,7.4885],[-1.0757,7.4877],[-1.0792,7.4889],[-1.0836,7.4873],[-1.0853,7.4839],[-1.0896,7.4803],[-1.0918,7.4773],[-1.0949,7.4753],[-1.0971,7.4727],[-1.099,7.4695],[-1.1036,7.4659],[-1.1077,7.4665],[-1.1098,7.4685],[-1.112,7.4719],[-1.1157,7.4729],[-1.1204,7.4733],[-1.1249,7.4763],[-1.1281,7.4739],[-1.132,7.4717],[-1.1352,7.4715],[-1.139,7.4727],[-1.1419,7.4725],[-1.1444,7.4707],[-1.1472,7.4685],[-1.1515,7.4691],[-1.1545,7.4689],[-1.1557,7.4749],[-1.1576,7.4795],[-1.1621,7.4805],[-1.1661,7.4801],[-1.1701,7.4809],[-1.1751,7.4813],[-1.1804,7.4819],[-1.1838,7.4849],[-1.1886,7.4855],[-1.193,7.4885],[-1.1966,7.4919],[-1.1999,7.4939],[-1.2025,7.4951],[-1.2068,7.4931],[-1.2121,7.4943],[-1.2151,7.4941],[-1.2187,7.4941],[-1.222,7.4943],[-1.2259,7.4947],[-1.2291,7.4937],[-1.2322,7.4919],[-1.2354,7.4907],[-1.2386,7.4897],[-1.2425,7.4913],[-1.2456,7.4927],[-1.2478,7.4945],[-1.2503,7.4975],[-1.2522,7.5009],[-1.2566,7.5069],[-1.26,7.5107],[-1.2625,7.5125],[-1.2647,7.5183],[-1.266,7.5209],[-1.2693,7.5231],[-1.2754,7.5263],[-1.2792,7.5291],[-1.2832,7.5325],[-1.2875,7.5343],[-1.2904,7.5359],[-1.2927,7.5393],[-1.2941,7.5433],[-1.2951,7.5473],[-1.2947,7.5507],[-1.294,7.5539],[-1.2942,7.5589],[-1.2962,7.5619],[-1.2979,7.5663],[-1.3003,7.5715],[-1.3042,7.5737],[-1.3073,7.5747],[-1.3111,7.5773],[-1.3133,7.5815],[-1.3131,7.5845],[-1.3128,7.5877],[-1.3137,7.5917],[-1.3133,7.5963],[-1.3131,7.6021],[-1.3146,7.6063],[-1.3166,7.6095],[-1.3144,7.6129],[-1.3109,7.6151],[-1.308,7.6191],[-1.3079,7.6219],[-1.3109,7.6231],[-1.3158,7.6245],[-1.3203,7.6239],[-1.3241,7.6229],[-1.3286,7.6227],[-1.3349,7.6215],[-1.3391,7.6195],[-1.3423,7.6193],[-1.3465,7.6175],[-1.3489,7.6145],[-1.3528,7.6111],[-1.3568,7.6083],[-1.3625,7.6083],[-1.3662,7.6063],[-1.3684,7.6031],[-1.3805,7.6045],[-1.3836,7.6053],[-1.3864,7.6047],[-1.389,7.6025],[-1.3938,7.6009],[-1.3979,7.5995],[-1.4004,7.5967],[-1.4033,7.5947],[-1.4049,7.5905],[-1.4093,7.5865],[-1.413,7.5851],[-1.4166,7.5835],[-1.4203,7.5809],[-1.4254,7.5827],[-1.4251,7.5763],[-1.4292,7.5749],[-1.4336,7.5735],[-1.435,7.5693],[-1.4349,7.5631],[-1.4363,7.5577],[-1.4415,7.5505],[-1.4438,7.5479],[-1.4459,7.5453],[-1.4483,7.5433],[-1.4517,7.5411],[-1.4562,7.5317],[-1.4594,7.5267],[-1.4624,7.5235],[-1.463,7.5179],[-1.4651,7.5135],[-1.4686,7.5061],[-1.4718,7.4985],[-1.4764,7.4931],[-1.4798,7.4915],[-1.4839,7.4889],[-1.4881,7.4867],[-1.4914,7.4839],[-1.4942,7.4811],[-1.4966,7.4785],[-1.4984,7.4765],[-1.5004,7.4743],[-1.5031,7.4711],[-1.5051,7.4689],[-1.5087,7.4643],[-1.5111,7.4603],[-1.5147,7.4559],[-1.5192,7.4487],[-1.5158,7.4457],[-1.5125,7.4419],[-1.511,7.4379],[-1.5107,7.4335],[-1.5099,7.4291],[-1.5102,7.4255],[-1.51,7.4211],[-1.5121,7.4171],[-1.5141,7.4131],[-1.5156,7.4097],[-1.515,7.4051],[-1.5158,7.4021],[-1.5153,7.3993],[-1.5167,7.3961],[-1.5158,7.3923],[-1.5182,7.3903],[-1.5212,7.3923],[-1.5219,7.3965],[-1.5243,7.3981],[-1.5279,7.3991],[-1.5319,7.3985],[-1.536,7.3975],[-1.5404,7.3959],[-1.5438,7.3967],[-1.5467,7.3979],[-1.5505,7.4003],[-1.5545,7.4021],[-1.5588,7.4029],[-1.5634,7.4049],[-1.5693,7.4047],[-1.5738,7.4033],[-1.5769,7.4025],[-1.5788,7.4003],[-1.5803,7.3977],[-1.5836,7.3959],[-1.5859,7.3917],[-1.588,7.3885],[-1.5904,7.3865],[-1.5924,7.3841],[-1.5934,7.3811],[-1.5958,7.3777],[-1.5981,7.3739],[-1.6007,7.3695],[-1.603,7.3659],[-1.6054,7.3631],[-1.6068,7.3599],[-1.6092,7.3579],[-1.6115,7.3561],[-1.6145,7.3537],[-1.6178,7.3513],[-1.6209,7.3471],[-1.6236,7.3435],[-1.6259,7.3389],[-1.6297,7.3387],[-1.6326,7.3387],[-1.6361,7.3387],[-1.6394,7.3369],[-1.6417,7.3337],[-1.6424,7.3303],[-1.6416,7.3265],[-1.6438,7.3223],[-1.6472,7.3203],[-1.6499,7.3189],[-1.6522,7.3167],[-1.6538,7.3141],[-1.6572,7.3199],[-1.6604,7.3197],[-1.6642,7.3203],[-1.6681,7.3205],[-1.6721,7.3201],[-1.6762,7.3203],[-1.679,7.3237],[-1.6827,7.3247],[-1.6865,7.3241],[-1.6911,7.3243],[-1.6961,7.3217],[-1.7004,7.3215],[-1.7036,7.3225],[-1.7068,7.3237],[-1.7101,7.3243],[-1.7126,7.3215],[-1.7155,7.3189],[-1.7188,7.3165],[-1.7231,7.3163],[-1.7264,7.3161],[-1.7303,7.3127],[-1.7331,7.3157],[-1.736,7.3181],[-1.7403,7.3201],[-1.7457,7.3205],[-1.7491,7.3205],[-1.7524,7.3211],[-1.7556,7.3217],[-1.7598,7.3219],[-1.7624,7.3237],[-1.7638,7.3261],[-1.7652,7.3289],[-1.7672,7.3313],[-1.7678,7.3345],[-1.769,7.3385],[-1.7714,7.3433],[-1.774,7.3477],[-1.7777,7.3487],[-1.7805,7.3497],[-1.7839,7.3487],[-1.7878,7.3489],[-1.7921,7.3477],[-1.8072,7.3495],[-1.8084,7.3537],[-1.8101,7.3563],[-1.8131,7.3617],[-1.8187,7.3725],[-1.8259,7.3869],[-1.8286,7.3927],[-1.8399,7.4251],[-1.8373,7.4561],[-1.836,7.4711],[-1.8408,7.4713],[-1.8465,7.4657],[-1.8515,7.4621],[-1.8564,7.4613],[-1.8633,7.4701],[-1.8635,7.4769],[-1.8668,7.4781],[-1.8671,7.4747],[-1.8681,7.4717],[-1.8686,7.4673],[-1.8711,7.4621],[-1.8758,7.4559],[-1.8792,7.4521],[-1.881,7.4481],[-1.8836,7.4449],[-1.8873,7.4423],[-1.8907,7.4401],[-1.893,7.4375],[-1.8954,7.4341],[-1.8973,7.4315],[-1.9032,7.4329],[-1.9069,7.4355],[-1.9097,7.4367],[-1.9126,7.4363],[-1.9159,7.4369],[-1.9181,7.4389],[-1.9193,7.4417],[-1.9232,7.4415],[-1.9271,7.4423],[-1.9311,7.4389],[-1.9332,7.4351],[-1.9372,7.4347],[-1.9412,7.4327],[-1.9434,7.4307],[-1.9456,7.4273],[-1.9475,7.4235],[-1.9499,7.4205],[-1.9529,7.4177],[-1.9568,7.4153],[-1.9601,7.4137],[-1.9626,7.4119],[-1.9648,7.4093],[-1.9665,7.4129],[-1.9699,7.4121],[-1.9724,7.4107],[-1.9764,7.4115],[-1.9796,7.4127],[-1.9822,7.4141],[-1.9849,7.4163],[-1.9897,7.4177],[-1.995,7.4181],[-1.9974,7.4197],[-2.0017,7.4211],[-2.0057,7.4215],[-2.0106,7.4221],[-2.0146,7.4225],[-2.0174,7.4213],[-2.0187,7.4249],[-2.0193,7.4289],[-2.0219,7.4315],[-2.0232,7.4347],[-2.0245,7.4389],[-2.0295,7.4459],[-2.0322,7.4485],[-2.0346,7.4521],[-2.036,7.4557],[-2.0401,7.4575],[-2.043,7.4575],[-2.0469,7.4573],[-2.052,7.4557],[-2.0557,7.4553],[-2.0605,7.4543],[-2.0635,7.4553],[-2.0667,7.4553],[-2.0695,7.4557],[-2.0743,7.4559],[-2.0783,7.4567],[-2.0836,7.4573],[-2.0879,7.4585],[-2.0915,7.4589],[-2.0967,7.4609],[-2.1014,7.4625],[-2.1052,7.4639],[-2.1085,7.4647],[-2.1119,7.4625],[-2.114,7.4599],[-2.1135,7.4569],[-2.1131,7.4531],[-2.1136,7.4487],[-2.1141,7.4437],[-2.1164,7.4415],[-2.1195,7.4401],[-2.1205,7.4367],[-2.1225,7.4335],[-2.127,7.4317],[-2.1273,7.4285],[-2.1263,7.4243],[-2.1279,7.4189],[-2.1314,7.4159],[-2.1352,7.4125],[-2.1383,7.4115],[-2.1405,7.4089],[-2.14,7.4055],[-2.1393,7.4023],[-2.137,7.3983],[-2.1365,7.3945],[-2.1338,7.3935],[-2.1267,7.3849],[-2.1209,7.3779],[-2.1184,7.3747],[-2.1159,7.3715],[-2.1135,7.3687],[-2.1094,7.3637],[-2.1028,7.3555],[-2.096,7.3475],[-2.0908,7.3409],[-2.085,7.3339],[-2.0792,7.3267],[-2.0757,7.3229],[-2.0713,7.3207],[-2.0662,7.3193],[-2.0606,7.3173],[-2.0581,7.3141],[-2.0568,7.3111],[-2.0544,7.3081],[-2.0505,7.3063],[-2.0476,7.3059],[-2.0439,7.3065],[-2.0403,7.3065],[-2.0367,7.3081],[-2.034,7.3099],[-2.0308,7.3103],[-2.0272,7.3115],[-2.0208,7.3137],[-2.016,7.3161],[-2.0128,7.3163],[-2.0092,7.3179],[-2.0044,7.3179],[-1.9991,7.3155],[-1.9958,7.3133],[-1.9872,7.2983],[-1.9829,7.2981],[-1.9789,7.2975],[-1.9742,7.2977],[-1.9697,7.2967],[-1.9647,7.2943],[-1.9619,7.2885],[-1.9607,7.2847],[-1.959,7.2813],[-1.9564,7.2721],[-1.9545,7.2655],[-1.9499,7.2615],[-1.9453,7.2645],[-1.9403,7.2647],[-1.9358,7.2651],[-1.9317,7.2643],[-1.9262,7.2639],[-1.9227,7.2617],[-1.9184,7.2577],[-1.9155,7.2541],[-1.9121,7.2535],[-1.9081,7.2557],[-1.9031,7.2581],[-1.8995,7.2607],[-1.8965,7.2627],[-1.8932,7.2639],[-1.8886,7.2651],[-1.8854,7.2655],[-1.8812,7.2665],[-1.878,7.2683],[-1.874,7.2709],[-1.8706,7.2725],[-1.8681,7.2761],[-1.8637,7.2781],[-1.8592,7.2781],[-1.855,7.2771],[-1.8492,7.2763],[-1.8449,7.2743],[-1.8413,7.2697],[-1.8391,7.2673],[-1.8371,7.2649],[-1.8363,7.2619],[-1.835,7.2593],[-1.8318,7.2589],[-1.8283,7.2581],[-1.827,7.2539],[-1.8294,7.2503],[-1.8315,7.2477],[-1.8344,7.2437],[-1.8385,7.2397],[-1.8424,7.2369],[-1.8462,7.2349],[-1.8499,7.2325],[-1.8532,7.2285],[-1.8557,7.2253],[-1.8561,7.2219],[-1.8583,7.2201],[-1.8615,7.2177],[-1.8642,7.2141],[-1.8689,7.2033],[-1.9157,7.1837],[-1.9329,7.1767],[-1.9329,7.1695],[-1.9327,7.1495],[-1.9326,7.1413],[-1.9325,7.1301],[-1.9358,7.1229],[-1.9432,7.1073],[-1.9499,7.0929],[-1.9539,7.0853],[-1.9572,7.0863],[-1.9612,7.0875],[-1.9644,7.0893],[-1.9679,7.0889],[-1.9706,7.0869],[-1.9746,7.0863],[-1.9782,7.0845],[-1.9818,7.0845],[-1.9846,7.0831],[-1.9876,7.0803],[-1.9908,7.0785],[-1.9939,7.0789],[-1.9977,7.0779],[-2.0017,7.0757],[-2.006,7.0733],[-2.0089,7.0713],[-2.0111,7.0693],[-2.0127,7.0669],[-2.015,7.0647],[-2.0174,7.0627],[-2.0194,7.0605],[-2.0215,7.0575],[-2.0232,7.0527],[-2.0268,7.0495],[-2.0293,7.0479],[-2.0321,7.0457],[-2.0356,7.0437],[-2.039,7.0403],[-2.0423,7.0395],[-2.0459,7.0389],[-2.0493,7.0381],[-2.0522,7.0403],[-2.0555,7.0399],[-2.0589,7.0391],[-2.0624,7.0385],[-2.0661,7.0351],[-2.0708,7.0327],[-2.0754,7.0313],[-2.0778,7.0287],[-2.0815,7.0275],[-2.085,7.0249],[-2.0885,7.0227],[-2.0913,7.0207],[-2.0934,7.0175],[-2.0958,7.0137],[-2.0971,7.0093],[-2.1001,7.0069],[-2.1036,7.0057],[-2.1072,7.0051],[-2.1118,7.0043],[-2.1158,7.0031],[-2.1197,7.0029],[-2.1228,7.0049],[-2.1234,7.0085],[-2.1249,7.0111],[-2.1279,7.0147],[-2.1316,7.0183],[-2.1333,7.0213],[-2.1373,7.0223],[-2.1359,7.0273],[-2.1352,7.0301],[-2.1386,7.0339],[-2.1393,7.0381],[-2.14,7.0409],[-2.1435,7.0399],[-2.1487,7.0395],[-2.1531,7.0381],[-2.1585,7.0355],[-2.1619,7.0341],[-2.1649,7.0329],[-2.1671,7.0305],[-2.1711,7.0267],[-2.1731,7.0233],[-2.1746,7.0207],[-2.1776,7.0181],[-2.1815,7.0169],[-2.1845,7.0183],[-2.1857,7.0215],[-2.1855,7.0251],[-2.1819,7.0297],[-2.1803,7.0335],[-2.1844,7.0357],[-2.1884,7.0335],[-2.192,7.0301],[-2.1969,7.0281],[-2.2011,7.0269],[-2.2042,7.0261],[-2.2086,7.0237],[-2.213,7.0203],[-2.2146,7.0167],[-2.2157,7.0131],[-2.2192,7.0099],[-2.223,7.0087],[-2.2271,7.0075],[-2.2301,7.0063],[-2.2334,7.0035],[-2.2358,7.0015],[-2.2382,6.9995],[-2.2406,6.9973],[-2.2427,6.9947],[-2.2456,6.9923],[-2.2475,6.9897],[-2.2469,6.9865],[-2.2482,6.9825],[-2.2514,6.9783],[-2.2546,6.9759],[-2.2592,6.9729],[-2.2625,6.9693],[-2.2649,6.9657],[-2.2683,6.9639],[-2.2714,6.9615],[-2.2744,6.9595],[-2.2766,6.9571],[-2.2786,6.9547],[-2.2813,6.9529],[-2.2839,6.9513],[-2.2865,6.9487],[-2.2903,6.9453],[-2.2935,6.9429],[-2.297,6.9415],[-2.3017,6.9409],[-2.3051,6.9413],[-2.3098,6.9415],[-2.3148,6.9387],[-2.3185,6.9357],[-2.3222,6.9335],[-2.3257,6.9315],[-2.3279,6.9293],[-2.3311,6.9289],[-2.3325,6.9255],[-2.3332,6.9217],[-2.3357,6.9203],[-2.3373,6.9171],[-2.3368,6.9125],[-2.3411,6.9087],[-2.3452,6.9091],[-2.3481,6.9075],[-2.3484,6.9025],[-2.3512,6.8997],[-2.3553,6.8963],[-2.3609,6.8947],[-2.3632,6.8929],[-2.3664,6.8901],[-2.3703,6.8879],[-2.3748,6.8869],[-2.3767,6.8833],[-2.3762,6.8785],[-2.3792,6.8779],[-2.3825,6.8767],[-2.3839,6.8729],[-2.386,6.8703],[-2.3875,6.8677],[-2.3863,6.8643],[-2.3865,6.8591],[-2.3881,6.8559],[-2.3919,6.8573],[-2.3955,6.8577],[-2.3971,6.8545],[-2.3988,6.8511],[-2.3995,6.8469],[-2.399,6.8415],[-2.4016,6.8405],[-2.4066,6.8413],[-2.4084,6.8373],[-2.4113,6.8365],[-2.4149,6.8327],[-2.4151,6.8295],[-2.4152,6.8253],[-2.4107,6.8231],[-2.4067,6.8207],[-2.4036,6.8203],[-2.4004,6.8197],[-2.3973,6.8211],[-2.3944,6.8229],[-2.3889,6.8273],[-2.3844,6.8307],[-2.3808,6.8337],[-2.3784,6.8367],[-2.3754,6.8383],[-2.3696,6.8385],[-2.3664,6.8405],[-2.3644,6.8433],[-2.3614,6.8435],[-2.357,6.8441],[-2.353,6.8405],[-2.3491,6.8415],[-2.3469,6.8437],[-2.344,6.8397],[-2.3409,6.8365],[-2.3391,6.8337],[-2.3349,6.8303],[-2.3354,6.8271],[-2.3362,6.8237],[-2.338,6.8207],[-2.3417,6.8183],[-2.3446,6.8159],[-2.3422,6.8137],[-2.3396,6.8091],[-2.3373,6.8067],[-2.3327,6.8033],[-2.3278,6.8025],[-2.3197,6.8013],[-2.3171,6.8031],[-2.3144,6.8051],[-2.3107,6.8077],[-2.3078,6.8099],[-2.3053,6.8117],[-2.3011,6.8027],[-2.2989,6.7995],[-2.2961,6.7977],[-2.2926,6.7965],[-2.2905,6.7985],[-2.2862,6.7997],[-2.2822,6.7991],[-2.2776,6.7995],[-2.2745,6.7987],[-2.2712,6.7981],[-2.2668,6.7987],[-2.2625,6.7959],[-2.2589,6.7925],[-2.2595,6.7881],[-2.2608,6.7847],[-2.2621,6.7819],[-2.2641,6.7787],[-2.267,6.7771],[-2.2683,6.7733],[-2.2692,6.7699],[-2.2683,6.7649],[-2.2705,6.7615],[-2.2727,6.7583],[-2.2743,6.7503],[-2.2755,6.7449],[-2.2757,6.7417],[-2.2765,6.7383],[-2.2769,6.7347],[-2.2777,6.7313],[-2.2793,6.7277],[-2.283,6.7227],[-2.2841,6.7199],[-2.2873,6.7161],[-2.2882,6.7109],[-2.2867,6.7067],[-2.2903,6.7049],[-2.2938,6.7035],[-2.2965,6.7013],[-2.2988,6.6989],[-2.3011,6.6963],[-2.3009,6.6925],[-2.3032,6.6895],[-2.3075,6.6885],[-2.3114,6.6907],[-2.3148,6.6917],[-2.3187,6.6929],[-2.3221,6.6921],[-2.3266,6.6943],[-2.3308,6.6965],[-2.3338,6.6961],[-2.3379,6.6973],[-2.3431,6.6975],[-2.3473,6.6985],[-2.3513,6.6969],[-2.3532,6.6937],[-2.3568,6.6925],[-2.359,6.6887],[-2.3632,6.6879],[-2.3658,6.6843],[-2.3658,6.6795],[-2.368,6.6761],[-2.3712,6.6747],[-2.3732,6.6717],[-2.3767,6.6727],[-2.3812,6.6725],[-2.3861,6.6705],[-2.3886,6.6669],[-2.3919,6.6667],[-2.3948,6.6665],[-2.398,6.6653],[-2.4016,6.6653],[-2.4042,6.6631],[-2.4076,6.6621],[-2.4121,6.6599],[-2.4151,6.6597],[-2.4172,6.6575],[-2.415,6.6541],[-2.412,6.6515],[-2.4085,6.6517],[-2.4068,6.6491],[-2.4038,6.6489],[-2.4003,6.6505],[-2.3965,6.6477],[-2.3958,6.6427],[-2.3985,6.6391],[-2.4016,6.6363],[-2.402,6.6327],[-2.4008,6.6297],[-2.3987,6.6263],[-2.3953,6.6257],[-2.3928,6.6231],[-2.3942,6.6179],[-2.3932,6.6137],[-2.3904,6.6099],[-2.387,6.6107],[-2.3841,6.6103],[-2.385,6.6075],[-2.3836,6.6031],[-2.3831,6.5979],[-2.3789,6.5985],[-2.3737,6.5963],[-2.3713,6.5929],[-2.3727,6.5895],[-2.3763,6.5877],[-2.3798,6.5849],[-2.3805,6.5807],[-2.3803,6.5753],[-2.3807,6.5717],[-2.3834,6.5701],[-2.3855,6.5677],[-2.3853,6.5629],[-2.3849,6.5571],[-2.3828,6.5519],[-2.3797,6.5493],[-2.377,6.5473],[-2.3776,6.5425],[-2.3764,6.5387],[-2.38,6.5381],[-2.3834,6.5335],[-2.3822,6.5299],[-2.3827,6.5271],[-2.3853,6.5245],[-2.3905,6.5231],[-2.3962,6.5213],[-2.3974,6.5179],[-2.3978,6.5149],[-2.3977,6.5111],[-2.3966,6.5077],[-2.3983,6.5041],[-2.4018,6.5069],[-2.4045,6.5045],[-2.4076,6.5043],[-2.4097,6.5003],[-2.4112,6.4971],[-2.4159,6.4953],[-2.4157,6.4901],[-2.4189,6.4893],[-2.4224,6.4911],[-2.424,6.4879],[-2.4256,6.4841],[-2.424,6.4795],[-2.4203,6.4783],[-2.4223,6.4749],[-2.4253,6.4737],[-2.4304,6.4713],[-2.433,6.4663],[-2.4355,6.4615],[-2.4391,6.4589],[-2.442,6.4573],[-2.4432,6.4537],[-2.4431,6.4497],[-2.4441,6.4469],[-2.4442,6.4439],[-2.4402,6.4427],[-2.4392,6.4391],[-2.4419,6.4377],[-2.4453,6.4359],[-2.4475,6.4315],[-2.4443,6.4303],[-2.4406,6.4281],[-2.4391,6.4245],[-2.4389,6.4207],[-2.4356,6.4203],[-2.4334,6.4175],[-2.4296,6.4171],[-2.4281,6.4147],[-2.4269,6.4119],[-2.4248,6.4091],[-2.4224,6.4073],[-2.4214,6.4045],[-2.4248,6.4045],[-2.4256,6.4011],[-2.424,6.3979],[-2.4235,6.3949],[-2.424,6.3911],[-2.4251,6.3873],[-2.4251,6.3831],[-2.4255,6.3767],[-2.4282,6.3731],[-2.429,6.3701],[-2.4273,6.3651],[-2.4287,6.3613],[-2.4287,6.3577],[-2.4304,6.3543]]]},"properties":{"adm1_pcode":"GH02","adm1_name":"Ashanti","center_lat":6.74020386,"center_lon":-1.62836531}},
{"type":"Feature","geometry":{"type":"Polygon","coordinates":[[[-2.1365,7.3945],[-2.137,7.3983],[-2.1393,7.4023],[-2.14,7.4055],[-2.1405,7.4089],[-2.1383,7.4115],[-2.1352,7.4125],[-2.1314,7.4159],[-2.1279,7.4189],[-2.1263,7.4243],[-2.1273,7.4285],[-2.127,7.4317],[-2.1225,7.4335],[-2.1205,7.4367],[-2.1195,7.4401],[-2.1164,7.4415],[-2.1141,7.4437],[-2.1136,7.4487],[-2.1131,7.4531],[-2.1135,7.4569],[-2.114,7.4599],[-2.1119,7.4625],[-2.1085,7.4647],[-2.1107,7.4675],[-2.1118,7.4701],[-2.1128,7.4739],[-2.1134,7.4775],[-2.1141,7.4821],[-2.1142,7.4865],[-2.1137,7.4907],[-2.1137,7.4945],[-2.1109,7.4961],[-2.1137,7.5003],[-2.1178,7.5019],[-2.1193,7.5063],[-2.1206,7.5107],[-2.1219,7.5151],[-2.1263,7.5163],[-2.1316,7.5175],[-2.1353,7.5187],[-2.1374,7.5241],[-2.1367,7.5283],[-2.1339,7.5307],[-2.1314,7.5323],[-2.1285,7.5343],[-2.1255,7.5363],[-2.1227,7.5387],[-2.1192,7.5425],[-2.1157,7.5461],[-2.1122,7.5497],[-2.1093,7.5529],[-2.1094,7.5571],[-2.1109,7.5661],[-2.1118,7.5723],[-2.1077,7.5777],[-2.107,7.5811],[-2.1055,7.5853],[-2.1032,7.5897],[-2.1005,7.5937],[-2.0958,7.5979],[-2.0937,7.6011],[-2.0931,7.6047],[-2.0912,7.6073],[-2.0883,7.6113],[-2.0885,7.6159],[-2.0896,7.6187],[-2.0912,7.6223],[-2.0902,7.6267],[-2.089,7.6319],[-2.087,7.6347],[-2.0846,7.6371],[-2.0819,7.6403],[-2.0781,7.6429],[-2.0766,7.6471],[-2.0729,7.6487],[-2.0708,7.6509],[-2.0692,7.6561],[-2.0673,7.6607],[-2.0637,7.6631],[-2.0601,7.6643],[-2.0559,7.6653],[-2.0517,7.6661],[-2.0497,7.6683],[-2.0483,7.6711],[-2.0479,7.6747],[-2.0489,7.6793],[-2.0511,7.6831],[-2.0561,7.6855],[-2.0579,7.6897],[-2.059,7.6933],[-2.0599,7.6963],[-2.0625,7.7023],[-2.0656,7.7059],[-2.0697,7.7099],[-2.0729,7.7151],[-2.0719,7.7205],[-2.0713,7.7247],[-2.0703,7.7279],[-2.0702,7.7325],[-2.0724,7.7365],[-2.0732,7.7407],[-2.0736,7.7453],[-2.0716,7.7497],[-2.074,7.7535],[-2.0769,7.7561],[-2.0803,7.7583],[-2.081,7.7617],[-2.0814,7.7665],[-2.0782,7.7709],[-2.0772,7.7747],[-2.0759,7.7787],[-2.0731,7.7799],[-2.0703,7.7805],[-2.0666,7.7801],[-2.062,7.7795],[-2.0575,7.7793],[-2.0536,7.7793],[-2.0497,7.7797],[-2.046,7.7785],[-2.0403,7.7783],[-2.0374,7.7787],[-2.0341,7.7795],[-2.0264,7.7795],[-2.0225,7.7807],[-2.0189,7.7827],[-2.013,7.7863],[-2.0039,7.7915],[-1.9978,7.7949],[-1.992,7.7981],[-1.9868,7.8009],[-1.9829,7.8031],[-1.9764,7.8043],[-1.9714,7.8057],[-1.9681,7.8061],[-1.9649,7.8061],[-1.9619,7.8061],[-1.9594,7.8027],[-1.9553,7.8009],[-1.9526,7.7997],[-1.9493,7.7997],[-1.9437,7.7995],[-1.9385,7.8021],[-1.9348,7.8053],[-1.9323,7.8075],[-1.9276,7.8093],[-1.9231,7.8073],[-1.9182,7.8099],[-1.9144,7.8133],[-1.9087,7.8201],[-1.9071,7.8245],[-1.9029,7.8313],[-1.9104,7.8621],[-1.9123,7.8691],[-1.9151,7.8777],[-1.9193,7.8825],[-1.9228,7.8867],[-1.9268,7.8915],[-1.9354,7.9009],[-1.9414,7.9077],[-1.9503,7.9187],[-1.9568,7.9269],[-1.9585,7.9293],[-1.9623,7.9351],[-1.9684,7.9437],[-1.9746,7.9493],[-1.9782,7.9551],[-1.9806,7.9581],[-1.9843,7.9629],[-1.9863,7.9669],[-1.9905,7.9677],[-1.9944,7.9675],[-1.9979,7.9651],[-2.0006,7.9635],[-2.0044,7.9635],[-2.0081,7.9625],[-2.011,7.9609],[-2.0134,7.9589],[-2.0164,7.9569],[-2.0208,7.9557],[-2.0248,7.9565],[-2.0284,7.9571],[-2.0318,7.9571],[-2.0355,7.9591],[-2.038,7.9619],[-2.041,7.9645],[-2.0421,7.9677],[-2.0435,7.9723],[-2.0407,7.9769],[-2.0374,7.9803],[-2.0358,7.9831],[-2.0339,7.9869],[-2.0313,7.9903],[-2.0293,7.9935],[-2.0265,7.9957],[-2.0266,7.9997],[-2.0257,8.0035],[-2.0264,8.0089],[-2.0262,8.0149],[-2.0268,8.0179],[-2.0259,8.0229],[-2.0306,8.0267],[-2.0343,8.0287],[-2.0374,8.0311],[-2.0409,8.0351],[-2.047,8.0415],[-2.0517,8.0461],[-2.0571,8.0531],[-2.0556,8.0565],[-2.055,8.0603],[-2.0559,8.0641],[-2.0572,8.0669],[-2.0586,8.0703],[-2.0604,8.0745],[-2.0611,8.0793],[-2.0624,8.0827],[-2.0636,8.0855],[-2.0655,8.0899],[-2.0675,8.0921],[-2.0699,8.0943],[-2.0736,8.0957],[-2.0768,8.0969],[-2.0801,8.0999],[-2.0824,8.1037],[-2.0833,8.1067],[-2.0855,8.1095],[-2.0876,8.1129],[-2.0893,8.1177],[-2.0923,8.1215],[-2.0958,8.1235],[-2.0978,8.1271],[-2.0998,8.1309],[-2.1015,8.1351],[-2.1041,8.1367],[-2.1086,8.1363],[-2.1139,8.1357],[-2.1173,8.1359],[-2.1193,8.1403],[-2.12,8.1457],[-2.1215,8.1509],[-2.1242,8.1483],[-2.1285,8.1481],[-2.1314,8.1499],[-2.1341,8.1511],[-2.1366,8.1531],[-2.1386,8.1565],[-2.1417,8.1597],[-2.146,8.1629],[-2.1504,8.1665],[-2.1518,8.1695],[-2.1538,8.1715],[-2.1599,8.1727],[-2.1631,8.1763],[-2.1637,8.1793],[-2.1646,8.1835],[-2.1644,8.1881],[-2.1644,8.1925],[-2.1652,8.1957],[-2.1659,8.1987],[-2.1661,8.2017],[-2.1668,8.2047],[-2.1679,8.2075],[-2.1682,8.2115],[-2.1719,8.2147],[-2.1749,8.2173],[-2.1779,8.2189],[-2.1812,8.2197],[-2.1845,8.2199],[-2.189,8.2211],[-2.1926,8.2229],[-2.1957,8.2257],[-2.1992,8.2283],[-2.2021,8.2299],[-2.2051,8.2319],[-2.2074,8.2355],[-2.2108,8.2393],[-2.2121,8.2423],[-2.2094,8.2449],[-2.209,8.2479],[-2.211,8.2523],[-2.2129,8.2563],[-2.2159,8.2591],[-2.2193,8.2613],[-2.2235,8.2615],[-2.2266,8.2621],[-2.2293,8.2641],[-2.2317,8.2691],[-2.2337,8.2733],[-2.2357,8.2769],[-2.2389,8.2805],[-2.2437,8.2809],[-2.2491,8.2775],[-2.2531,8.2775],[-2.2556,8.2793],[-2.2582,8.2813],[-2.2613,8.2839],[-2.2656,8.2867],[-2.2701,8.2897],[-2.273,8.2915],[-2.2768,8.2933],[-2.2824,8.2943],[-2.2856,8.2957],[-2.2882,8.2969],[-2.288,8.3011],[-2.2871,8.3075],[-2.2862,8.3133],[-2.2863,8.3187],[-2.288,8.3219],[-2.2909,8.3227],[-2.2935,8.3245],[-2.2954,8.3275],[-2.2962,8.3307],[-2.296,8.3339],[-2.2964,8.3383],[-2.2971,8.3423],[-2.2985,8.3451],[-2.3001,8.3477],[-2.3024,8.3501],[-2.3044,8.3539],[-2.3041,8.3581],[-2.3019,8.3611],[-2.3009,8.3643],[-2.3018,8.3679],[-2.3014,8.3721],[-2.2996,8.3749],[-2.2989,8.3779],[-2.2978,8.3807],[-2.2993,8.3841],[-2.3035,8.3877],[-2.3069,8.3895],[-2.3086,8.3941],[-2.3092,8.3989],[-2.3109,8.4015],[-2.3133,8.4049],[-2.3158,8.4085],[-2.318,8.4115],[-2.3217,8.4137],[-2.325,8.4173],[-2.3261,8.4225],[-2.3277,8.4265],[-2.3292,8.4303],[-2.3308,8.4355],[-2.3317,8.4409],[-2.3337,8.4467],[-2.3359,8.4509],[-2.3379,8.4545],[-2.3417,8.4559],[-2.3449,8.4577],[-2.3478,8.4581],[-2.3507,8.4603],[-2.354,8.4641],[-2.3557,8.4685],[-2.359,8.4717],[-2.3632,8.4733],[-2.366,8.4761],[-2.367,8.4801],[-2.3675,8.4831],[-2.3696,8.4881],[-2.37,8.4923],[-2.3703,8.4959],[-2.3707,8.4993],[-2.3678,8.5025],[-2.3667,8.5071],[-2.3637,8.5111],[-2.3606,8.5143],[-2.3585,8.5183],[-2.3588,8.5229],[-2.3608,8.5261],[-2.3633,8.5301],[-2.365,8.5341],[-2.3671,8.5393],[-2.3716,8.5401],[-2.3734,8.5433],[-2.3751,8.5457],[-2.3781,8.5493],[-2.3809,8.5521],[-2.3831,8.5539],[-2.3865,8.5553],[-2.3908,8.5565],[-2.3951,8.5579],[-2.3991,8.5579],[-2.4008,8.5615],[-2.4029,8.5645],[-2.4063,8.5659],[-2.4102,8.5681],[-2.4127,8.5715],[-2.4148,8.5753],[-2.4154,8.5787],[-2.4163,8.5823],[-2.4179,8.5855],[-2.4177,8.5885],[-2.4186,8.5921],[-2.419,8.5971],[-2.4172,8.6015],[-2.4171,8.6055],[-2.4165,8.6087],[-2.4178,8.6123],[-2.4204,8.6149],[-2.4235,8.6167],[-2.4274,8.6193],[-2.4307,8.6213],[-2.4328,8.6245],[-2.4373,8.6269],[-2.4403,8.6291],[-2.4431,8.6321],[-2.4452,8.6357],[-2.4468,8.6389],[-2.4493,8.6421],[-2.452,8.6449],[-2.4542,8.6473],[-2.4575,8.6491],[-2.4611,8.6503],[-2.4643,8.6523],[-2.4663,8.6553],[-2.4688,8.6583],[-2.4712,8.6611],[-2.4732,8.6639],[-2.4757,8.6679],[-2.4774,8.6715],[-2.4792,8.6757],[-2.4826,8.6783],[-2.485,8.6805],[-2.4865,8.6831],[-2.4886,8.6869],[-2.4894,8.6907],[-2.4889,8.6937],[-2.4897,8.6975],[-2.4912,8.7011],[-2.4932,8.7053],[-2.4952,8.7091],[-2.4965,8.7123],[-2.4977,8.7151],[-2.4995,8.7187],[-2.5029,8.7215],[-2.5068,8.7253],[-2.5093,8.7273],[-2.512,8.7295],[-2.5175,8.7313],[-2.5212,8.7317],[-2.5266,8.7331],[-2.5316,8.7359],[-2.5337,8.7381],[-2.5359,8.7409],[-2.536,8.7451],[-2.539,8.7493],[-2.5396,8.7537],[-2.5401,8.7575],[-2.5432,8.7611],[-2.5469,8.7615],[-2.5498,8.7625],[-2.5526,8.7637],[-2.5565,8.7657],[-2.5601,8.7677],[-2.5644,8.7697],[-2.5676,8.7713],[-2.5705,8.7729],[-2.5739,8.7755],[-2.5772,8.7785],[-2.5797,8.7813],[-2.5843,8.7859],[-2.587,8.7867],[-2.5905,8.7863],[-2.5895,8.7825],[-2.5872,8.7787],[-2.586,8.7715],[-2.581,8.7413],[-2.5776,8.7205],[-2.5757,8.7089],[-2.5734,8.7007],[-2.5739,8.6909],[-2.5671,8.6597],[-2.5654,8.6419],[-2.5626,8.6289],[-2.5624,8.6219],[-2.562,8.6149],[-2.549,8.5423],[-2.5464,8.5287],[-2.5425,8.5155],[-2.5396,8.5005],[-2.533,8.4809],[-2.5244,8.4407],[-2.5175,8.4017],[-2.5161,8.3919],[-2.5164,8.3831],[-2.5127,8.3695],[-2.5044,8.3341],[-2.5014,8.3075],[-2.5006,8.2891],[-2.5001,8.2719],[-2.5,8.2565],[-2.4977,8.2449],[-2.4966,8.2241],[-2.4959,8.2131],[-2.4948,8.2053],[-2.4967,8.2029],[-2.5028,8.1981],[-2.5089,8.1935],[-2.5179,8.1909],[-2.5208,8.1891],[-2.5273,8.1855],[-2.5448,8.1757],[-2.5541,8.1465],[-2.5593,8.1453],[-2.5617,8.1471],[-2.5642,8.1485],[-2.5696,8.1459],[-2.5729,8.1457],[-2.5767,8.1453],[-2.5796,8.1475],[-2.5825,8.1491],[-2.5865,8.1501],[-2.5906,8.1521],[-2.5946,8.1525],[-2.5976,8.1525],[-2.6032,8.1529],[-2.6087,8.1505],[-2.6108,8.1475],[-2.6122,8.1433],[-2.615,8.1375],[-2.618,8.1345],[-2.6207,8.1315],[-2.6223,8.1279],[-2.625,8.1251],[-2.6274,8.1197],[-2.629,8.1169],[-2.6302,8.1129],[-2.6306,8.1093],[-2.6327,8.1009],[-2.6341,8.0913],[-2.6344,8.0817],[-2.6359,8.0673],[-2.635,8.0627],[-2.6338,8.0585],[-2.6324,8.0543],[-2.6356,8.0541],[-2.6527,8.0423],[-2.662,8.0421],[-2.6921,8.0297],[-2.6956,8.0297],[-2.7127,8.0173],[-2.7376,8.0075],[-2.7516,8.0019],[-2.7571,8.0003],[-2.7713,7.9973],[-2.782,7.9915],[-2.7928,7.9835],[-2.8037,7.9725],[-2.8086,7.9657],[-2.81,7.9595],[-2.8099,7.9485],[-2.8103,7.9385],[-2.8187,7.9187],[-2.8221,7.9125],[-2.8214,7.9067],[-2.8217,7.8949],[-2.824,7.8829],[-2.8252,7.8683],[-2.8317,7.8469],[-2.8293,7.8429],[-2.8283,7.8317],[-2.8268,7.8271],[-2.8258,7.8239],[-2.829,7.8213],[-2.8261,7.8057],[-2.8352,7.7937],[-2.8485,7.7803],[-2.8506,7.7619],[-2.8693,7.7323],[-2.8734,7.7187],[-2.8834,7.6985],[-2.8864,7.6901],[-2.8886,7.6837],[-2.8917,7.6771],[-2.9007,7.6573],[-2.9235,7.6087],[-2.9282,7.5567],[-2.9315,7.5215],[-2.9339,7.4953],[-2.9347,7.4865],[-2.9362,7.4795],[-2.9416,7.4715],[-2.9428,7.4679],[-2.9473,7.4565],[-2.9473,7.4509],[-2.9471,7.4471],[-2.9478,7.4405],[-2.9483,7.4355],[-2.9484,7.4301],[-2.96,7.3753],[-2.9632,7.3609],[-2.9645,7.3553],[-2.9661,7.3485],[-2.968,7.3403],[-2.9693,7.3345],[-2.9782,7.2721],[-2.9597,7.2509],[-2.9555,7.2423],[-2.9533,7.2393],[-2.9594,7.2287],[-2.9827,7.1947],[-3.0001,7.1721],[-3.0238,7.1415],[-3.0245,7.1367],[-3.0271,7.1149],[-3.0276,7.1109],[-3.0291,7.0967],[-3.0321,7.0717],[-3.0478,7.0693],[-3.0584,7.0657],[-3.0749,7.0629],[-3.0829,7.0545],[-3.1068,7.0171],[-3.109,7.0133],[-3.1166,7.0059],[-3.1137,7.0045],[-3.1112,7.0033],[-3.1084,7.0007],[-3.1054,6.9981],[-3.1003,6.9949],[-3.0972,6.9915],[-3.0957,6.9885],[-3.094,6.9843],[-3.0902,6.9793],[-3.0874,6.9775],[-3.0844,6.9767],[-3.0816,6.9759],[-3.079,6.9745],[-3.075,6.9707],[-3.0729,6.9649],[-3.0721,6.9597],[-3.0734,6.9559],[-3.072,6.9523],[-3.0712,6.9489],[-3.0721,6.9461],[-3.0719,6.9433],[-3.0638,6.9397],[-3.0586,6.9389],[-3.0533,6.9387],[-3.0492,6.9385],[-3.0463,6.9385],[-3.0439,6.9369],[-3.0407,6.9345],[-3.0387,6.9319],[-3.0365,6.9299],[-3.0326,6.9275],[-3.0282,6.9271],[-3.0254,6.9283],[-3.0226,6.9295],[-3.0198,6.9305],[-3.0165,6.9317],[-3.0135,6.9355],[-3.0083,6.9385],[-3.0022,6.9403],[-2.9948,6.9413],[-2.9918,6.9439],[-2.9892,6.9461],[-2.9846,6.9463],[-2.9809,6.9445],[-2.9782,6.9427],[-2.9745,6.9403],[-2.969,6.9371],[-2.9656,6.9375],[-2.9622,6.9371],[-2.9594,6.9383],[-2.9561,6.9395],[-2.9521,6.9405],[-2.9491,6.9403],[-2.9459,6.9407],[-2.9421,6.9411],[-2.9376,6.9405],[-2.9348,6.9377],[-2.9321,6.9351],[-2.9303,6.9325],[-2.9266,6.9283],[-2.9208,6.9255],[-2.9193,6.9209],[-2.9173,6.9179],[-2.9127,6.9143],[-2.9099,6.9103],[-2.9056,6.9057],[-2.9041,6.9021],[-2.9012,6.8997],[-2.8972,6.8939],[-2.8966,6.8905],[-2.8951,6.8867],[-2.8931,6.8843],[-2.8903,6.8813],[-2.8861,6.8791],[-2.8852,6.8753],[-2.883,6.8719],[-2.8802,6.8691],[-2.8778,6.8659],[-2.8756,6.8623],[-2.8751,6.8593],[-2.8733,6.8569],[-2.8719,6.8543],[-2.866,6.8515],[-2.8629,6.8525],[-2.8598,6.8549],[-2.8592,6.8589],[-2.86,6.8633],[-2.8588,6.8671],[-2.8559,6.8693],[-2.8547,6.8727],[-2.8524,6.8749],[-2.8518,6.8783],[-2.8516,6.8819],[-2.8499,6.8849],[-2.8502,6.8879],[-2.852,6.8911],[-2.8526,6.8965],[-2.8537,6.9011],[-2.8552,6.9041],[-2.8557,6.9085],[-2.8556,6.9133],[-2.8536,6.9155],[-2.8528,6.9187],[-2.8509,6.9219],[-2.8507,6.9261],[-2.85,6.9301],[-2.8502,6.9349],[-2.8509,6.9383],[-2.8513,6.9415],[-2.85,6.9459],[-2.8479,6.9519],[-2.8443,6.9559],[-2.8396,6.9589],[-2.8355,6.9585],[-2.8319,6.9593],[-2.8312,6.9623],[-2.8285,6.9635],[-2.8245,6.9641],[-2.8207,6.9651],[-2.8184,6.9691],[-2.8154,6.9719],[-2.8125,6.9735],[-2.8109,6.9765],[-2.8088,6.9801],[-2.8062,6.9845],[-2.8036,6.9887],[-2.8009,6.9925],[-2.7983,6.9967],[-2.7961,7.0007],[-2.7948,7.0049],[-2.7924,7.0081],[-2.7901,7.0121],[-2.7854,7.0133],[-2.7821,7.0159],[-2.7797,7.0189],[-2.7764,7.0205],[-2.7729,7.0207],[-2.77,7.0231],[-2.7694,7.0267],[-2.7671,7.0299],[-2.7651,7.0323],[-2.7625,7.0343],[-2.7625,7.0381],[-2.7629,7.0419],[-2.7625,7.0447],[-2.762,7.0479],[-2.7611,7.0507],[-2.7604,7.0545],[-2.761,7.0581],[-2.76,7.0627],[-2.7581,7.0665],[-2.7575,7.0703],[-2.7556,7.0741],[-2.7539,7.0775],[-2.7517,7.0795],[-2.7488,7.0809],[-2.7458,7.0819],[-2.7436,7.0837],[-2.741,7.0859],[-2.7387,7.0883],[-2.7367,7.0905],[-2.7343,7.0923],[-2.7315,7.0957],[-2.7278,7.0979],[-2.7248,7.0971],[-2.7228,7.1003],[-2.719,7.1029],[-2.7148,7.1033],[-2.7105,7.1011],[-2.7054,7.1029],[-2.7003,7.1063],[-2.6975,7.1087],[-2.6945,7.1113],[-2.6917,7.1145],[-2.6906,7.1209],[-2.6923,7.1243],[-2.6914,7.1275],[-2.6905,7.1323],[-2.6874,7.1359],[-2.6841,7.1393],[-2.6808,7.1393],[-2.6775,7.1385],[-2.674,7.1381],[-2.6703,7.1399],[-2.6662,7.1393],[-2.6605,7.1409],[-2.6568,7.1413],[-2.6538,7.1417],[-2.6508,7.1427],[-2.6489,7.1451],[-2.6454,7.1465],[-2.6422,7.1477],[-2.6399,7.1497],[-2.6364,7.1515],[-2.6319,7.1537],[-2.6286,7.1565],[-2.6263,7.1597],[-2.6234,7.1629],[-2.62,7.1641],[-2.6182,7.1667],[-2.6165,7.1707],[-2.6132,7.1761],[-2.6097,7.1785],[-2.6068,7.1805],[-2.6026,7.1805],[-2.5977,7.1807],[-2.5938,7.1809],[-2.5902,7.1807],[-2.5874,7.1799],[-2.5835,7.1797],[-2.5805,7.1815],[-2.5804,7.1853],[-2.5814,7.1903],[-2.5813,7.1963],[-2.5804,7.2007],[-2.5808,7.2043],[-2.5805,7.2089],[-2.5779,7.2125],[-2.5738,7.2147],[-2.5693,7.2167],[-2.5661,7.2201],[-2.5642,7.2233],[-2.5598,7.2257],[-2.5572,7.2295],[-2.5528,7.2305],[-2.5435,7.2307],[-2.5382,7.2307],[-2.5327,7.2307],[-2.5224,7.2307],[-2.5164,7.2307],[-2.5115,7.2273],[-2.5034,7.2269],[-2.499,7.2267],[-2.4951,7.2265],[-2.4923,7.2177],[-2.4937,7.2013],[-2.4939,7.1887],[-2.4942,7.1799],[-2.4946,7.1643],[-2.4947,7.1583],[-2.4946,7.1541],[-2.4939,7.1393],[-2.4937,7.1343],[-2.4906,7.1321],[-2.4875,7.1317],[-2.4837,7.1317],[-2.4784,7.1323],[-2.4748,7.1355],[-2.4695,7.1363],[-2.4643,7.1353],[-2.4605,7.1343],[-2.4577,7.1359],[-2.4544,7.1377],[-2.4489,7.1403],[-2.4387,7.1351],[-2.432,7.1309],[-2.4275,7.1281],[-2.4196,7.1235],[-2.4156,7.1225],[-2.4121,7.1199],[-2.4081,7.1171],[-2.4046,7.1147],[-2.4015,7.1123],[-2.4135,7.1041],[-2.4163,7.1025],[-2.4308,7.0937],[-2.4385,7.0889],[-2.4177,7.0917],[-2.4066,7.0939],[-2.4025,7.0947],[-2.3976,7.0957],[-2.3928,7.0967],[-2.3861,7.0981],[-2.3808,7.0993],[-2.377,7.1001],[-2.3725,7.1021],[-2.3696,7.1037],[-2.3639,7.1077],[-2.3641,7.1107],[-2.3651,7.1151],[-2.3623,7.1189],[-2.3521,7.1275],[-2.3479,7.1275],[-2.3436,7.1259],[-2.3404,7.1253],[-2.3366,7.1227],[-2.3322,7.1239],[-2.3268,7.1243],[-2.324,7.1217],[-2.3257,7.1179],[-2.3282,7.1161],[-2.3305,7.1141],[-2.3314,7.1097],[-2.3303,7.1069],[-2.3248,7.1055],[-2.3214,7.1041],[-2.3183,7.1033],[-2.3153,7.1041],[-2.3117,7.1005],[-2.3079,7.1007],[-2.3043,7.1029],[-2.302,7.1009],[-2.2995,7.0993],[-2.2978,7.1025],[-2.2963,7.1057],[-2.2952,7.1085],[-2.2961,7.1135],[-2.299,7.1163],[-2.3021,7.1195],[-2.3007,7.1227],[-2.2998,7.1263],[-2.2964,7.1271],[-2.2948,7.1297],[-2.2927,7.1329],[-2.2931,7.1367],[-2.2906,7.1383],[-2.2894,7.1417],[-2.2941,7.1439],[-2.297,7.1449],[-2.2983,7.1477],[-2.3014,7.1473],[-2.3042,7.1481],[-2.3059,7.1513],[-2.3078,7.1537],[-2.3099,7.1575],[-2.3134,7.1617],[-2.32,7.1663],[-2.3225,7.1679],[-2.3256,7.1701],[-2.3286,7.1719],[-2.3312,7.1735],[-2.3415,7.1801],[-2.3451,7.1829],[-2.3501,7.1871],[-2.3473,7.1929],[-2.3456,7.1973],[-2.3451,7.2009],[-2.3438,7.2047],[-2.3427,7.2087],[-2.3413,7.2127],[-2.3413,7.2159],[-2.34,7.2187],[-2.3384,7.2213],[-2.3366,7.2241],[-2.3349,7.2281],[-2.3323,7.2309],[-2.3281,7.2335],[-2.325,7.2365],[-2.3221,7.2347],[-2.3184,7.2333],[-2.3142,7.2335],[-2.3092,7.2327],[-2.3051,7.2329],[-2.3001,7.2325],[-2.2961,7.2325],[-2.2932,7.2299],[-2.2918,7.2267],[-2.2892,7.2251],[-2.2857,7.2279],[-2.2841,7.2313],[-2.28,7.2335],[-2.2811,7.2371],[-2.2813,7.2399],[-2.2813,7.2433],[-2.2802,7.2461],[-2.278,7.2431],[-2.2771,7.2405],[-2.2745,7.2381],[-2.2711,7.2387],[-2.2712,7.2417],[-2.2716,7.2453],[-2.2685,7.2443],[-2.2658,7.2465],[-2.2693,7.2493],[-2.2696,7.2545],[-2.2669,7.2579],[-2.2652,7.2621],[-2.2678,7.2647],[-2.2669,7.2679],[-2.268,7.2727],[-2.2653,7.2765],[-2.261,7.2783],[-2.2568,7.2787],[-2.2527,7.2801],[-2.2491,7.2803],[-2.2462,7.2799],[-2.244,7.2837],[-2.2433,7.2881],[-2.2404,7.2917],[-2.2373,7.2941],[-2.2336,7.2957],[-2.2306,7.2955],[-2.2286,7.2977],[-2.2253,7.2993],[-2.2224,7.3019],[-2.2191,7.3019],[-2.2176,7.3059],[-2.2187,7.3103],[-2.2152,7.3133],[-2.2104,7.3137],[-2.2051,7.3145],[-2.2015,7.3155],[-2.1982,7.3175],[-2.195,7.3177],[-2.1921,7.3199],[-2.1886,7.3219],[-2.1834,7.3205],[-2.18,7.3225],[-2.1767,7.3233],[-2.1723,7.3231],[-2.1688,7.3247],[-2.1652,7.3275],[-2.1609,7.3295],[-2.1582,7.3333],[-2.1563,7.3375],[-2.1527,7.3417],[-2.1527,7.3455],[-2.1518,7.3483],[-2.1509,7.3511],[-2.1509,7.3559],[-2.1487,7.3593],[-2.1473,7.3621],[-2.1471,7.3655],[-2.1448,7.3677],[-2.1414,7.3683],[-2.1382,7.3699],[-2.136,7.3749],[-2.1372,7.3793],[-2.1388,7.3825],[-2.1397,7.3863],[-2.1372,7.3905],[-2.1365,7.3945]]]},"properties":{"adm1_pcode":"GH03","adm1_name":"Bono","center_lat":7.81671143,"center_lon":-2.36984791}},
{"type":"Feature","geometry":{"type":"Polygon","coordinates":[[[-0.2393,7.2033],[-0.2365,7.2023],[-0.2329,7.2043],[-0.2289,7.2069],[-0.2257,7.2085],[-0.2215,7.2117],[-0.2169,7.2095],[-0.216,7.2033],[-0.2155,7.1997],[-0.2094,7.2017],[-0.2022,7.2029],[-0.1963,7.2031],[-0.1932,7.2025],[-0.1897,7.2017],[-0.1856,7.2013],[-0.1816,7.2031],[-0.1801,7.1991],[-0.1749,7.2001],[-0.1693,7.2001],[-0.1635,7.1997],[-0.1601,7.1949],[-0.155,7.1949],[-0.1527,7.1967],[-0.1495,7.1995],[-0.1466,7.1993],[-0.1435,7.1967],[-0.1403,7.1951],[-0.1357,7.1949],[-0.1314,7.1945],[-0.1275,7.1935],[-0.1173,7.1947],[-0.1071,7.1951],[-0.1018,7.1923],[-0.0977,7.1849],[-0.0905,7.1815],[-0.0844,7.1793],[-0.0747,7.1817],[-0.0615,7.1881],[-0.058,7.1915],[-0.0526,7.1965],[-0.0432,7.1953],[-0.039,7.1949],[-0.0317,7.1927],[-0.0275,7.1915],[-0.0141,7.1933],[-0.0042,7.1911],[0.0045,7.1941],[0.0111,7.1863],[0.0213,7.1831],[0.0291,7.1855],[0.0361,7.1813],[0.0409,7.1809],[0.0505,7.1721],[0.0675,7.1737],[0.0811,7.1817],[0.0899,7.1793],[0.0951,7.1783],[0.0979,7.1777],[0.1103,7.1827],[0.1233,7.1839],[0.1361,7.1829],[0.1439,7.1821],[0.1627,7.1797],[0.1687,7.1793],[0.1763,7.1789],[0.1823,7.1797],[0.1827,7.1933],[0.1921,7.2191],[0.1989,7.2517],[0.2041,7.2755],[0.2151,7.3101],[0.2085,7.3509],[0.1987,7.3681],[0.1789,7.3811],[0.1727,7.3805],[0.1505,7.3909],[0.1365,7.4023],[0.1241,7.4065],[0.1121,7.4159],[0.0999,7.4257],[0.0911,7.4293],[0.0833,7.4485],[0.0771,7.4821],[0.0523,7.5237],[0.0431,7.5391],[0.0323,7.5517],[0.0095,7.5785],[-0.0064,7.6103],[-0.0143,7.6261],[-0.016,7.6407],[-0.0168,7.6483],[-0.0158,7.6633],[-0.0152,7.6841],[0.0025,7.7177],[0.0041,7.7425],[-0.0016,7.7471],[-0.0145,7.7569],[-0.0264,7.7569],[-0.0425,7.7545],[-0.0586,7.7487],[-0.0772,7.7473],[-0.1001,7.7505],[-0.111,7.7603],[-0.1166,7.7721],[-0.1264,7.7883],[-0.1306,7.7997],[-0.1361,7.8249],[-0.1454,7.9031],[-0.1444,7.9099],[-0.1417,7.9351],[-0.1365,7.9397],[-0.1349,7.9485],[-0.1411,7.9585],[-0.1738,7.9575],[-0.1702,7.9699],[-0.1442,8.0055],[-0.1415,8.0179],[-0.1468,8.0241],[-0.1541,8.0313],[-0.1732,8.0247],[-0.2147,8.0309],[-0.2406,8.0497],[-0.2488,8.0771],[-0.2949,8.1173],[-0.3193,8.1305],[-0.328,8.1339],[-0.3539,8.1439],[-0.3637,8.1467],[-0.3847,8.1529],[-0.419,8.1529],[-0.4444,8.1575],[-0.4472,8.1585],[-0.4795,8.1695],[-0.4874,8.1721],[-0.503,8.1809],[-0.5077,8.1817],[-0.5292,8.1855],[-0.5425,8.1877],[-0.5637,8.2069],[-0.6237,8.2565],[-0.6395,8.2695],[-0.6605,8.2843],[-0.6725,8.2919],[-0.7128,8.3177],[-0.7408,8.3355],[-0.7722,8.3355],[-0.7798,8.3355],[-0.8014,8.3397],[-0.8271,8.3355],[-0.8578,8.3285],[-0.859,8.3223],[-0.8559,8.3211],[-0.8539,8.3185],[-0.8526,8.3149],[-0.8532,8.3105],[-0.8539,8.3071],[-0.8545,8.3025],[-0.8554,8.2985],[-0.8579,8.2927],[-0.8623,8.2783],[-0.8623,8.2741],[-0.8657,8.2709],[-0.8705,8.2695],[-0.8737,8.2673],[-0.8767,8.2653],[-0.8806,8.2633],[-0.8863,8.2611],[-0.8904,8.2591],[-0.8951,8.2577],[-0.8991,8.2571],[-0.9022,8.2565],[-0.9052,8.2559],[-0.9099,8.2553],[-0.9154,8.2553],[-0.9204,8.2543],[-0.925,8.2519],[-0.9315,8.2521],[-0.9344,8.2519],[-0.9379,8.2517],[-0.9415,8.2503],[-0.9486,8.2465],[-0.9599,8.2507],[-0.9635,8.2487],[-0.9657,8.2467],[-0.9665,8.2433],[-0.9677,8.2331],[-0.979,8.2273],[-0.9874,8.2353],[-0.9887,8.2421],[-0.9925,8.2457],[-0.9977,8.2455],[-1.0015,8.2457],[-1.0048,8.2461],[-1.0089,8.2475],[-1.0136,8.2513],[-1.0154,8.2553],[-1.0192,8.2611],[-1.0226,8.2593],[-1.0255,8.2541],[-1.0275,8.2519],[-1.0301,8.2507],[-1.0326,8.2471],[-1.0354,8.2451],[-1.0384,8.2437],[-1.0396,8.2361],[-1.0406,8.2321],[-1.0407,8.2283],[-1.0404,8.2233],[-1.0411,8.2175],[-1.0411,8.2135],[-1.0429,8.2089],[-1.0429,8.2037],[-1.0426,8.2003],[-1.0417,8.1959],[-1.0418,8.1925],[-1.0425,8.1881],[-1.0428,8.1827],[-1.043,8.1781],[-1.0427,8.1727],[-1.041,8.1679],[-1.0559,8.1455],[-1.0675,8.1279],[-1.0649,8.1249],[-1.0628,8.1221],[-1.0608,8.1195],[-1.0511,8.1059],[-1.0492,8.1029],[-1.0467,8.0993],[-1.0449,8.0961],[-1.0435,8.0931],[-1.0425,8.0881],[-1.0416,8.0845],[-1.041,8.0815],[-1.0415,8.0785],[-1.0431,8.0759],[-1.0451,8.0731],[-1.0473,8.0697],[-1.0484,8.0655],[-1.0468,8.0619],[-1.0437,8.0607],[-1.0403,8.0595],[-1.0362,8.0573],[-1.034,8.0541],[-1.034,8.0495],[-1.0335,8.0451],[-1.0296,8.0433],[-1.0272,8.0407],[-1.0241,8.0377],[-1.0219,8.0339],[-1.0193,8.0307],[-1.0177,8.0271],[-1.018,8.0231],[-1.0169,8.0185],[-1.0194,8.0161],[-1.0225,8.0163],[-1.0254,8.0167],[-1.0295,8.0175],[-1.032,8.0197],[-1.0337,8.0231],[-1.0367,8.0255],[-1.0415,8.0275],[-1.0452,8.0293],[-1.0487,8.0297],[-1.0526,8.0281],[-1.0562,8.0261],[-1.0601,8.0253],[-1.0625,8.0237],[-1.0659,8.0239],[-1.0694,8.0219],[-1.0735,8.0203],[-1.0772,8.0181],[-1.0805,8.0171],[-1.0835,8.0137],[-1.0862,8.0107],[-1.088,8.0075],[-1.0896,8.0045],[-1.0926,8.0023],[-1.0945,8.0003],[-1.0966,7.9977],[-1.1,7.9967],[-1.1047,7.9955],[-1.107,7.9927],[-1.1101,7.9941],[-1.1134,7.9947],[-1.1169,7.9935],[-1.1211,7.9943],[-1.125,7.9973],[-1.1286,7.9963],[-1.1319,7.9955],[-1.1357,7.9979],[-1.1403,7.9977],[-1.1455,7.9981],[-1.1486,7.9999],[-1.1515,7.9995],[-1.1544,7.9981],[-1.1572,8.0001],[-1.1592,8.0047],[-1.161,8.0089],[-1.1619,8.0133],[-1.1624,8.0165],[-1.161,8.0195],[-1.1596,8.0223],[-1.1593,8.0261],[-1.1594,8.0297],[-1.1594,8.0343],[-1.1605,8.0379],[-1.1615,8.0409],[-1.162,8.0445],[-1.1634,8.0477],[-1.165,8.0505],[-1.1652,8.0541],[-1.1656,8.0585],[-1.1652,8.0625],[-1.1649,8.0663],[-1.1648,8.0711],[-1.163,8.0743],[-1.1607,8.0771],[-1.1574,8.0821],[-1.1561,8.0861],[-1.1572,8.0899],[-1.1592,8.0937],[-1.1613,8.0975],[-1.1632,8.1013],[-1.165,8.1047],[-1.167,8.1083],[-1.1691,8.1111],[-1.1712,8.1135],[-1.1734,8.1159],[-1.1759,8.1191],[-1.1982,8.1551],[-1.2094,8.1731],[-1.2295,8.2049],[-1.2311,8.2115],[-1.2371,8.2237],[-1.2513,8.2431],[-1.2589,8.2501],[-1.2665,8.2573],[-1.2687,8.2769],[-1.2741,8.2851],[-1.2746,8.2905],[-1.2759,8.2943],[-1.2762,8.2981],[-1.2771,8.3013],[-1.2764,8.3051],[-1.279,8.3081],[-1.2763,8.3115],[-1.2759,8.3167],[-1.2776,8.3207],[-1.2763,8.3247],[-1.2753,8.3287],[-1.274,8.3315],[-1.2729,8.3349],[-1.2686,8.3379],[-1.2653,8.3409],[-1.2635,8.3443],[-1.2635,8.3471],[-1.262,8.3503],[-1.2589,8.3541],[-1.2573,8.3587],[-1.2596,8.3619],[-1.26,8.3651],[-1.2611,8.3687],[-1.2588,8.3721],[-1.2553,8.3733],[-1.2551,8.3763],[-1.2534,8.3785],[-1.2544,8.3813],[-1.2538,8.3843],[-1.2553,8.3883],[-1.2569,8.3925],[-1.2574,8.3965],[-1.2568,8.4001],[-1.2568,8.4037],[-1.2591,8.4069],[-1.257,8.4111],[-1.2572,8.4149],[-1.2546,8.4185],[-1.2545,8.4227],[-1.2552,8.4273],[-1.2589,8.4285],[-1.2618,8.4311],[-1.2622,8.4349],[-1.2613,8.4391],[-1.2599,8.4449],[-1.258,8.4501],[-1.2581,8.4545],[-1.2561,8.4567],[-1.2535,8.4595],[-1.2492,8.4613],[-1.2456,8.4643],[-1.2437,8.4683],[-1.2403,8.4703],[-1.2365,8.4711],[-1.2324,8.4707],[-1.2314,8.4743],[-1.228,8.4773],[-1.2246,8.4771],[-1.2214,8.4781],[-1.2208,8.4809],[-1.2202,8.4849],[-1.2204,8.4891],[-1.2177,8.4909],[-1.2147,8.4917],[-1.2116,8.4931],[-1.2069,8.4939],[-1.2028,8.4947],[-1.1991,8.4937],[-1.1955,8.4947],[-1.1927,8.4979],[-1.1924,8.5011],[-1.1931,8.5047],[-1.1937,8.5083],[-1.1956,8.5111],[-1.1913,8.5117],[-1.1875,8.5105],[-1.1832,8.5113],[-1.1798,8.5159],[-1.1753,8.5167],[-1.174,8.5135],[-1.1737,8.5087],[-1.1693,8.5085],[-1.166,8.5119],[-1.1641,8.5151],[-1.165,8.5191],[-1.1653,8.5235],[-1.168,8.5257],[-1.171,8.5275],[-1.1715,8.5317],[-1.1707,8.5357],[-1.1665,8.5365],[-1.161,8.5375],[-1.1555,8.5421],[-1.1538,8.5461],[-1.146,8.5585],[-1.1421,8.5715],[-1.1415,8.5765],[-1.146,8.5913],[-1.1471,8.6023],[-1.1469,8.6115],[-1.146,8.6179],[-1.1466,8.6255],[-1.1505,8.6333],[-1.1488,8.6399],[-1.1449,8.6461],[-1.1473,8.6557],[-1.1444,8.6775],[-1.1525,8.6779],[-1.1605,8.6789],[-1.1667,8.6791],[-1.1706,8.6789],[-1.174,8.6783],[-1.1783,8.6791],[-1.1812,8.6785],[-1.1859,8.6783],[-1.191,8.6757],[-1.1939,8.6725],[-1.198,8.6701],[-1.2026,8.6689],[-1.2068,8.6681],[-1.2103,8.6681],[-1.2139,8.6693],[-1.217,8.6709],[-1.2202,8.6723],[-1.2231,8.6735],[-1.2265,8.6743],[-1.2303,8.6753],[-1.2352,8.6777],[-1.2393,8.6795],[-1.2428,8.6811],[-1.2476,8.6827],[-1.2506,8.6839],[-1.2542,8.6861],[-1.2578,8.6881],[-1.2616,8.6897],[-1.2646,8.6921],[-1.2671,8.6959],[-1.2691,8.6985],[-1.2719,8.7021],[-1.2747,8.7051],[-1.2781,8.7085],[-1.2812,8.7117],[-1.2835,8.7147],[-1.2855,8.7179],[-1.2902,8.7209],[-1.2946,8.7209],[-1.2977,8.7205],[-1.3022,8.7201],[-1.3073,8.7213],[-1.3115,8.7235],[-1.3146,8.7257],[-1.3174,8.7277],[-1.3216,8.7309],[-1.3249,8.7341],[-1.3274,8.7367],[-1.3326,8.7403],[-1.3361,8.7421],[-1.3397,8.7443],[-1.3434,8.7473],[-1.3463,8.7495],[-1.3489,8.7531],[-1.3513,8.7557],[-1.356,8.7591],[-1.3598,8.7603],[-1.3643,8.7615],[-1.3676,8.7629],[-1.3708,8.7649],[-1.3742,8.7667],[-1.3784,8.7681],[-1.3824,8.7685],[-1.3855,8.7689],[-1.3901,8.7697],[-1.3942,8.7705],[-1.3973,8.7717],[-1.4005,8.7729],[-1.4048,8.7739],[-1.4081,8.7743],[-1.4126,8.7741],[-1.4171,8.7733],[-1.4212,8.7725],[-1.4253,8.7713],[-1.4289,8.7701],[-1.4327,8.7687],[-1.4368,8.7679],[-1.4406,8.7671],[-1.4459,8.7663],[-1.45,8.7657],[-1.454,8.7655],[-1.4594,8.7653],[-1.4628,8.7649],[-1.4695,8.7649],[-1.4739,8.7653],[-1.4768,8.7645],[-1.4806,8.7623],[-1.4842,8.7599],[-1.4873,8.7573],[-1.4901,8.7529],[-1.4937,8.7485],[-1.4957,8.7449],[-1.4977,8.7413],[-1.499,8.7387],[-1.5003,8.7341],[-1.501,8.7299],[-1.5021,8.7227],[-1.5031,8.7183],[-1.5036,8.7145],[-1.5042,8.7115],[-1.5066,8.7077],[-1.5074,8.7045],[-1.508,8.7015],[-1.5085,8.6977],[-1.5096,8.6939],[-1.5111,8.6913],[-1.5135,8.6895],[-1.5161,8.6879],[-1.5202,8.6859],[-1.5233,8.6843],[-1.5266,8.6827],[-1.5313,8.6811],[-1.536,8.6799],[-1.5394,8.6793],[-1.5427,8.6785],[-1.5463,8.6777],[-1.5521,8.6759],[-1.555,8.6757],[-1.5624,8.6769],[-1.5687,8.6775],[-1.5752,8.6779],[-1.5822,8.6769],[-1.5874,8.6771],[-1.593,8.6771],[-1.5965,8.6771],[-1.5998,8.6769],[-1.6054,8.6773],[-1.6115,8.6771],[-1.6151,8.6775],[-1.6197,8.6783],[-1.625,8.6801],[-1.6289,8.6809],[-1.6328,8.6829],[-1.6377,8.6859],[-1.6406,8.6881],[-1.6454,8.6925],[-1.6499,8.6943],[-1.6541,8.6957],[-1.6593,8.6949],[-1.6621,8.6933],[-1.6646,8.6917],[-1.6682,8.6901],[-1.6719,8.6883],[-1.6753,8.6869],[-1.6787,8.6847],[-1.682,8.6799],[-1.6831,8.6765],[-1.6837,8.6723],[-1.6831,8.6677],[-1.6823,8.6639],[-1.6825,8.6611],[-1.6837,8.6565],[-1.6856,8.6519],[-1.691,8.6459],[-1.6932,8.6439],[-1.697,8.6415],[-1.701,8.6401],[-1.7074,8.6387],[-1.7119,8.6355],[-1.7167,8.6331],[-1.7206,8.6313],[-1.724,8.6299],[-1.728,8.6279],[-1.7334,8.6265],[-1.738,8.6261],[-1.7441,8.6269],[-1.7498,8.6289],[-1.7552,8.6301],[-1.758,8.6315],[-1.7616,8.6339],[-1.7661,8.6381],[-1.7706,8.6421],[-1.7736,8.6441],[-1.7769,8.6455],[-1.7804,8.6475],[-1.7838,8.6495],[-1.7889,8.6525],[-1.7963,8.6553],[-1.7993,8.6561],[-1.8021,8.6571],[-1.8061,8.6587],[-1.8119,8.6611],[-1.8164,8.6619],[-1.8194,8.6615],[-1.8242,8.6609],[-1.8285,8.6605],[-1.8333,8.6617],[-1.8394,8.6613],[-1.8448,8.6597],[-1.8521,8.6551],[-1.8563,8.6525],[-1.8609,8.6491],[-1.863,8.6469],[-1.8658,8.6439],[-1.8682,8.6413],[-1.8698,8.6385],[-1.8718,8.6343],[-1.8729,8.6297],[-1.8738,8.6257],[-1.8769,8.6191],[-1.8786,8.6155],[-1.8803,8.6111],[-1.8826,8.6051],[-1.8843,8.6005],[-1.8853,8.5977],[-1.8867,8.5937],[-1.8877,8.5909],[-1.8893,8.5863],[-1.8904,8.5805],[-1.891,8.5769],[-1.8915,8.5741],[-1.8921,8.5693],[-1.8925,8.5643],[-1.8928,8.5595],[-1.8929,8.5561],[-1.8961,8.5519],[-1.8958,8.5467],[-1.8969,8.5431],[-1.8987,8.5403],[-1.8969,8.5373],[-1.8958,8.5273],[-1.8956,8.5239],[-1.8944,8.5203],[-1.8928,8.5143],[-1.8916,8.5103],[-1.8877,8.4979],[-1.8863,8.4899],[-1.8853,8.4867],[-1.8842,8.4835],[-1.8831,8.4803],[-1.8837,8.4775],[-1.8858,8.4677],[-1.8864,8.4645],[-1.8932,8.4549],[-1.9005,8.4503],[-1.9038,8.4483],[-1.9057,8.4455],[-1.9088,8.4403],[-1.9099,8.4357],[-1.9104,8.4315],[-1.9095,8.4185],[-1.9074,8.4073],[-1.9076,8.4043],[-1.9082,8.4011],[-1.9078,8.3969],[-1.9058,8.3933],[-1.9025,8.3883],[-1.898,8.3787],[-1.8958,8.3735],[-1.8946,8.3709],[-1.8931,8.3681],[-1.891,8.3639],[-1.8859,8.3531],[-1.8838,8.3487],[-1.8794,8.3433],[-1.8767,8.3403],[-1.8738,8.3369],[-1.8709,8.3341],[-1.8668,8.3321],[-1.8615,8.3309],[-1.8562,8.3295],[-1.8443,8.3299],[-1.8396,8.3317],[-1.8351,8.3325],[-1.8288,8.3339],[-1.8233,8.3363],[-1.82,8.3379],[-1.8166,8.3393],[-1.8116,8.3399],[-1.8065,8.3399],[-1.8029,8.3395],[-1.795,8.3381],[-1.7899,8.3359],[-1.7864,8.3327],[-1.7832,8.3299],[-1.7798,8.3275],[-1.7766,8.3261],[-1.7719,8.3237],[-1.7687,8.3201],[-1.7678,8.3155],[-1.7668,8.3109],[-1.7649,8.3067],[-1.7629,8.3027],[-1.7614,8.2999],[-1.7591,8.2957],[-1.7556,8.2905],[-1.752,8.2853],[-1.7484,8.2801],[-1.747,8.2743],[-1.7467,8.2693],[-1.7474,8.2633],[-1.7492,8.2593],[-1.7509,8.2567],[-1.7528,8.2539],[-1.7546,8.2513],[-1.7566,8.2485],[-1.7609,8.2451],[-1.7636,8.2431],[-1.7661,8.2399],[-1.7689,8.2365],[-1.7719,8.2327],[-1.777,8.2299],[-1.7811,8.2281],[-1.7846,8.2267],[-1.7891,8.2263],[-1.7934,8.2263],[-1.7986,8.2263],[-1.8045,8.2291],[-1.8084,8.2327],[-1.8119,8.2359],[-1.8155,8.2381],[-1.8196,8.2401],[-1.8225,8.2417],[-1.8259,8.2443],[-1.8296,8.2465],[-1.8332,8.2485],[-1.8371,8.2505],[-1.8406,8.2519],[-1.8449,8.2535],[-1.8479,8.2543],[-1.8512,8.2551],[-1.8557,8.2561],[-1.862,8.2579],[-1.8651,8.2587],[-1.8686,8.2595],[-1.873,8.2597],[-1.8907,8.2619],[-1.8951,8.2617],[-1.908,8.2469],[-1.9109,8.2387],[-1.9124,8.2339],[-1.9135,8.2297],[-1.9154,8.2273],[-1.9201,8.2207],[-1.925,8.2159],[-1.9287,8.2135],[-1.9314,8.2103],[-1.9329,8.2075],[-1.9334,8.2013],[-1.9386,8.1927],[-1.9405,8.1895],[-1.945,8.1833],[-1.949,8.1807],[-1.952,8.1777],[-1.9603,8.1699],[-1.9634,8.1685],[-1.9672,8.1677],[-1.9798,8.1659],[-1.9895,8.1609],[-1.9927,8.1593],[-2.0062,8.1557],[-2.0092,8.1555],[-2.0138,8.1557],[-2.0188,8.1561],[-2.024,8.1561],[-2.0282,8.1555],[-2.0307,8.1537],[-2.0342,8.1519],[-2.0385,8.1493],[-2.0436,8.1477],[-2.047,8.1479],[-2.0511,8.1481],[-2.0557,8.1479],[-2.0637,8.1461],[-2.0683,8.1469],[-2.073,8.1491],[-2.0761,8.1511],[-2.0797,8.1523],[-2.0833,8.1535],[-2.0891,8.1541],[-2.0956,8.1557],[-2.1028,8.1563],[-2.1062,8.1573],[-2.1098,8.1573],[-2.1129,8.1571],[-2.117,8.1569],[-2.1201,8.1549],[-2.1215,8.1509],[-2.12,8.1457],[-2.1193,8.1403],[-2.1173,8.1359],[-2.1139,8.1357],[-2.1086,8.1363],[-2.1041,8.1367],[-2.1015,8.1351],[-2.0998,8.1309],[-2.0978,8.1271],[-2.0958,8.1235],[-2.0923,8.1215],[-2.0893,8.1177],[-2.0876,8.1129],[-2.0855,8.1095],[-2.0833,8.1067],[-2.0824,8.1037],[-2.0801,8.0999],[-2.0768,8.0969],[-2.0736,8.0957],[-2.0699,8.0943],[-2.0675,8.0921],[-2.0655,8.0899],[-2.0636,8.0855],[-2.0624,8.0827],[-2.0611,8.0793],[-2.0604,8.0745],[-2.0586,8.0703],[-2.0572,8.0669],[-2.0559,8.0641],[-2.055,8.0603],[-2.0556,8.0565],[-2.0571,8.0531],[-2.0517,8.0461],[-2.047,8.0415],[-2.0409,8.0351],[-2.0374,8.0311],[-2.0343,8.0287],[-2.0306,8.0267],[-2.0259,8.0229],[-2.0268,8.0179],[-2.0262,8.0149],[-2.0264,8.0089],[-2.0257,8.0035],[-2.0266,7.9997],[-2.0265,7.9957],[-2.0293,7.9935],[-2.0313,7.9903],[-2.0339,7.9869],[-2.0358,7.9831],[-2.0374,7.9803],[-2.0407,7.9769],[-2.0435,7.9723],[-2.0421,7.9677],[-2.041,7.9645],[-2.038,7.9619],[-2.0355,7.9591],[-2.0318,7.9571],[-2.0284,7.9571],[-2.0248,7.9565],[-2.0208,7.9557],[-2.0164,7.9569],[-2.0134,7.9589],[-2.011,7.9609],[-2.0081,7.9625],[-2.0044,7.9635],[-2.0006,7.9635],[-1.9979,7.9651],[-1.9944,7.9675],[-1.9905,7.9677],[-1.9863,7.9669],[-1.9843,7.9629],[-1.9806,7.9581],[-1.9782,7.9551],[-1.9746,7.9493],[-1.9684,7.9437],[-1.9623,7.9351],[-1.9585,7.9293],[-1.9568,7.9269],[-1.9503,7.9187],[-1.9414,7.9077],[-1.9354,7.9009],[-1.9268,7.8915],[-1.9228,7.8867],[-1.9193,7.8825],[-1.9151,7.8777],[-1.9123,7.8691],[-1.9104,7.8621],[-1.9029,7.8313],[-1.9071,7.8245],[-1.9087,7.8201],[-1.9144,7.8133],[-1.9182,7.8099],[-1.9231,7.8073],[-1.9276,7.8093],[-1.9323,7.8075],[-1.9348,7.8053],[-1.9385,7.8021],[-1.9437,7.7995],[-1.9493,7.7997],[-1.9526,7.7997],[-1.9553,7.8009],[-1.9594,7.8027],[-1.9619,7.8061],[-1.9649,7.8061],[-1.9681,7.8061],[-1.9714,7.8057],[-1.9764,7.8043],[-1.9829,7.8031],[-1.9868,7.8009],[-1.992,7.7981],[-1.9978,7.7949],[-2.0039,7.7915],[-2.013,7.7863],[-2.0189,7.7827],[-2.0225,7.7807],[-2.0264,7.7795],[-2.0341,7.7795],[-2.0374,7.7787],[-2.0403,7.7783],[-2.046,7.7785],[-2.0497,7.7797],[-2.0536,7.7793],[-2.0575,7.7793],[-2.062,7.7795],[-2.0666,7.7801],[-2.0703,7.7805],[-2.0731,7.7799],[-2.0759,7.7787],[-2.0772,7.7747],[-2.0782,7.7709],[-2.0814,7.7665],[-2.081,7.7617],[-2.0803,7.7583],[-2.0769,7.7561],[-2.074,7.7535],[-2.0716,7.7497],[-2.0736,7.7453],[-2.0732,7.7407],[-2.0724,7.7365],[-2.0702,7.7325],[-2.0703,7.7279],[-2.0713,7.7247],[-2.0719,7.7205],[-2.0729,7.7151],[-2.0697,7.7099],[-2.0656,7.7059],[-2.0625,7.7023],[-2.0599,7.6963],[-2.059,7.6933],[-2.0579,7.6897],[-2.0561,7.6855],[-2.0511,7.6831],[-2.0489,7.6793],[-2.0479,7.6747],[-2.0483,7.6711],[-2.0497,7.6683],[-2.0517,7.6661],[-2.0559,7.6653],[-2.0601,7.6643],[-2.0637,7.6631],[-2.0673,7.6607],[-2.0692,7.6561],[-2.0708,7.6509],[-2.0729,7.6487],[-2.0766,7.6471],[-2.0781,7.6429],[-2.0819,7.6403],[-2.0846,7.6371],[-2.087,7.6347],[-2.089,7.6319],[-2.0902,7.6267],[-2.0912,7.6223],[-2.0896,7.6187],[-2.0885,7.6159],[-2.0883,7.6113],[-2.0912,7.6073],[-2.0931,7.6047],[-2.0937,7.6011],[-2.0958,7.5979],[-2.1005,7.5937],[-2.1032,7.5897],[-2.1055,7.5853],[-2.107,7.5811],[-2.1077,7.5777],[-2.1118,7.5723],[-2.1109,7.5661],[-2.1094,7.5571],[-2.1093,7.5529],[-2.1122,7.5497],[-2.1157,7.5461],[-2.1192,7.5425],[-2.1227,7.5387],[-2.1255,7.5363],[-2.1285,7.5343],[-2.1314,7.5323],[-2.1339,7.5307],[-2.1367,7.5283],[-2.1374,7.5241],[-2.1353,7.5187],[-2.1316,7.5175],[-2.1263,7.5163],[-2.1219,7.5151],[-2.1206,7.5107],[-2.1193,7.5063],[-2.1178,7.5019],[-2.1137,7.5003],[-2.1109,7.4961],[-2.1137,7.4945],[-2.1137,7.4907],[-2.1142,7.4865],[-2.1141,7.4821],[-2.1134,7.4775],[-2.1128,7.4739],[-2.1118,7.4701],[-2.1107,7.4675],[-2.1085,7.4647],[-2.1052,7.4639],[-2.1014,7.4625],[-2.0967,7.4609],[-2.0915,7.4589],[-2.0879,7.4585],[-2.0836,7.4573],[-2.0783,7.4567],[-2.0743,7.4559],[-2.0695,7.4557],[-2.0667,7.4553],[-2.0635,7.4553],[-2.0605,7.4543],[-2.0557,7.4553],[-2.052,7.4557],[-2.0469,7.4573],[-2.043,7.4575],[-2.0401,7.4575],[-2.036,7.4557],[-2.0346,7.4521],[-2.0322,7.4485],[-2.0295,7.4459],[-2.0245,7.4389],[-2.0232,7.4347],[-2.0219,7.4315],[-2.0193,7.4289],[-2.0187,7.4249],[-2.0174,7.4213],[-2.0146,7.4225],[-2.0106,7.4221],[-2.0057,7.4215],[-2.0017,7.4211],[-1.9974,7.4197],[-1.995,7.4181],[-1.9897,7.4177],[-1.9849,7.4163],[-1.9822,7.4141],[-1.9796,7.4127],[-1.9764,7.4115],[-1.9724,7.4107],[-1.9699,7.4121],[-1.9665,7.4129],[-1.9648,7.4093],[-1.9626,7.4119],[-1.9601,7.4137],[-1.9568,7.4153],[-1.9529,7.4177],[-1.9499,7.4205],[-1.9475,7.4235],[-1.9456,7.4273],[-1.9434,7.4307],[-1.9412,7.4327],[-1.9372,7.4347],[-1.9332,7.4351],[-1.9311,7.4389],[-1.9271,7.4423],[-1.9232,7.4415],[-1.9193,7.4417],[-1.9181,7.4389],[-1.9159,7.4369],[-1.9126,7.4363],[-1.9097,7.4367],[-1.9069,7.4355],[-1.9032,7.4329],[-1.8973,7.4315],[-1.8954,7.4341],[-1.893,7.4375],[-1.8907,7.4401],[-1.8873,7.4423],[-1.8836,7.4449],[-1.881,7.4481],[-1.8792,7.4521],[-1.8758,7.4559],[-1.8711,7.4621],[-1.8686,7.4673],[-1.8681,7.4717],[-1.8671,7.4747],[-1.8668,7.4781],[-1.8635,7.4769],[-1.8633,7.4701],[-1.8564,7.4613],[-1.8515,7.4621],[-1.8465,7.4657],[-1.8408,7.4713],[-1.836,7.4711],[-1.8373,7.4561],[-1.8399,7.4251],[-1.8286,7.3927],[-1.8259,7.3869],[-1.8187,7.3725],[-1.8131,7.3617],[-1.8101,7.3563],[-1.8084,7.3537],[-1.8072,7.3495],[-1.7921,7.3477],[-1.7878,7.3489],[-1.7839,7.3487],[-1.7805,7.3497],[-1.7777,7.3487],[-1.774,7.3477],[-1.7714,7.3433],[-1.769,7.3385],[-1.7678,7.3345],[-1.7672,7.3313],[-1.7652,7.3289],[-1.7638,7.3261],[-1.7624,7.3237],[-1.7598,7.3219],[-1.7556,7.3217],[-1.7524,7.3211],[-1.7491,7.3205],[-1.7457,7.3205],[-1.7403,7.3201],[-1.736,7.3181],[-1.7331,7.3157],[-1.7303,7.3127],[-1.7264,7.3161],[-1.7231,7.3163],[-1.7188,7.3165],[-1.7155,7.3189],[-1.7126,7.3215],[-1.7101,7.3243],[-1.7068,7.3237],[-1.7036,7.3225],[-1.7004,7.3215],[-1.6961,7.3217],[-1.6911,7.3243],[-1.6865,7.3241],[-1.6827,7.3247],[-1.679,7.3237],[-1.6762,7.3203],[-1.6721,7.3201],[-1.6681,7.3205],[-1.6642,7.3203],[-1.6604,7.3197],[-1.6572,7.3199],[-1.6538,7.3141],[-1.6522,7.3167],[-1.6499,7.3189],[-1.6472,7.3203],[-1.6438,7.3223],[-1.6416,7.3265],[-1.6424,7.3303],[-1.6417,7.3337],[-1.6394,7.3369],[-1.6361,7.3387],[-1.6326,7.3387],[-1.6297,7.3387],[-1.6259,7.3389],[-1.6236,7.3435],[-1.6209,7.3471],[-1.6178,7.3513],[-1.6145,7.3537],[-1.6115,7.3561],[-1.6092,7.3579],[-1.6068,7.3599],[-1.6054,7.3631],[-1.603,7.3659],[-1.6007,7.3695],[-1.5981,7.3739],[-1.5958,7.3777],[-1.5934,7.3811],[-1.5924,7.3841],[-1.5904,7.3865],[-1.588,7.3885],[-1.5859,7.3917],[-1.5836,7.3959],[-1.5803,7.3977],[-1.5788,7.4003],[-1.5769,7.4025],[-1.5738,7.4033],[-1.5693,7.4047],[-1.5634,7.4049],[-1.5588,7.4029],[-1.5545,7.4021],[-1.5505,7.4003],[-1.5467,7.3979],[-1.5438,7.3967],[-1.5404,7.3959],[-1.536,7.3975],[-1.5319,7.3985],[-1.5279,7.3991],[-1.5243,7.3981],[-1.5219,7.3965],[-1.5212,7.3923],[-1.5182,7.3903],[-1.5158,7.3923],[-1.5167,7.3961],[-1.5153,7.3993],[-1.5158,7.4021],[-1.515,7.4051],[-1.5156,7.4097],[-1.5141,7.4131],[-1.5121,7.4171],[-1.51,7.4211],[-1.5102,7.4255],[-1.5099,7.4291],[-1.5107,7.4335],[-1.511,7.4379],[-1.5125,7.4419],[-1.5158,7.4457],[-1.5192,7.4487],[-1.5147,7.4559],[-1.5111,7.4603],[-1.5087,7.4643],[-1.5051,7.4689],[-1.5031,7.4711],[-1.5004,7.4743],[-1.4984,7.4765],[-1.4966,7.4785],[-1.4942,7.4811],[-1.4914,7.4839],[-1.4881,7.4867],[-1.4839,7.4889],[-1.4798,7.4915],[-1.4764,7.4931],[-1.4718,7.4985],[-1.4686,7.5061],[-1.4651,7.5135],[-1.463,7.5179],[-1.4624,7.5235],[-1.4594,7.5267],[-1.4562,7.5317],[-1.4517,7.5411],[-1.4483,7.5433],[-1.4459,7.5453],[-1.4438,7.5479],[-1.4415,7.5505],[-1.4363,7.5577],[-1.4349,7.5631],[-1.435,7.5693],[-1.4336,7.5735],[-1.4292,7.5749],[-1.4251,7.5763],[-1.4254,7.5827],[-1.4203,7.5809],[-1.4166,7.5835],[-1.413,7.5851],[-1.4093,7.5865],[-1.4049,7.5905],[-1.4033,7.5947],[-1.4004,7.5967],[-1.3979,7.5995],[-1.3938,7.6009],[-1.389,7.6025],[-1.3864,7.6047],[-1.3836,7.6053],[-1.3805,7.6045],[-1.3684,7.6031],[-1.3662,7.6063],[-1.3625,7.6083],[-1.3568,7.6083],[-1.3528,7.6111],[-1.3489,7.6145],[-1.3465,7.6175],[-1.3423,7.6193],[-1.3391,7.6195],[-1.3349,7.6215],[-1.3286,7.6227],[-1.3241,7.6229],[-1.3203,7.6239],[-1.3158,7.6245],[-1.3109,7.6231],[-1.3079,7.6219],[-1.308,7.6191],[-1.3109,7.6151],[-1.3144,7.6129],[-1.3166,7.6095],[-1.3146,7.6063],[-1.3131,7.6021],[-1.3133,7.5963],[-1.3137,7.5917],[-1.3128,7.5877],[-1.3131,7.5845],[-1.3133,7.5815],[-1.3111,7.5773],[-1.3073,7.5747],[-1.3042,7.5737],[-1.3003,7.5715],[-1.2979,7.5663],[-1.2962,7.5619],[-1.2942,7.5589],[-1.294,7.5539],[-1.2947,7.5507],[-1.2951,7.5473],[-1.2941,7.5433],[-1.2927,7.5393],[-1.2904,7.5359],[-1.2875,7.5343],[-1.2832,7.5325],[-1.2792,7.5291],[-1.2754,7.5263],[-1.2693,7.5231],[-1.266,7.5209],[-1.2647,7.5183],[-1.2625,7.5125],[-1.26,7.5107],[-1.2566,7.5069],[-1.2522,7.5009],[-1.2503,7.4975],[-1.2478,7.4945],[-1.2456,7.4927],[-1.2425,7.4913],[-1.2386,7.4897],[-1.2354,7.4907],[-1.2322,7.4919],[-1.2291,7.4937],[-1.2259,7.4947],[-1.222,7.4943],[-1.2187,7.4941],[-1.2151,7.4941],[-1.2121,7.4943],[-1.2068,7.4931],[-1.2025,7.4951],[-1.1999,7.4939],[-1.1966,7.4919],[-1.193,7.4885],[-1.1886,7.4855],[-1.1838,7.4849],[-1.1804,7.4819],[-1.1751,7.4813],[-1.1701,7.4809],[-1.1661,7.4801],[-1.1621,7.4805],[-1.1576,7.4795],[-1.1557,7.4749],[-1.1545,7.4689],[-1.1515,7.4691],[-1.1472,7.4685],[-1.1444,7.4707],[-1.1419,7.4725],[-1.139,7.4727],[-1.1352,7.4715],[-1.132,7.4717],[-1.1281,7.4739],[-1.1249,7.4763],[-1.1204,7.4733],[-1.1157,7.4729],[-1.112,7.4719],[-1.1098,7.4685],[-1.1077,7.4665],[-1.1036,7.4659],[-1.099,7.4695],[-1.0971,7.4727],[-1.0949,7.4753],[-1.0918,7.4773],[-1.0896,7.4803],[-1.0853,7.4839],[-1.0836,7.4873],[-1.0792,7.4889],[-1.0757,7.4877],[-1.0727,7.4885],[-1.0705,7.4903],[-1.0691,7.4931],[-1.0672,7.4961],[-1.0678,7.4991],[-1.0674,7.5023],[-1.0646,7.5047],[-1.0609,7.5049],[-1.0567,7.5065],[-1.0526,7.5089],[-1.0501,7.5131],[-1.0465,7.5151],[-1.0443,7.5185],[-1.0448,7.5215],[-1.0432,7.5239],[-1.0411,7.5269],[-1.037,7.5271],[-1.0333,7.5283],[-1.0291,7.5317],[-1.0248,7.5335],[-1.0212,7.5337],[-1.0176,7.5327],[-1.0149,7.5345],[-1.0111,7.5325],[-1.007,7.5303],[-1.0028,7.5291],[-0.9988,7.5291],[-0.9948,7.5295],[-0.9899,7.5317],[-0.984,7.5339],[-0.9797,7.5309],[-0.9767,7.5283],[-0.9754,7.5243],[-0.9726,7.5213],[-0.9694,7.5199],[-0.9656,7.5203],[-0.9616,7.5215],[-0.9583,7.5235],[-0.9547,7.5235],[-0.9511,7.5213],[-0.947,7.5191],[-0.9444,7.5179],[-0.9416,7.5169],[-0.9387,7.5157],[-0.9355,7.5129],[-0.9334,7.5077],[-0.9296,7.5063],[-0.9258,7.5045],[-0.9229,7.5039],[-0.9189,7.5047],[-0.9144,7.5059],[-0.9099,7.5053],[-0.907,7.5055],[-0.9027,7.5075],[-0.8989,7.5069],[-0.896,7.5051],[-0.893,7.5047],[-0.8919,7.5095],[-0.8917,7.5129],[-0.8897,7.5161],[-0.8852,7.5145],[-0.88,7.5147],[-0.8762,7.5147],[-0.8734,7.5175],[-0.87,7.5193],[-0.8662,7.5205],[-0.8631,7.5169],[-0.8598,7.5159],[-0.8562,7.5183],[-0.8529,7.5177],[-0.8491,7.5177],[-0.8446,7.5171],[-0.8449,7.5131],[-0.8431,7.5099],[-0.8393,7.5095],[-0.8353,7.5093],[-0.8322,7.5113],[-0.8285,7.5117],[-0.8252,7.5095],[-0.8223,7.5083],[-0.8213,7.5051],[-0.8196,7.5007],[-0.816,7.5027],[-0.8148,7.5067],[-0.8115,7.5079],[-0.8078,7.5087],[-0.8073,7.5041],[-0.804,7.5037],[-0.7999,7.5015],[-0.7968,7.4999],[-0.7932,7.5003],[-0.7892,7.4999],[-0.7841,7.4981],[-0.7821,7.5005],[-0.7815,7.5041],[-0.7774,7.5057],[-0.7736,7.5047],[-0.7689,7.5063],[-0.766,7.5085],[-0.7624,7.5077],[-0.7575,7.5083],[-0.7542,7.5097],[-0.7486,7.5099],[-0.7454,7.5127],[-0.7442,7.5155],[-0.738,7.5201],[-0.7326,7.5223],[-0.7292,7.5227],[-0.7244,7.5221],[-0.7196,7.5207],[-0.7155,7.5233],[-0.7137,7.5255],[-0.7089,7.5273],[-0.7055,7.5295],[-0.7022,7.5295],[-0.698,7.5311],[-0.6961,7.5353],[-0.6927,7.5383],[-0.6899,7.5403],[-0.6888,7.5375],[-0.6881,7.5333],[-0.6849,7.5301],[-0.6816,7.5263],[-0.6776,7.5287],[-0.676,7.5263],[-0.6745,7.5237],[-0.6708,7.5225],[-0.6688,7.5197],[-0.6667,7.5175],[-0.6635,7.5151],[-0.661,7.5111],[-0.6578,7.5069],[-0.6544,7.5043],[-0.6516,7.5037],[-0.6503,7.5009],[-0.6508,7.4965],[-0.6487,7.4931],[-0.6486,7.4873],[-0.65,7.4823],[-0.6484,7.4785],[-0.6501,7.4749],[-0.6509,7.4711],[-0.6513,7.4663],[-0.6487,7.4629],[-0.6502,7.4577],[-0.6509,7.4541],[-0.6509,7.4511],[-0.6523,7.4477],[-0.6516,7.4437],[-0.6538,7.4379],[-0.6542,7.4341],[-0.6538,7.4311],[-0.6513,7.4279],[-0.6486,7.4251],[-0.6442,7.4227],[-0.6414,7.4191],[-0.6408,7.4153],[-0.6405,7.4121],[-0.6383,7.4089],[-0.639,7.4047],[-0.6366,7.3993],[-0.6345,7.3963],[-0.6327,7.3931],[-0.6306,7.3905],[-0.6279,7.3879],[-0.625,7.3841],[-0.6213,7.3827],[-0.6173,7.3789],[-0.6151,7.3755],[-0.6125,7.3723],[-0.6106,7.3681],[-0.6087,7.3643],[-0.6075,7.3613],[-0.6048,7.3595],[-0.602,7.3571],[-0.6002,7.3541],[-0.5996,7.3503],[-0.5938,7.3477],[-0.5894,7.3501],[-0.586,7.3501],[-0.5823,7.3507],[-0.5777,7.3519],[-0.5736,7.3533],[-0.5699,7.3527],[-0.5656,7.3519],[-0.5613,7.3523],[-0.5559,7.3519],[-0.552,7.3545],[-0.5472,7.3547],[-0.544,7.3537],[-0.5409,7.3545],[-0.5385,7.3521],[-0.5348,7.3483],[-0.5308,7.3481],[-0.5269,7.3473],[-0.5226,7.3457],[-0.5179,7.3453],[-0.5127,7.3435],[-0.5081,7.3427],[-0.5042,7.3411],[-0.5017,7.3429],[-0.4989,7.3423],[-0.4975,7.3399],[-0.4948,7.3411],[-0.4921,7.3427],[-0.488,7.3395],[-0.4831,7.3375],[-0.4789,7.3369],[-0.4752,7.3363],[-0.4721,7.3377],[-0.4686,7.3351],[-0.465,7.3339],[-0.4623,7.3323],[-0.4592,7.3317],[-0.4554,7.3329],[-0.4507,7.3323],[-0.447,7.3321],[-0.4445,7.3303],[-0.4414,7.3301],[-0.4391,7.3267],[-0.4345,7.3255],[-0.4316,7.3235],[-0.4275,7.3251],[-0.4221,7.3213],[-0.417,7.3203],[-0.4127,7.3193],[-0.4079,7.3179],[-0.4054,7.3163],[-0.4016,7.3141],[-0.3973,7.3123],[-0.3933,7.3113],[-0.388,7.3123],[-0.3849,7.3117],[-0.3832,7.3141],[-0.3802,7.3111],[-0.3763,7.3095],[-0.3728,7.3117],[-0.3698,7.3113],[-0.3667,7.3115],[-0.3631,7.3117],[-0.3594,7.3099],[-0.3556,7.3073],[-0.3564,7.3025],[-0.3543,7.2995],[-0.351,7.2963],[-0.3478,7.2939],[-0.3442,7.2929],[-0.3402,7.2937],[-0.337,7.2933],[-0.3343,7.2913],[-0.3307,7.2895],[-0.3296,7.2863],[-0.3261,7.2851],[-0.324,7.2819],[-0.3199,7.2839],[-0.3142,7.2849],[-0.3099,7.2849],[-0.3094,7.2821],[-0.3062,7.2787],[-0.3015,7.2789],[-0.2988,7.2819],[-0.2957,7.2831],[-0.2923,7.2835],[-0.2889,7.2829],[-0.2857,7.2801],[-0.2827,7.2777],[-0.2792,7.2767],[-0.2757,7.2743],[-0.2729,7.2691],[-0.2687,7.2675],[-0.2649,7.2673],[-0.262,7.2655],[-0.2616,7.2597],[-0.2598,7.2557],[-0.2602,7.2501],[-0.2589,7.2467],[-0.2577,7.2433],[-0.2576,7.2399],[-0.2568,7.2359],[-0.2547,7.2321],[-0.2559,7.2293],[-0.2527,7.2251],[-0.2475,7.2229],[-0.2434,7.2223],[-0.243,7.2185],[-0.2432,7.2155],[-0.2431,7.2115],[-0.2412,7.2089],[-0.2393,7.2033]]]},"properties":{"adm1_pcode":"GH04","adm1_name":"Bono East","center_lat":7.97460938,"center_lon":-1.10445361}},
{"type":"Feature","geometry":{"type":"Polygon","coordinates":[[[-2.0748,6.2929],[-2.0774,6.2897],[-2.0783,6.2849],[-2.0788,6.2819],[-2.0799,6.2779],[-2.0806,6.2745],[-2.0828,6.2713],[-2.085,6.2683],[-2.0853,6.2645],[-2.0871,6.2619],[-2.0888,6.2579],[-2.0897,6.2551],[-2.0931,6.2511],[-2.096,6.2475],[-2.0982,6.2441],[-2.0998,6.2407],[-2.104,6.2423],[-2.1057,6.2451],[-2.109,6.2463],[-2.1126,6.2477],[-2.1171,6.2487],[-2.1211,6.2497],[-2.1267,6.2511],[-2.1301,6.2547],[-2.1312,6.2577],[-2.1349,6.2557],[-2.1384,6.2527],[-2.1408,6.2505],[-2.1431,6.2471],[-2.145,6.2441],[-2.1484,6.2389],[-2.1519,6.2363],[-2.1545,6.2345],[-2.1608,6.2285],[-2.1679,6.2217],[-2.1712,6.2187],[-2.1755,6.2143],[-2.1917,6.2037],[-2.1958,6.2013],[-2.1988,6.2001],[-2.2044,6.1985],[-2.2011,6.1839],[-2.1997,6.1799],[-2.1973,6.1727],[-2.1942,6.1633],[-2.1921,6.1571],[-2.1896,6.1471],[-2.1877,6.1433],[-2.1825,6.1267],[-2.1818,6.1229],[-2.1785,6.1199],[-2.1751,6.1211],[-2.1717,6.1235],[-2.1655,6.1215],[-2.1623,6.1187],[-2.1608,6.1151],[-2.1578,6.1113],[-2.1562,6.1089],[-2.1535,6.1055],[-2.1503,6.1041],[-2.1473,6.1017],[-2.1422,6.1005],[-2.1414,6.0953],[-2.14,6.0917],[-2.1356,6.0915],[-2.1314,6.0923],[-2.1032,6.0849],[-2.0783,6.0771],[-2.0711,6.0757],[-2.0587,6.0715],[-2.0501,6.0621],[-2.0476,6.0593],[-2.0477,6.0561],[-2.051,6.0509],[-2.0479,6.0507],[-2.0447,6.0481],[-2.0416,6.0477],[-2.0387,6.0471],[-2.0358,6.0453],[-2.032,6.0439],[-2.0266,6.0417],[-2.0237,6.0381],[-2.0212,6.0349],[-2.0182,6.0277],[-2.0089,6.0243],[-2.0022,6.0251],[-1.9922,6.0217],[-1.9853,6.0165],[-1.9842,6.0107],[-1.9801,6.0081],[-1.9763,6.0055],[-1.9732,6.0031],[-1.9685,6.0011],[-1.9663,5.9977],[-1.9636,5.9953],[-1.9612,5.9939],[-1.9565,5.9887],[-1.9531,5.9841],[-1.9485,5.9823],[-1.9453,5.9835],[-1.9436,5.9803],[-1.9434,5.9767],[-1.9392,5.9697],[-1.9391,5.9659],[-1.9404,5.9589],[-1.9392,5.9559],[-1.9355,5.9531],[-1.9338,5.9489],[-1.93,5.9463],[-1.9281,5.9427],[-1.9211,5.9397],[-1.9094,5.9361],[-1.9119,5.9327],[-1.9106,5.9293],[-1.9059,5.9231],[-1.9043,5.9207],[-1.9031,5.9175],[-1.9002,5.9171],[-1.8949,5.9173],[-1.8914,5.9145],[-1.8896,5.9117],[-1.8879,5.9079],[-1.8879,5.9043],[-1.8882,5.8991],[-1.8846,5.8955],[-1.882,5.8917],[-1.878,5.8891],[-1.8741,5.8869],[-1.8703,5.8843],[-1.8673,5.8845],[-1.8642,5.8861],[-1.8603,5.8869],[-1.8559,5.8891],[-1.8538,5.8951],[-1.8501,5.8973],[-1.8442,5.8999],[-1.841,5.9011],[-1.8396,5.8975],[-1.8366,5.8955],[-1.8306,5.8961],[-1.8296,5.8999],[-1.8256,5.8993],[-1.8223,5.8955],[-1.8189,5.8935],[-1.8156,5.8903],[-1.8149,5.8841],[-1.8142,5.8803],[-1.8151,5.8727],[-1.8147,5.8685],[-1.8161,5.8645],[-1.8185,5.8595],[-1.8203,5.8563],[-1.8227,5.8539],[-1.823,5.8509],[-1.8236,5.8465],[-1.8257,5.8415],[-1.8281,5.8363],[-1.8308,5.8307],[-1.8324,5.8271],[-1.8319,5.8219],[-1.8346,5.8179],[-1.837,5.8143],[-1.8399,5.8097],[-1.8397,5.8061],[-1.8432,5.8049],[-1.8415,5.8017],[-1.8389,5.7979],[-1.8372,5.7945],[-1.8359,5.7909],[-1.8341,5.7941],[-1.8303,5.7923],[-1.8297,5.7857],[-1.8347,5.7855],[-1.8402,5.7815],[-1.8429,5.7777],[-1.8488,5.7703],[-1.8505,5.7673],[-1.8474,5.7653],[-1.8441,5.7651],[-1.8305,5.7617],[-1.8274,5.7617],[-1.8111,5.7595],[-1.8042,5.7531],[-1.8014,5.7513],[-1.8001,5.7481],[-1.8009,5.7445],[-1.8051,5.7423],[-1.8086,5.7407],[-1.8103,5.7377],[-1.8135,5.7357],[-1.8128,5.7325],[-1.8156,5.7303],[-1.8165,5.7261],[-1.8124,5.7259],[-1.8084,5.7267],[-1.8045,5.7283],[-1.8016,5.7293],[-1.7984,5.7297],[-1.7945,5.7309],[-1.7906,5.7323],[-1.7865,5.7327],[-1.7846,5.7297],[-1.784,5.7251],[-1.7852,5.7209],[-1.7871,5.7165],[-1.7891,5.7131],[-1.791,5.7099],[-1.7918,5.7041],[-1.7907,5.6987],[-1.7921,5.6953],[-1.795,5.6919],[-1.8001,5.6893],[-1.8034,5.6871],[-1.8073,5.6823],[-1.8095,5.6781],[-1.813,5.6759],[-1.8181,5.6747],[-1.8203,5.6591],[-1.8233,5.6437],[-1.8245,5.6333],[-1.8264,5.6235],[-1.8274,5.6149],[-1.829,5.6037],[-1.8322,5.5925],[-1.824,5.5933],[-1.817,5.5969],[-1.8126,5.5989],[-1.8076,5.6013],[-1.8024,5.6035],[-1.7939,5.6073],[-1.7858,5.6111],[-1.7782,5.6145],[-1.7705,5.6179],[-1.7621,5.6217],[-1.7483,5.6263],[-1.7387,5.6241],[-1.7318,5.6281],[-1.7276,5.6287],[-1.723,5.6291],[-1.719,5.6309],[-1.7152,5.6349],[-1.7075,5.6369],[-1.7031,5.6381],[-1.6966,5.6397],[-1.6933,5.6411],[-1.6849,5.6415],[-1.6817,5.6377],[-1.6785,5.6347],[-1.6778,5.6307],[-1.6762,5.6249],[-1.6759,5.6179],[-1.6757,5.6137],[-1.6759,5.6099],[-1.6722,5.6101],[-1.6687,5.6109],[-1.6653,5.6135],[-1.6607,5.6165],[-1.6565,5.6181],[-1.6511,5.6177],[-1.6465,5.6177],[-1.6432,5.6169],[-1.6407,5.6151],[-1.6379,5.6129],[-1.6316,5.6095],[-1.6296,5.6073],[-1.6271,5.6037],[-1.624,5.6021],[-1.6209,5.5979],[-1.6186,5.5911],[-1.6177,5.5861],[-1.6146,5.5801],[-1.6121,5.5775],[-1.609,5.5737],[-1.6059,5.5667],[-1.5983,5.5659],[-1.5946,5.5649],[-1.5923,5.5625],[-1.592,5.5593],[-1.5913,5.5557],[-1.5917,5.5489],[-1.5935,5.5437],[-1.5947,5.5389],[-1.5951,5.5349],[-1.5944,5.5299],[-1.5981,5.5303],[-1.603,5.5317],[-1.6067,5.5319],[-1.61,5.5299],[-1.6128,5.5231],[-1.6154,5.5195],[-1.6142,5.5155],[-1.6157,5.5113],[-1.6168,5.5031],[-1.6167,5.4997],[-1.6157,5.4963],[-1.6151,5.4929],[-1.6143,5.4869],[-1.614,5.4815],[-1.6125,5.4777],[-1.6124,5.4713],[-1.6126,5.4673],[-1.6109,5.4627],[-1.6085,5.4599],[-1.6052,5.4579],[-1.6021,5.4553],[-1.6017,5.4519],[-1.6065,5.4471],[-1.6102,5.4455],[-1.615,5.4445],[-1.6179,5.4429],[-1.6212,5.4409],[-1.6239,5.4383],[-1.6255,5.4351],[-1.6267,5.4325],[-1.6273,5.4279],[-1.6281,5.4231],[-1.6259,5.4205],[-1.6227,5.4217],[-1.6197,5.4255],[-1.6164,5.4239],[-1.6122,5.4225],[-1.6078,5.4221],[-1.6049,5.4205],[-1.6051,5.4175],[-1.601,5.4127],[-1.596,5.4111],[-1.5895,5.4109],[-1.5849,5.4107],[-1.5804,5.4109],[-1.5753,5.4117],[-1.5712,5.4127],[-1.5678,5.4139],[-1.5623,5.4149],[-1.5586,5.4119],[-1.5553,5.4105],[-1.5522,5.4087],[-1.5483,5.4073],[-1.5446,5.4075],[-1.5416,5.4069],[-1.5382,5.4049],[-1.5335,5.4031],[-1.5301,5.4037],[-1.5261,5.4027],[-1.523,5.4003],[-1.5194,5.3975],[-1.5169,5.3941],[-1.5134,5.3927],[-1.5108,5.3947],[-1.5053,5.4001],[-1.5004,5.4009],[-1.4958,5.3997],[-1.4927,5.3991],[-1.4893,5.3993],[-1.4842,5.3949],[-1.4793,5.3899],[-1.4756,5.3837],[-1.474,5.3779],[-1.4703,5.3795],[-1.4621,5.3819],[-1.4612,5.3769],[-1.4604,5.3721],[-1.4594,5.3667],[-1.4585,5.3613],[-1.4579,5.3575],[-1.4554,5.3477],[-1.4535,5.3451],[-1.4505,5.3425],[-1.4471,5.3405],[-1.4412,5.3393],[-1.4375,5.3383],[-1.4298,5.3317],[-1.4261,5.3283],[-1.4238,5.3263],[-1.419,5.3219],[-1.4141,5.3179],[-1.4076,5.3121],[-1.4041,5.3059],[-1.3998,5.2981],[-1.4074,5.2957],[-1.4152,5.2931],[-1.4214,5.2911],[-1.4245,5.2901],[-1.4276,5.2891],[-1.4305,5.2815],[-1.4331,5.2743],[-1.4355,5.2675],[-1.4404,5.2677],[-1.4441,5.2679],[-1.4453,5.2619],[-1.4478,5.2475],[-1.448,5.2399],[-1.4478,5.2345],[-1.4486,5.2297],[-1.4481,5.2263],[-1.4475,5.2227],[-1.4455,5.2149],[-1.4468,5.2103],[-1.45,5.2101],[-1.4545,5.2109],[-1.4602,5.2079],[-1.4639,5.2083],[-1.4672,5.2085],[-1.4705,5.2091],[-1.4734,5.2087],[-1.4775,5.2083],[-1.481,5.2099],[-1.4847,5.2089],[-1.4891,5.2077],[-1.4926,5.2075],[-1.4967,5.2069],[-1.5017,5.2067],[-1.5084,5.2071],[-1.5127,5.2051],[-1.5161,5.2037],[-1.5197,5.2025],[-1.5223,5.2005],[-1.5232,5.1967],[-1.5245,5.1935],[-1.524,5.1897],[-1.5244,5.1867],[-1.523,5.1825],[-1.5241,5.1791],[-1.525,5.1739],[-1.5266,5.1703],[-1.5302,5.1717],[-1.5344,5.1725],[-1.5356,5.1667],[-1.5381,5.1639],[-1.5432,5.1633],[-1.547,5.1615],[-1.55,5.1605],[-1.553,5.1607],[-1.5577,5.1599],[-1.562,5.1601],[-1.5678,5.1601],[-1.5778,5.1579],[-1.5815,5.1549],[-1.5797,5.1407],[-1.5801,5.1255],[-1.5804,5.1139],[-1.5818,5.1007],[-1.581,5.0893],[-1.579,5.0663],[-1.5791,5.0455],[-1.5802,5.0331],[-1.5714,5.0335],[-1.5678,5.0337],[-1.5627,5.0341],[-1.5569,5.0355],[-1.5533,5.0363],[-1.5499,5.0375],[-1.5465,5.0379],[-1.5418,5.0383],[-1.5375,5.0391],[-1.5335,5.0393],[-1.5302,5.0405],[-1.5261,5.0415],[-1.5203,5.0419],[-1.5145,5.0425],[-1.5089,5.0429],[-1.5048,5.0433],[-1.5011,5.0451],[-1.495,5.0475],[-1.4908,5.0485],[-1.4878,5.0493],[-1.4845,5.0519],[-1.48,5.0529],[-1.4766,5.0543],[-1.4735,5.0555],[-1.4706,5.0561],[-1.4658,5.0565],[-1.4616,5.0571],[-1.4574,5.0571],[-1.4528,5.0575],[-1.4485,5.0579],[-1.4448,5.0583],[-1.4406,5.0601],[-1.438,5.0629],[-1.4329,5.0647],[-1.4289,5.0653],[-1.4261,5.0659],[-1.4231,5.0673],[-1.4182,5.0683],[-1.4151,5.0685],[-1.4103,5.0685],[-1.4074,5.0691],[-1.4036,5.0695],[-1.3991,5.0697],[-1.3942,5.0705],[-1.3908,5.0721],[-1.3875,5.0735],[-1.3836,5.0743],[-1.3775,5.0745],[-1.3737,5.0761],[-1.3703,5.0773],[-1.3657,5.0781],[-1.3596,5.0791],[-1.3542,5.0803],[-1.3501,5.0813],[-1.3472,5.0837],[-1.3482,5.0875],[-1.3456,5.0897],[-1.3413,5.0917],[-1.3373,5.0927],[-1.333,5.0937],[-1.3272,5.0949],[-1.3224,5.0963],[-1.3164,5.0977],[-1.31,5.0979],[-1.3048,5.0983],[-1.3,5.0987],[-1.2926,5.0975],[-1.2792,5.0987],[-1.2638,5.0989],[-1.2556,5.0995],[-1.2515,5.1005],[-1.2474,5.1007],[-1.2401,5.1029],[-1.2363,5.1061],[-1.2324,5.1081],[-1.228,5.1113],[-1.2246,5.1131],[-1.2172,5.1161],[-1.2121,5.1197],[-1.2077,5.1193],[-1.2047,5.1205],[-1.1986,5.1275],[-1.1978,5.1315],[-1.1998,5.1343],[-1.1967,5.1355],[-1.1944,5.1375],[-1.1903,5.1389],[-1.1865,5.1395],[-1.1816,5.1407],[-1.1776,5.1413],[-1.1691,5.1441],[-1.1661,5.1455],[-1.162,5.1491],[-1.1597,5.1527],[-1.1572,5.1559],[-1.1548,5.1577],[-1.1505,5.1605],[-1.1488,5.1637],[-1.1417,5.1665],[-1.1384,5.1671],[-1.1294,5.1705],[-1.1182,5.1745],[-1.1148,5.1785],[-1.1104,5.1797],[-1.1066,5.1809],[-1.1015,5.1855],[-1.0977,5.1875],[-1.0954,5.1897],[-1.0916,5.1933],[-1.0835,5.1961],[-1.0674,5.1987],[-1.0482,5.1999],[-1.0248,5.2011],[-1.0203,5.2013],[-1.0144,5.2019],[-1.0108,5.2015],[-0.9846,5.2021],[-0.9793,5.2023],[-0.9739,5.2023],[-0.9703,5.2023],[-0.9667,5.2025],[-0.9278,5.2049],[-0.9239,5.2051],[-0.9201,5.2053],[-0.9155,5.2055],[-0.9106,5.2057],[-0.9066,5.2057],[-0.9027,5.2059],[-0.8978,5.2061],[-0.8931,5.2065],[-0.8897,5.2065],[-0.8866,5.2069],[-0.8823,5.2073],[-0.8781,5.2073],[-0.8732,5.2079],[-0.8689,5.2079],[-0.8653,5.2079],[-0.8609,5.2083],[-0.8568,5.2085],[-0.853,5.2087],[-0.8479,5.2091],[-0.8427,5.2095],[-0.838,5.2099],[-0.8337,5.2105],[-0.8302,5.2109],[-0.8217,5.2123],[-0.8176,5.2133],[-0.813,5.2141],[-0.8101,5.2153],[-0.8071,5.2163],[-0.8055,5.2189],[-0.8035,5.2209],[-0.7993,5.2229],[-0.7947,5.2247],[-0.7907,5.2277],[-0.7894,5.2325],[-0.7842,5.2359],[-0.7808,5.2397],[-0.7792,5.2437],[-0.7775,5.2465],[-0.7747,5.2477],[-0.7705,5.2495],[-0.7665,5.2511],[-0.7604,5.2539],[-0.7584,5.2563],[-0.7561,5.2587],[-0.7566,5.2629],[-0.7549,5.2657],[-0.7519,5.2681],[-0.7488,5.2731],[-0.7462,5.2753],[-0.743,5.2765],[-0.7379,5.2783],[-0.7339,5.2801],[-0.732,5.2821],[-0.728,5.2851],[-0.7298,5.2879],[-0.7307,5.2919],[-0.7304,5.2949],[-0.727,5.2983],[-0.7234,5.3003],[-0.7196,5.3019],[-0.7167,5.3031],[-0.7136,5.3041],[-0.7088,5.3055],[-0.7039,5.3075],[-0.6999,5.3087],[-0.6962,5.3109],[-0.6919,5.3121],[-0.6884,5.3131],[-0.6852,5.3139],[-0.6823,5.3155],[-0.6781,5.3173],[-0.6737,5.3193],[-0.6689,5.3209],[-0.6656,5.3219],[-0.6538,5.3245],[-0.6505,5.3253],[-0.6463,5.3263],[-0.643,5.3271],[-0.6402,5.3277],[-0.6331,5.3291],[-0.6232,5.3315],[-0.6119,5.3369],[-0.5984,5.3433],[-0.5891,5.3481],[-0.5649,5.3605],[-0.5543,5.3655],[-0.5509,5.3655],[-0.5474,5.3661],[-0.5436,5.3667],[-0.5395,5.3677],[-0.5257,5.3705],[-0.5217,5.3713],[-0.5113,5.3743],[-0.5077,5.3755],[-0.5042,5.3765],[-0.5013,5.3773],[-0.4981,5.3787],[-0.4963,5.3813],[-0.4931,5.3833],[-0.4893,5.3855],[-0.4893,5.3883],[-0.4873,5.3917],[-0.4845,5.3953],[-0.4827,5.3985],[-0.4806,5.4021],[-0.4763,5.4045],[-0.4738,5.4067],[-0.4656,5.4129],[-0.4644,5.4155],[-0.4635,5.4183],[-0.4641,5.4221],[-0.4667,5.4261],[-0.4643,5.4301],[-0.4615,5.4327],[-0.4592,5.4345],[-0.4553,5.4369],[-0.4517,5.4387],[-0.4483,5.4401],[-0.4447,5.4423],[-0.42,5.4529],[-0.4142,5.4571],[-0.4097,5.4619],[-0.4074,5.4647],[-0.4059,5.4697],[-0.4063,5.4747],[-0.4056,5.4795],[-0.4027,5.4827],[-0.4011,5.4863],[-0.4024,5.4897],[-0.4037,5.4925],[-0.4033,5.4969],[-0.4042,5.5011],[-0.4043,5.5041],[-0.4041,5.5079],[-0.4047,5.5113],[-0.4054,5.5145],[-0.4078,5.5181],[-0.4103,5.5217],[-0.4126,5.5243],[-0.4132,5.5277],[-0.4146,5.5325],[-0.4154,5.5379],[-0.4148,5.5413],[-0.4144,5.5445],[-0.4131,5.5483],[-0.4121,5.5521],[-0.4103,5.5565],[-0.4069,5.5595],[-0.403,5.5625],[-0.4008,5.5669],[-0.4027,5.5697],[-0.4054,5.5723],[-0.4061,5.5765],[-0.4078,5.5803],[-0.4099,5.5829],[-0.4132,5.5865],[-0.4157,5.5887],[-0.4173,5.5925],[-0.4191,5.5957],[-0.4224,5.5993],[-0.425,5.6023],[-0.4276,5.6051],[-0.4261,5.6107],[-0.4268,5.6141],[-0.4281,5.6177],[-0.4309,5.6207],[-0.4337,5.6219],[-0.4378,5.6235],[-0.4416,5.6263],[-0.4447,5.6287],[-0.4475,5.6313],[-0.4524,5.6319],[-0.4558,5.6347],[-0.4578,5.6367],[-0.4621,5.6383],[-0.4659,5.6395],[-0.4706,5.6415],[-0.474,5.6435],[-0.4765,5.6453],[-0.4797,5.6465],[-0.4833,5.6469],[-0.4901,5.6455],[-0.4946,5.6447],[-0.497,5.6475],[-0.4964,5.6517],[-0.4943,5.6555],[-0.4958,5.6601],[-0.4984,5.6645],[-0.5002,5.6689],[-0.5036,5.6721],[-0.505,5.6763],[-0.507,5.6801],[-0.5092,5.6831],[-0.5124,5.6849],[-0.5172,5.6873],[-0.5186,5.6915],[-0.5196,5.6949],[-0.5192,5.6979],[-0.5198,5.7011],[-0.5202,5.7043],[-0.5151,5.7077],[-0.5111,5.7105],[-0.5088,5.7149],[-0.5094,5.7213],[-0.511,5.7259],[-0.5096,5.7317],[-0.5113,5.7343],[-0.5089,5.7367],[-0.5129,5.7369],[-0.5158,5.7377],[-0.5187,5.7377],[-0.5201,5.7349],[-0.5245,5.7341],[-0.5294,5.7351],[-0.5344,5.7373],[-0.5394,5.7375],[-0.544,5.7377],[-0.5471,5.7379],[-0.5499,5.7389],[-0.5542,5.7385],[-0.5573,5.7375],[-0.562,5.7369],[-0.5667,5.7393],[-0.5695,5.7371],[-0.5721,5.7353],[-0.581,5.7369],[-0.5917,5.7315],[-0.5974,5.7299],[-0.6032,5.7271],[-0.6101,5.7237],[-0.6155,5.7241],[-0.6197,5.7239],[-0.6223,5.7211],[-0.6263,5.7215],[-0.6299,5.7219],[-0.6334,5.7249],[-0.6359,5.7273],[-0.6388,5.7293],[-0.6405,5.7317],[-0.6437,5.7349],[-0.6482,5.7361],[-0.6538,5.7367],[-0.6585,5.7365],[-0.663,5.7369],[-0.6684,5.7369],[-0.6789,5.7389],[-0.6863,5.7391],[-0.6892,5.7373],[-0.6934,5.7339],[-0.6928,5.7301],[-0.6957,5.7271],[-0.6956,5.7215],[-0.6956,5.7175],[-0.6985,5.7143],[-0.7031,5.7131],[-0.7111,5.7121],[-0.7165,5.7123],[-0.7224,5.7125],[-0.7271,5.7139],[-0.7318,5.7145],[-0.7347,5.7129],[-0.738,5.7109],[-0.7412,5.7107],[-0.748,5.7101],[-0.7512,5.7101],[-0.7559,5.7103],[-0.7589,5.7085],[-0.7652,5.7091],[-0.7689,5.7111],[-0.7737,5.7131],[-0.7777,5.7137],[-0.7802,5.7115],[-0.7829,5.7081],[-0.7859,5.7105],[-0.7851,5.7161],[-0.7868,5.7203],[-0.7882,5.7247],[-0.7945,5.7261],[-0.7999,5.7271],[-0.8073,5.7291],[-0.8138,5.7309],[-0.8129,5.7385],[-0.8134,5.7445],[-0.8191,5.7447],[-0.8307,5.7465],[-0.8338,5.7503],[-0.8371,5.7535],[-0.8398,5.7551],[-0.844,5.7565],[-0.8478,5.7573],[-0.8526,5.7573],[-0.8556,5.7575],[-0.8588,5.7575],[-0.8656,5.7571],[-0.8715,5.7571],[-0.8744,5.7571],[-0.8802,5.7579],[-0.8792,5.7517],[-0.8784,5.7485],[-0.8801,5.7459],[-0.8797,5.7427],[-0.8839,5.7417],[-0.888,5.7413],[-0.892,5.7411],[-0.8949,5.7405],[-0.8983,5.7399],[-0.9052,5.7387],[-0.911,5.7391],[-0.9166,5.7395],[-0.9229,5.7397],[-0.928,5.7399],[-0.9334,5.7401],[-0.937,5.7401],[-0.9426,5.7401],[-0.9477,5.7397],[-0.9521,5.7387],[-0.9561,5.7401],[-0.959,5.7447],[-0.9614,5.7471],[-0.964,5.7489],[-0.9682,5.7507],[-0.9724,5.7533],[-0.9764,5.7521],[-0.9812,5.7517],[-0.9844,5.7509],[-0.9881,5.7493],[-0.9911,5.7475],[-0.9919,5.7425],[-0.994,5.7399],[-0.9974,5.7415],[-0.9986,5.7453],[-1.0026,5.7435],[-1.0089,5.7427],[-1.0125,5.7423],[-1.0239,5.7403],[-1.0266,5.7393],[-1.0323,5.7379],[-1.0369,5.7405],[-1.04,5.7435],[-1.0409,5.7481],[-1.0431,5.7517],[-1.0485,5.7521],[-1.052,5.7521],[-1.0602,5.7517],[-1.0642,5.7503],[-1.0675,5.7489],[-1.0706,5.7483],[-1.0772,5.7493],[-1.0833,5.7477],[-1.0911,5.7427],[-1.0962,5.7299],[-1.0971,5.7261],[-1.0964,5.7229],[-1.0946,5.7187],[-1.0944,5.7137],[-1.097,5.7077],[-1.0988,5.7041],[-1.0998,5.7009],[-1.1086,5.7091],[-1.1209,5.7205],[-1.1344,5.7213],[-1.135,5.7129],[-1.1357,5.7045],[-1.1439,5.7043],[-1.1429,5.7081],[-1.1422,5.7129],[-1.1458,5.7179],[-1.151,5.7251],[-1.1548,5.7217],[-1.1581,5.7209],[-1.1629,5.7225],[-1.1635,5.7265],[-1.1648,5.7295],[-1.1654,5.7323],[-1.1644,5.7355],[-1.1635,5.7391],[-1.1638,5.7439],[-1.1646,5.7475],[-1.166,5.7517],[-1.1656,5.7561],[-1.164,5.7601],[-1.1629,5.7639],[-1.1628,5.7675],[-1.1651,5.7717],[-1.1674,5.7765],[-1.1674,5.7799],[-1.1679,5.7845],[-1.1668,5.7889],[-1.1661,5.7933],[-1.1657,5.7973],[-1.165,5.8019],[-1.1621,5.8061],[-1.1608,5.8087],[-1.1587,5.8123],[-1.1585,5.8181],[-1.1592,5.8217],[-1.1615,5.8243],[-1.1646,5.8275],[-1.1662,5.8331],[-1.1684,5.8375],[-1.1689,5.8407],[-1.1681,5.8447],[-1.1654,5.8469],[-1.1629,5.8483],[-1.1602,5.8529],[-1.1609,5.8575],[-1.1632,5.8617],[-1.1666,5.8629],[-1.1682,5.8663],[-1.1673,5.8705],[-1.1664,5.8737],[-1.1644,5.8793],[-1.1626,5.8867],[-1.1626,5.8909],[-1.1629,5.8939],[-1.1632,5.8977],[-1.1645,5.9013],[-1.166,5.9043],[-1.1684,5.9083],[-1.1729,5.9103],[-1.1771,5.9089],[-1.1809,5.9103],[-1.1847,5.9111],[-1.188,5.9133],[-1.1913,5.9147],[-1.1939,5.9173],[-1.1978,5.9167],[-1.2005,5.9183],[-1.2033,5.9205],[-1.2058,5.9229],[-1.2091,5.9245],[-1.213,5.9285],[-1.2156,5.9305],[-1.218,5.9323],[-1.2208,5.9339],[-1.2248,5.9353],[-1.2288,5.9331],[-1.2336,5.9345],[-1.2371,5.9323],[-1.2415,5.9315],[-1.2437,5.9275],[-1.2455,5.9235],[-1.2459,5.9207],[-1.2459,5.9177],[-1.2446,5.9145],[-1.2479,5.9137],[-1.2527,5.9137],[-1.2555,5.9115],[-1.2561,5.9157],[-1.2603,5.9157],[-1.263,5.9107],[-1.2625,5.9057],[-1.2593,5.9039],[-1.26,5.9011],[-1.2611,5.8937],[-1.2646,5.8909],[-1.2677,5.8925],[-1.27,5.8947],[-1.271,5.8977],[-1.2727,5.9017],[-1.2759,5.9023],[-1.2787,5.9009],[-1.2827,5.8995],[-1.2856,5.8963],[-1.2879,5.8937],[-1.2896,5.8899],[-1.2927,5.8877],[-1.2963,5.8861],[-1.3012,5.8869],[-1.3073,5.8893],[-1.3068,5.8927],[-1.3053,5.8965],[-1.3045,5.9009],[-1.3075,5.9029],[-1.31,5.9045],[-1.312,5.9077],[-1.3113,5.9107],[-1.3116,5.9159],[-1.3095,5.9191],[-1.3069,5.9229],[-1.3093,5.9259],[-1.3129,5.9245],[-1.3175,5.9239],[-1.3178,5.9195],[-1.3196,5.9163],[-1.3244,5.9141],[-1.3286,5.9145],[-1.3316,5.9161],[-1.3363,5.9163],[-1.3391,5.9129],[-1.3427,5.9115],[-1.3433,5.9143],[-1.3406,5.9159],[-1.3391,5.9185],[-1.3369,5.9219],[-1.3368,5.9265],[-1.3421,5.9233],[-1.3469,5.9211],[-1.347,5.9247],[-1.3478,5.9279],[-1.3485,5.9315],[-1.352,5.9319],[-1.3559,5.9339],[-1.3592,5.9337],[-1.3626,5.9335],[-1.3662,5.9333],[-1.3691,5.9331],[-1.3733,5.9331],[-1.3766,5.9339],[-1.3772,5.9301],[-1.3745,5.9261],[-1.3752,5.9219],[-1.3784,5.9189],[-1.3803,5.9165],[-1.3839,5.9175],[-1.3895,5.9193],[-1.3937,5.9195],[-1.3966,5.9175],[-1.4007,5.9189],[-1.4047,5.9219],[-1.4079,5.9217],[-1.4124,5.9219],[-1.4163,5.9221],[-1.4177,5.9187],[-1.4165,5.9145],[-1.4182,5.9123],[-1.4199,5.9079],[-1.4222,5.9039],[-1.4259,5.9065],[-1.4289,5.9089],[-1.4325,5.9059],[-1.4353,5.9039],[-1.438,5.9015],[-1.4421,5.9027],[-1.4453,5.9041],[-1.4497,5.9061],[-1.4525,5.9049],[-1.4532,5.9009],[-1.4545,5.8955],[-1.4575,5.8941],[-1.4614,5.8963],[-1.4629,5.8991],[-1.4624,5.9023],[-1.4633,5.9051],[-1.467,5.9037],[-1.4665,5.9003],[-1.4657,5.8975],[-1.4647,5.8935],[-1.4625,5.8899],[-1.4594,5.8871],[-1.4594,5.8837],[-1.4611,5.8787],[-1.4607,5.8737],[-1.4613,5.8697],[-1.4613,5.8661],[-1.462,5.8627],[-1.4659,5.8623],[-1.4705,5.8607],[-1.4722,5.8579],[-1.4752,5.8561],[-1.4779,5.8575],[-1.4777,5.8611],[-1.4796,5.8641],[-1.4826,5.8665],[-1.4874,5.8675],[-1.4875,5.8631],[-1.492,5.8639],[-1.4946,5.8677],[-1.4975,5.8687],[-1.5005,5.8699],[-1.4991,5.8743],[-1.5023,5.8763],[-1.5078,5.8763],[-1.5127,5.8753],[-1.5168,5.8729],[-1.5202,5.8747],[-1.5193,5.8785],[-1.5183,5.8823],[-1.517,5.8863],[-1.5167,5.8895],[-1.5142,5.8909],[-1.5111,5.8913],[-1.5082,5.8903],[-1.5068,5.8875],[-1.5038,5.8881],[-1.5009,5.8889],[-1.4988,5.8925],[-1.5038,5.8961],[-1.5033,5.8995],[-1.5005,5.9029],[-1.5022,5.9069],[-1.5045,5.9087],[-1.5086,5.9099],[-1.5111,5.9119],[-1.515,5.9135],[-1.5176,5.9173],[-1.5191,5.9215],[-1.5194,5.9257],[-1.5221,5.9291],[-1.5248,5.9263],[-1.5262,5.9221],[-1.53,5.9233],[-1.5306,5.9283],[-1.5284,5.9329],[-1.5277,5.9365],[-1.5308,5.9393],[-1.5341,5.9387],[-1.5384,5.9397],[-1.5415,5.9397],[-1.545,5.9387],[-1.5467,5.9359],[-1.5437,5.9335],[-1.5406,5.9313],[-1.5437,5.9299],[-1.5457,5.9279],[-1.5499,5.9277],[-1.5548,5.9285],[-1.5591,5.9253],[-1.5642,5.9273],[-1.5676,5.9261],[-1.5677,5.9293],[-1.5707,5.9327],[-1.574,5.9313],[-1.5732,5.9283],[-1.5723,5.9249],[-1.5755,5.9237],[-1.5786,5.9213],[-1.5819,5.9183],[-1.5839,5.9217],[-1.5826,5.9269],[-1.5848,5.9303],[-1.587,5.9321],[-1.59,5.9349],[-1.591,5.9317],[-1.5901,5.9275],[-1.5942,5.9245],[-1.5977,5.9279],[-1.6015,5.9289],[-1.6051,5.9277],[-1.6095,5.9257],[-1.6125,5.9281],[-1.6171,5.9287],[-1.62,5.9273],[-1.6205,5.9315],[-1.6237,5.9275],[-1.627,5.9277],[-1.631,5.9291],[-1.6344,5.9285],[-1.636,5.9311],[-1.6384,5.9333],[-1.642,5.9327],[-1.6452,5.9301],[-1.6469,5.9255],[-1.6516,5.9239],[-1.6544,5.9223],[-1.6609,5.9235],[-1.6628,5.9213],[-1.664,5.9185],[-1.667,5.9173],[-1.6714,5.9153],[-1.6748,5.9187],[-1.6745,5.9225],[-1.6782,5.9245],[-1.6822,5.9271],[-1.6857,5.9303],[-1.6889,5.9327],[-1.6926,5.9329],[-1.6922,5.9369],[-1.6906,5.9409],[-1.693,5.9431],[-1.695,5.9411],[-1.6968,5.9375],[-1.6983,5.9335],[-1.7033,5.9295],[-1.7074,5.9303],[-1.7107,5.9347],[-1.7132,5.9367],[-1.7138,5.9397],[-1.7125,5.9431],[-1.7143,5.9455],[-1.7113,5.9481],[-1.7105,5.9533],[-1.713,5.9569],[-1.7181,5.9567],[-1.721,5.9551],[-1.7239,5.9529],[-1.7274,5.9575],[-1.7303,5.9629],[-1.7334,5.9681],[-1.7367,5.9703],[-1.74,5.9699],[-1.7437,5.9667],[-1.7491,5.9679],[-1.7476,5.9621],[-1.7525,5.9635],[-1.7575,5.9649],[-1.7628,5.9685],[-1.766,5.9689],[-1.7679,5.9647],[-1.7694,5.9609],[-1.7718,5.9633],[-1.775,5.9667],[-1.7768,5.9711],[-1.776,5.9769],[-1.7752,5.9807],[-1.7795,5.9843],[-1.7828,5.9847],[-1.7866,5.9853],[-1.7903,5.9873],[-1.7932,5.9905],[-1.7967,5.9945],[-1.7986,5.9983],[-1.8033,5.9941],[-1.8046,5.9979],[-1.8069,6.0019],[-1.8105,6.0063],[-1.812,6.0109],[-1.8107,6.0151],[-1.808,6.0179],[-1.8069,6.0223],[-1.8037,6.0239],[-1.8025,6.0271],[-1.8048,6.0307],[-1.8078,6.0321],[-1.8109,6.0317],[-1.814,6.0307],[-1.817,6.0291],[-1.8238,6.0315],[-1.823,6.0349],[-1.8231,6.0379],[-1.8294,6.0347],[-1.8342,6.0355],[-1.8373,6.0353],[-1.8397,6.0335],[-1.8436,6.0321],[-1.848,6.0279],[-1.8487,6.0239],[-1.8507,6.0207],[-1.8512,6.0167],[-1.8531,6.0141],[-1.8573,6.0137],[-1.8608,6.0155],[-1.863,6.0117],[-1.8659,6.0099],[-1.8698,6.0119],[-1.8716,6.0159],[-1.872,6.0209],[-1.8755,6.0257],[-1.8792,6.0293],[-1.8821,6.0327],[-1.8855,6.0311],[-1.889,6.0277],[-1.8915,6.0239],[-1.8913,6.0191],[-1.8931,6.0157],[-1.8966,6.0155],[-1.8991,6.0139],[-1.9027,6.0119],[-1.9051,6.0143],[-1.908,6.0131],[-1.913,6.0119],[-1.9163,6.0143],[-1.9191,6.0165],[-1.9204,6.0189],[-1.9218,6.0219],[-1.9247,6.0265],[-1.9264,6.0297],[-1.9257,6.0325],[-1.9273,6.0355],[-1.9317,6.0355],[-1.9345,6.0375],[-1.9394,6.0425],[-1.9425,6.0461],[-1.9472,6.0493],[-1.9486,6.0533],[-1.9493,6.0561],[-1.9522,6.0567],[-1.9529,6.0533],[-1.952,6.0503],[-1.9556,6.0509],[-1.9586,6.0537],[-1.9605,6.0573],[-1.9645,6.0561],[-1.9658,6.0523],[-1.9683,6.0537],[-1.9694,6.0573],[-1.9714,6.0613],[-1.9741,6.0665],[-1.9702,6.0675],[-1.9706,6.0705],[-1.973,6.0729],[-1.9748,6.0761],[-1.9746,6.0799],[-1.9771,6.0845],[-1.9767,6.0891],[-1.9773,6.0937],[-1.9813,6.0957],[-1.984,6.0979],[-1.9864,6.1001],[-1.9876,6.1027],[-1.9881,6.1059],[-1.9872,6.1111],[-1.984,6.1147],[-1.9791,6.1127],[-1.979,6.1161],[-1.9811,6.1187],[-1.9838,6.1203],[-1.9876,6.1217],[-1.991,6.1237],[-1.9934,6.1209],[-1.9974,6.1169],[-2.0012,6.1167],[-2.0061,6.1175],[-2.0074,6.1141],[-2.0069,6.1113],[-2.012,6.1121],[-2.0143,6.1147],[-2.015,6.1175],[-2.0157,6.1207],[-2.0147,6.1239],[-2.0168,6.1277],[-2.0206,6.1303],[-2.0229,6.1323],[-2.0243,6.1361],[-2.0243,6.1413],[-2.0253,6.1439],[-2.0241,6.1471],[-2.0206,6.1505],[-2.0201,6.1535],[-2.023,6.1549],[-2.0237,6.1589],[-2.0237,6.1623],[-2.023,6.1661],[-2.0232,6.1693],[-2.0229,6.1731],[-2.026,6.1763],[-2.0283,6.1789],[-2.0302,6.1817],[-2.0316,6.1859],[-2.0347,6.1891],[-2.0364,6.1929],[-2.0389,6.1947],[-2.0401,6.1973],[-2.0391,6.2013],[-2.0382,6.2069],[-2.0363,6.2091],[-2.0327,6.2103],[-2.0291,6.2139],[-2.027,6.2177],[-2.0247,6.2217],[-2.0216,6.2251],[-2.0212,6.2313],[-2.0204,6.2357],[-2.0213,6.2393],[-2.0227,6.2423],[-2.0226,6.2465],[-2.0224,6.2525],[-2.0223,6.2565],[-2.0219,6.2597],[-2.0204,6.2631],[-2.0181,6.2661],[-2.0142,6.2679],[-2.0136,6.2711],[-2.0128,6.2763],[-2.0108,6.2815],[-2.0111,6.2861],[-2.0097,6.2887],[-2.0115,6.2915],[-2.0179,6.2913],[-2.0226,6.2907],[-2.0266,6.2881],[-2.03,6.2871],[-2.0333,6.2875],[-2.0364,6.2877],[-2.0393,6.2865],[-2.0449,6.2853],[-2.0494,6.2875],[-2.0531,6.2891],[-2.0567,6.2905],[-2.0599,6.2915],[-2.0628,6.2921],[-2.066,6.2943],[-2.0706,6.2953],[-2.0748,6.2929]]]},"properties":{"adm1_pcode":"GH05","adm1_name":"Central","center_lat":5.66229248,"center_lon":-1.15848263}},
{"type":"Feature","geometry":{"type":"Polygon","coordinates":[[[-1.2248,5.9353],[-1.2208,5.9339],[-1.218,5.9323],[-1.2156,5.9305],[-1.213,5.9285],[-1.2091,5.9245],[-1.2058,5.9229],[-1.2033,5.9205],[-1.2005,5.9183],[-1.1978,5.9167],[-1.1939,5.9173],[-1.1913,5.9147],[-1.188,5.9133],[-1.1847,5.9111],[-1.1809,5.9103],[-1.1771,5.9089],[-1.1729,5.9103],[-1.1684,5.9083],[-1.166,5.9043],[-1.1645,5.9013],[-1.1632,5.8977],[-1.1629,5.8939],[-1.1626,5.8909],[-1.1626,5.8867],[-1.1644,5.8793],[-1.1664,5.8737],[-1.1673,5.8705],[-1.1682,5.8663],[-1.1666,5.8629],[-1.1632,5.8617],[-1.1609,5.8575],[-1.1602,5.8529],[-1.1629,5.8483],[-1.1654,5.8469],[-1.1681,5.8447],[-1.1689,5.8407],[-1.1684,5.8375],[-1.1662,5.8331],[-1.1646,5.8275],[-1.1615,5.8243],[-1.1592,5.8217],[-1.1585,5.8181],[-1.1587,5.8123],[-1.1608,5.8087],[-1.1621,5.8061],[-1.165,5.8019],[-1.1657,5.7973],[-1.1661,5.7933],[-1.1668,5.7889],[-1.1679,5.7845],[-1.1674,5.7799],[-1.1674,5.7765],[-1.1651,5.7717],[-1.1628,5.7675],[-1.1629,5.7639],[-1.164,5.7601],[-1.1656,5.7561],[-1.166,5.7517],[-1.1646,5.7475],[-1.1638,5.7439],[-1.1635,5.7391],[-1.1644,5.7355],[-1.1654,5.7323],[-1.1648,5.7295],[-1.1635,5.7265],[-1.1629,5.7225],[-1.1581,5.7209],[-1.1548,5.7217],[-1.151,5.7251],[-1.1458,5.7179],[-1.1422,5.7129],[-1.1429,5.7081],[-1.1439,5.7043],[-1.1357,5.7045],[-1.135,5.7129],[-1.1344,5.7213],[-1.1209,5.7205],[-1.1086,5.7091],[-1.0998,5.7009],[-1.0988,5.7041],[-1.097,5.7077],[-1.0944,5.7137],[-1.0946,5.7187],[-1.0964,5.7229],[-1.0971,5.7261],[-1.0962,5.7299],[-1.0911,5.7427],[-1.0833,5.7477],[-1.0772,5.7493],[-1.0706,5.7483],[-1.0675,5.7489],[-1.0642,5.7503],[-1.0602,5.7517],[-1.052,5.7521],[-1.0485,5.7521],[-1.0431,5.7517],[-1.0409,5.7481],[-1.04,5.7435],[-1.0369,5.7405],[-1.0323,5.7379],[-1.0266,5.7393],[-1.0239,5.7403],[-1.0125,5.7423],[-1.0089,5.7427],[-1.0026,5.7435],[-0.9986,5.7453],[-0.9974,5.7415],[-0.994,5.7399],[-0.9919,5.7425],[-0.9911,5.7475],[-0.9881,5.7493],[-0.9844,5.7509],[-0.9812,5.7517],[-0.9764,5.7521],[-0.9724,5.7533],[-0.9682,5.7507],[-0.964,5.7489],[-0.9614,5.7471],[-0.959,5.7447],[-0.9561,5.7401],[-0.9521,5.7387],[-0.9477,5.7397],[-0.9426,5.7401],[-0.937,5.7401],[-0.9334,5.7401],[-0.928,5.7399],[-0.9229,5.7397],[-0.9166,5.7395],[-0.911,5.7391],[-0.9052,5.7387],[-0.8983,5.7399],[-0.8949,5.7405],[-0.892,5.7411],[-0.888,5.7413],[-0.8839,5.7417],[-0.8797,5.7427],[-0.8801,5.7459],[-0.8784,5.7485],[-0.8792,5.7517],[-0.8802,5.7579],[-0.8744,5.7571],[-0.8715,5.7571],[-0.8656,5.7571],[-0.8588,5.7575],[-0.8556,5.7575],[-0.8526,5.7573],[-0.8478,5.7573],[-0.844,5.7565],[-0.8398,5.7551],[-0.8371,5.7535],[-0.8338,5.7503],[-0.8307,5.7465],[-0.8191,5.7447],[-0.8134,5.7445],[-0.8129,5.7385],[-0.8138,5.7309],[-0.8073,5.7291],[-0.7999,5.7271],[-0.7945,5.7261],[-0.7882,5.7247],[-0.7868,5.7203],[-0.7851,5.7161],[-0.7859,5.7105],[-0.7829,5.7081],[-0.7802,5.7115],[-0.7777,5.7137],[-0.7737,5.7131],[-0.7689,5.7111],[-0.7652,5.7091],[-0.7589,5.7085],[-0.7559,5.7103],[-0.7512,5.7101],[-0.748,5.7101],[-0.7412,5.7107],[-0.738,5.7109],[-0.7347,5.7129],[-0.7318,5.7145],[-0.7271,5.7139],[-0.7224,5.7125],[-0.7165,5.7123],[-0.7111,5.7121],[-0.7031,5.7131],[-0.6985,5.7143],[-0.6956,5.7175],[-0.6956,5.7215],[-0.6957,5.7271],[-0.6928,5.7301],[-0.6934,5.7339],[-0.6892,5.7373],[-0.6863,5.7391],[-0.6789,5.7389],[-0.6684,5.7369],[-0.663,5.7369],[-0.6585,5.7365],[-0.6538,5.7367],[-0.6482,5.7361],[-0.6437,5.7349],[-0.6405,5.7317],[-0.6388,5.7293],[-0.6359,5.7273],[-0.6334,5.7249],[-0.6299,5.7219],[-0.6263,5.7215],[-0.6223,5.7211],[-0.6197,5.7239],[-0.6155,5.7241],[-0.6101,5.7237],[-0.6032,5.7271],[-0.5974,5.7299],[-0.5917,5.7315],[-0.581,5.7369],[-0.5721,5.7353],[-0.5695,5.7371],[-0.5667,5.7393],[-0.562,5.7369],[-0.5573,5.7375],[-0.5542,5.7385],[-0.5499,5.7389],[-0.5471,5.7379],[-0.544,5.7377],[-0.5394,5.7375],[-0.5344,5.7373],[-0.5294,5.7351],[-0.5245,5.7341],[-0.5201,5.7349],[-0.5187,5.7377],[-0.5158,5.7377],[-0.5129,5.7369],[-0.5089,5.7367],[-0.5047,5.7397],[-0.5017,5.7421],[-0.4977,5.7453],[-0.4934,5.7473],[-0.4923,5.7507],[-0.4909,5.7535],[-0.4827,5.7575],[-0.4779,5.7599],[-0.4735,5.7615],[-0.4686,5.7645],[-0.4652,5.7667],[-0.4625,5.7679],[-0.4597,5.7701],[-0.4549,5.7739],[-0.4516,5.7749],[-0.4473,5.7775],[-0.4443,5.7779],[-0.4453,5.7827],[-0.4481,5.7891],[-0.446,5.7921],[-0.4433,5.7943],[-0.4417,5.7975],[-0.4383,5.7997],[-0.4354,5.7985],[-0.4307,5.7959],[-0.4284,5.7931],[-0.4244,5.7941],[-0.4231,5.7905],[-0.4168,5.7873],[-0.4151,5.7839],[-0.4157,5.7805],[-0.416,5.7769],[-0.4134,5.7725],[-0.4102,5.7703],[-0.4062,5.7691],[-0.4034,5.7673],[-0.3988,5.7633],[-0.3953,5.7603],[-0.3921,5.7583],[-0.3893,5.7613],[-0.3888,5.7671],[-0.3878,5.7703],[-0.3853,5.7743],[-0.382,5.7761],[-0.3789,5.7739],[-0.3778,5.7705],[-0.374,5.7687],[-0.3714,5.7673],[-0.3691,5.7653],[-0.3655,5.7627],[-0.3609,5.7641],[-0.3567,5.7663],[-0.352,5.7673],[-0.351,5.7701],[-0.3477,5.7739],[-0.3434,5.7771],[-0.3407,5.7781],[-0.3365,5.7775],[-0.3317,5.7783],[-0.3293,5.7761],[-0.3272,5.7731],[-0.3239,5.7763],[-0.3218,5.7797],[-0.3164,5.7811],[-0.3106,5.7893],[-0.3043,5.7931],[-0.2985,5.7955],[-0.2943,5.7977],[-0.2915,5.7987],[-0.2823,5.8029],[-0.2746,5.8081],[-0.2696,5.8063],[-0.2665,5.8071],[-0.2642,5.8027],[-0.2614,5.7955],[-0.2613,5.7901],[-0.2599,5.7851],[-0.2564,5.7779],[-0.2509,5.7819],[-0.2447,5.7853],[-0.2415,5.7851],[-0.2348,5.7827],[-0.2349,5.7767],[-0.2354,5.7727],[-0.2372,5.7703],[-0.2392,5.7673],[-0.2414,5.7637],[-0.243,5.7591],[-0.2398,5.7571],[-0.2356,5.7559],[-0.2323,5.7551],[-0.2297,5.7533],[-0.227,5.7521],[-0.2275,5.7481],[-0.2273,5.7435],[-0.224,5.7409],[-0.2213,5.7441],[-0.2204,5.7485],[-0.218,5.7509],[-0.2135,5.7505],[-0.2072,5.7547],[-0.2058,5.7573],[-0.2038,5.7599],[-0.2033,5.7637],[-0.2044,5.7687],[-0.2036,5.7745],[-0.2026,5.7785],[-0.2019,5.7825],[-0.1982,5.7843],[-0.1942,5.7843],[-0.1919,5.7863],[-0.189,5.7881],[-0.1857,5.7907],[-0.182,5.7931],[-0.1787,5.7979],[-0.1765,5.8013],[-0.1742,5.8033],[-0.1723,5.8055],[-0.1721,5.8085],[-0.1719,5.8131],[-0.1682,5.8127],[-0.1625,5.8131],[-0.1577,5.8141],[-0.1546,5.8145],[-0.1536,5.8195],[-0.1526,5.8245],[-0.151,5.8289],[-0.1501,5.8349],[-0.151,5.8377],[-0.1529,5.8399],[-0.1565,5.8389],[-0.161,5.8387],[-0.164,5.8387],[-0.1626,5.8423],[-0.1595,5.8449],[-0.1558,5.8463],[-0.154,5.8497],[-0.1465,5.8523],[-0.1439,5.8549],[-0.1377,5.8513],[-0.1306,5.8527],[-0.129,5.8601],[-0.1281,5.8649],[-0.1267,5.8685],[-0.1265,5.8749],[-0.1218,5.8799],[-0.1159,5.8857],[-0.1103,5.8903],[-0.1005,5.8963],[-0.0977,5.8989],[-0.0955,5.9013],[-0.0904,5.9039],[-0.0835,5.9073],[-0.079,5.9125],[-0.0745,5.9163],[-0.0705,5.9217],[-0.0639,5.9277],[-0.0609,5.9331],[-0.0462,5.9429],[-0.0409,5.9441],[-0.0332,5.9507],[-0.0264,5.9561],[-0.024,5.9581],[-0.0194,5.9607],[-0.0164,5.9625],[-0.0124,5.9667],[-0.0063,5.9713],[-0.0044,5.9763],[-0.0046,5.9857],[-0.0081,5.9935],[-0.0136,5.9967],[-0.0136,6.0013],[-0.0116,6.0057],[-0.0096,6.0091],[-0.0055,6.0089],[-0.0006,6.0079],[0.0039,6.0093],[0.0061,6.0131],[0.0075,6.0161],[0.0087,6.0203],[0.0089,6.0241],[0.0107,6.0271],[0.0137,6.0305],[0.0155,6.0339],[0.0161,6.0371],[0.0181,6.0397],[0.0191,6.0619],[0.0271,6.0581],[0.0299,6.0561],[0.0347,6.0525],[0.0371,6.0505],[0.0393,6.0487],[0.0627,6.0597],[0.0699,6.0609],[0.0741,6.0611],[0.0777,6.0621],[0.0811,6.0625],[0.0857,6.0627],[0.0899,6.0631],[0.0933,6.0669],[0.0971,6.0711],[0.1001,6.0741],[0.1023,6.0763],[0.1047,6.0779],[0.1081,6.0795],[0.1111,6.0811],[0.1143,6.0827],[0.1187,6.0839],[0.1221,6.0873],[0.1279,6.0907],[0.1339,6.0941],[0.1379,6.0967],[0.1405,6.0997],[0.1431,6.1009],[0.1445,6.1061],[0.1465,6.1093],[0.1421,6.1103],[0.1375,6.1141],[0.1339,6.1175],[0.1309,6.1203],[0.1281,6.1225],[0.1259,6.1247],[0.1227,6.1279],[0.1205,6.1315],[0.1203,6.1343],[0.1187,6.1371],[0.1147,6.1379],[0.1111,6.1385],[0.1079,6.1391],[0.1049,6.1405],[0.1019,6.1433],[0.0995,6.1463],[0.0969,6.1491],[0.0945,6.1527],[0.0931,6.1553],[0.0917,6.1589],[0.0921,6.1619],[0.0937,6.1645],[0.0945,6.1685],[0.0961,6.1745],[0.0963,6.1773],[0.0987,6.1791],[0.1017,6.1815],[0.1049,6.1847],[0.1057,6.1885],[0.1129,6.2071],[0.1185,6.2187],[0.1195,6.2227],[0.1197,6.2257],[0.1233,6.2325],[0.1239,6.2387],[0.1267,6.2451],[0.1285,6.2485],[0.1287,6.2561],[0.1313,6.2575],[0.1353,6.2605],[0.1371,6.2641],[0.1473,6.2779],[0.1557,6.2895],[0.1553,6.2929],[0.1577,6.2971],[0.1605,6.3009],[0.1643,6.3019],[0.1673,6.3021],[0.1711,6.3027],[0.1741,6.3023],[0.1755,6.3047],[0.1759,6.3077],[0.1733,6.3097],[0.1705,6.3109],[0.1687,6.3135],[0.1701,6.3163],[0.1701,6.3193],[0.1705,6.3227],[0.1695,6.3263],[0.1731,6.3279],[0.1739,6.3309],[0.1761,6.3333],[0.1781,6.3361],[0.1805,6.3399],[0.1859,6.3395],[0.1863,6.3427],[0.1887,6.3451],[0.1917,6.3469],[0.1939,6.3497],[0.1967,6.3535],[0.2005,6.3535],[0.2015,6.3565],[0.2043,6.3577],[0.2023,6.3623],[0.2009,6.3669],[0.2001,6.3703],[0.2029,6.3713],[0.2055,6.3727],[0.2075,6.3761],[0.2105,6.3777],[0.2133,6.3795],[0.2155,6.3839],[0.2155,6.3893],[0.2111,6.3937],[0.2089,6.3981],[0.2093,6.4023],[0.2065,6.4049],[0.2033,6.4073],[0.2007,6.4089],[0.1985,6.4107],[0.1947,6.4129],[0.1921,6.4143],[0.1893,6.4153],[0.1783,6.4247],[0.1803,6.4277],[0.1827,6.4311],[0.1849,6.4365],[0.1863,6.4417],[0.1859,6.4455],[0.1843,6.4617],[0.1839,6.4655],[0.1853,6.4691],[0.1871,6.4727],[0.1889,6.4763],[0.1875,6.4811],[0.1855,6.4835],[0.1821,6.4851],[0.1795,6.4879],[0.1811,6.4919],[0.1821,6.4957],[0.1815,6.4989],[0.1811,6.5027],[0.1789,6.5045],[0.1785,6.5087],[0.1783,6.5125],[0.1799,6.5151],[0.1825,6.5201],[0.1881,6.5265],[0.1909,6.5307],[0.1935,6.5349],[0.1957,6.5395],[0.1975,6.5429],[0.1979,6.5461],[0.1993,6.5495],[0.1979,6.5543],[0.1951,6.5557],[0.1955,6.5601],[0.1935,6.5639],[0.1903,6.5661],[0.1873,6.5679],[0.1835,6.5667],[0.1771,6.5673],[0.1725,6.5681],[0.1691,6.5689],[0.1629,6.5703],[0.1579,6.5737],[0.1527,6.5771],[0.1389,6.5767],[0.1287,6.5755],[0.1257,6.5745],[0.1045,6.5669],[0.1053,6.5817],[0.1105,6.6167],[0.1169,6.6447],[0.1233,6.6661],[0.1301,6.6717],[0.1423,6.6753],[0.1547,6.6805],[0.1615,6.6833],[0.1693,6.6899],[0.1783,6.6907],[0.1991,6.6971],[0.2037,6.7033],[0.2083,6.7577],[0.2003,6.7787],[0.1925,6.7893],[0.1703,6.8067],[0.1585,6.8161],[0.1449,6.8185],[0.1333,6.8291],[0.1243,6.8433],[0.1199,6.8705],[0.1229,6.8895],[0.1355,6.9101],[0.1479,6.9215],[0.1715,6.9297],[0.1959,6.9365],[0.2063,6.9425],[0.2117,6.9491],[0.2157,6.9537],[0.2275,6.9741],[0.2269,6.9791],[0.2253,6.9945],[0.2215,7.0079],[0.2117,7.0293],[0.1997,7.0517],[0.1967,7.0677],[0.2029,7.0807],[0.2163,7.0937],[0.2245,7.0995],[0.2309,7.1069],[0.2369,7.1181],[0.2427,7.1271],[0.2437,7.1371],[0.2425,7.1487],[0.2353,7.1671],[0.2163,7.1741],[0.1931,7.1779],[0.1823,7.1797],[0.1763,7.1789],[0.1687,7.1793],[0.1627,7.1797],[0.1439,7.1821],[0.1361,7.1829],[0.1233,7.1839],[0.1103,7.1827],[0.0979,7.1777],[0.0951,7.1783],[0.0899,7.1793],[0.0811,7.1817],[0.0675,7.1737],[0.0505,7.1721],[0.0409,7.1809],[0.0361,7.1813],[0.0291,7.1855],[0.0213,7.1831],[0.0111,7.1863],[0.0045,7.1941],[-0.0042,7.1911],[-0.0141,7.1933],[-0.0275,7.1915],[-0.0317,7.1927],[-0.039,7.1949],[-0.0432,7.1953],[-0.0526,7.1965],[-0.058,7.1915],[-0.0615,7.1881],[-0.0747,7.1817],[-0.0844,7.1793],[-0.0905,7.1815],[-0.0977,7.1849],[-0.1018,7.1923],[-0.1071,7.1951],[-0.1173,7.1947],[-0.1275,7.1935],[-0.1314,7.1945],[-0.1357,7.1949],[-0.1403,7.1951],[-0.1435,7.1967],[-0.1466,7.1993],[-0.1495,7.1995],[-0.1527,7.1967],[-0.155,7.1949],[-0.1601,7.1949],[-0.1635,7.1997],[-0.1693,7.2001],[-0.1749,7.2001],[-0.1801,7.1991],[-0.1816,7.2031],[-0.1856,7.2013],[-0.1897,7.2017],[-0.1932,7.2025],[-0.1963,7.2031],[-0.2022,7.2029],[-0.2094,7.2017],[-0.2155,7.1997],[-0.216,7.2033],[-0.2169,7.2095],[-0.2215,7.2117],[-0.2257,7.2085],[-0.2289,7.2069],[-0.2329,7.2043],[-0.2365,7.2023],[-0.2393,7.2033],[-0.2445,7.1997],[-0.2489,7.1959],[-0.2504,7.1925],[-0.2533,7.1925],[-0.2566,7.1947],[-0.2592,7.1909],[-0.2631,7.1905],[-0.2661,7.1929],[-0.2713,7.1931],[-0.2758,7.1927],[-0.2797,7.1911],[-0.2828,7.1935],[-0.286,7.1947],[-0.2884,7.1931],[-0.2864,7.1901],[-0.2862,7.1869],[-0.2882,7.1843],[-0.2911,7.1827],[-0.2953,7.1813],[-0.3008,7.1795],[-0.305,7.1785],[-0.3054,7.1753],[-0.3026,7.1739],[-0.301,7.1715],[-0.3041,7.1667],[-0.308,7.1641],[-0.3124,7.1589],[-0.314,7.1551],[-0.3152,7.1521],[-0.3172,7.1491],[-0.3202,7.1457],[-0.3224,7.1439],[-0.3271,7.1435],[-0.3304,7.1429],[-0.3336,7.1403],[-0.337,7.1379],[-0.3425,7.1365],[-0.3471,7.1345],[-0.3507,7.1341],[-0.3553,7.1319],[-0.3595,7.1297],[-0.3629,7.1279],[-0.3675,7.1271],[-0.3706,7.1241],[-0.3758,7.1221],[-0.3801,7.1207],[-0.3834,7.1195],[-0.3864,7.1185],[-0.3904,7.1181],[-0.3961,7.1181],[-0.4005,7.1197],[-0.4046,7.1203],[-0.4085,7.1201],[-0.4119,7.1191],[-0.4155,7.1197],[-0.4192,7.1197],[-0.4212,7.1219],[-0.4239,7.1233],[-0.4273,7.1253],[-0.4315,7.1233],[-0.4357,7.1233],[-0.4412,7.1225],[-0.4458,7.1233],[-0.4484,7.1253],[-0.452,7.1263],[-0.4585,7.1277],[-0.4618,7.1283],[-0.4646,7.1265],[-0.4687,7.1267],[-0.4718,7.1269],[-0.4749,7.1259],[-0.4802,7.1267],[-0.4847,7.1261],[-0.4897,7.1261],[-0.4947,7.1253],[-0.4986,7.1259],[-0.5012,7.1273],[-0.5046,7.1265],[-0.5074,7.1271],[-0.5111,7.1299],[-0.516,7.1315],[-0.5203,7.1329],[-0.5249,7.1349],[-0.5277,7.1357],[-0.5315,7.1361],[-0.5356,7.1367],[-0.5394,7.1377],[-0.542,7.1391],[-0.5464,7.1387],[-0.5494,7.1383],[-0.5544,7.1383],[-0.56,7.1377],[-0.5662,7.1401],[-0.5709,7.1431],[-0.5767,7.1467],[-0.58,7.1489],[-0.5828,7.1507],[-0.586,7.1501],[-0.5902,7.1495],[-0.5965,7.1501],[-0.6007,7.1513],[-0.6051,7.1523],[-0.6109,7.1545],[-0.6139,7.1583],[-0.6161,7.1627],[-0.6184,7.1657],[-0.6233,7.1681],[-0.6258,7.1703],[-0.6286,7.1725],[-0.6324,7.1735],[-0.6355,7.1739],[-0.6359,7.1707],[-0.6339,7.1657],[-0.633,7.1613],[-0.6305,7.1583],[-0.6295,7.1551],[-0.6274,7.1513],[-0.6275,7.1477],[-0.627,7.1435],[-0.6247,7.1403],[-0.622,7.1369],[-0.6202,7.1341],[-0.6195,7.1309],[-0.6192,7.1273],[-0.6187,7.1241],[-0.617,7.1217],[-0.6145,7.1151],[-0.6134,7.1107],[-0.6128,7.1075],[-0.6119,7.1037],[-0.6111,7.0995],[-0.6097,7.0959],[-0.6094,7.0917],[-0.6081,7.0885],[-0.6064,7.0857],[-0.6046,7.0815],[-0.6027,7.0773],[-0.601,7.0747],[-0.6001,7.0715],[-0.5984,7.0675],[-0.5966,7.0593],[-0.5955,7.0561],[-0.5941,7.0521],[-0.5919,7.0473],[-0.5905,7.0443],[-0.588,7.0421],[-0.5844,7.0407],[-0.5803,7.0381],[-0.5786,7.0353],[-0.5767,7.0313],[-0.5738,7.0277],[-0.5713,7.0261],[-0.5685,7.0239],[-0.5653,7.0195],[-0.5649,7.0149],[-0.565,7.0113],[-0.5659,7.0085],[-0.5658,7.0053],[-0.5664,7.0015],[-0.5667,6.9985],[-0.5675,6.9957],[-0.5699,6.9923],[-0.5721,6.9885],[-0.5742,6.9787],[-0.5743,6.9739],[-0.5736,6.9655],[-0.5745,6.9627],[-0.5766,6.9607],[-0.5788,6.9585],[-0.5813,6.9545],[-0.5853,6.9509],[-0.6007,6.9483],[-0.617,6.9519],[-0.637,6.9531],[-0.6574,6.9473],[-0.6583,6.9443],[-0.6582,6.9407],[-0.6568,6.9377],[-0.6557,6.9345],[-0.6536,6.9313],[-0.6934,6.9395],[-0.6994,6.9429],[-0.7026,6.9449],[-0.7077,6.9469],[-0.7109,6.9459],[-0.7146,6.9467],[-0.7182,6.9491],[-0.7228,6.9525],[-0.734,6.9485],[-0.7385,6.9487],[-0.742,6.9489],[-0.7458,6.9443],[-0.7531,6.9381],[-0.7559,6.9303],[-0.7572,6.9253],[-0.7566,6.9203],[-0.7569,6.9151],[-0.7552,6.9113],[-0.7551,6.9063],[-0.7552,6.9033],[-0.7553,6.8989],[-0.7553,6.8869],[-0.7551,6.8803],[-0.7548,6.8673],[-0.7568,6.8637],[-0.7563,6.8585],[-0.7559,6.8543],[-0.7564,6.8505],[-0.7583,6.8443],[-0.7623,6.8407],[-0.7639,6.8373],[-0.7669,6.8357],[-0.7679,6.8323],[-0.769,6.8291],[-0.7716,6.8251],[-0.7747,6.8197],[-0.7781,6.8147],[-0.7797,6.8109],[-0.7817,6.8071],[-0.7828,6.8041],[-0.7847,6.8017],[-0.787,6.7989],[-0.7871,6.7953],[-0.7901,6.7923],[-0.7934,6.7901],[-0.7987,6.7895],[-0.8024,6.7895],[-0.8065,6.7899],[-0.8099,6.7903],[-0.8146,6.7909],[-0.8189,6.7899],[-0.824,6.7905],[-0.8278,6.7913],[-0.8322,6.7929],[-0.835,6.7911],[-0.8373,6.7889],[-0.8395,6.7851],[-0.8411,6.7825],[-0.8435,6.7799],[-0.8479,6.7787],[-0.8529,6.7785],[-0.8574,6.7805],[-0.8626,6.7813],[-0.8662,6.7817],[-0.8701,6.7805],[-0.8729,6.7809],[-0.8773,6.7805],[-0.8808,6.7787],[-0.8849,6.7797],[-0.8882,6.7811],[-0.8922,6.7821],[-0.8955,6.7839],[-0.8986,6.7873],[-0.9025,6.7869],[-0.9048,6.7837],[-0.9063,6.7797],[-0.9097,6.7771],[-0.9123,6.7783],[-0.9148,6.7769],[-0.9151,6.7729],[-0.9153,6.7683],[-0.9184,6.7669],[-0.9227,6.7651],[-0.9257,6.7629],[-0.9296,6.7605],[-0.9312,6.7579],[-0.9349,6.7567],[-0.9389,6.7571],[-0.9426,6.7575],[-0.9453,6.7561],[-0.9483,6.7549],[-0.9511,6.7547],[-0.9553,6.7541],[-0.9586,6.7509],[-0.9601,6.7475],[-0.9634,6.7471],[-0.9668,6.7475],[-0.9701,6.7495],[-0.9731,6.7503],[-0.9762,6.7487],[-0.9792,6.7489],[-0.9821,6.7487],[-0.9837,6.7459],[-0.9849,6.7429],[-0.9827,6.7411],[-0.9795,6.7397],[-0.9767,6.7387],[-0.9735,6.7375],[-0.9708,6.7385],[-0.9672,6.7405],[-0.9628,6.7415],[-0.9574,6.7399],[-0.9542,6.7381],[-0.9518,6.7365],[-0.95,6.7333],[-0.9494,6.7279],[-0.947,6.7249],[-0.9475,6.7215],[-0.9486,6.7163],[-0.9502,6.7113],[-0.9506,6.7079],[-0.954,6.7047],[-0.9574,6.6993],[-0.9592,6.6947],[-0.9605,6.6917],[-0.9635,6.6891],[-0.9667,6.6873],[-0.9718,6.6833],[-0.9738,6.6807],[-0.9746,6.6769],[-0.976,6.6711],[-0.9756,6.6661],[-0.9753,6.6623],[-0.9769,6.6581],[-0.9764,6.6537],[-0.9737,6.6507],[-0.9727,6.6477],[-0.9731,6.6441],[-0.9755,6.6419],[-0.9771,6.6375],[-0.9766,6.6321],[-0.9765,6.6287],[-0.9769,6.6255],[-0.9771,6.6207],[-0.9767,6.6155],[-0.9746,6.6133],[-0.971,6.6123],[-0.9669,6.6141],[-0.9627,6.6167],[-0.9586,6.6179],[-0.9554,6.6199],[-0.9475,6.6253],[-0.9451,6.6271],[-0.9455,6.6317],[-0.9456,6.6361],[-0.9434,6.6393],[-0.9377,6.6401],[-0.9357,6.6377],[-0.9325,6.6391],[-0.9283,6.6393],[-0.9229,6.6391],[-0.9222,6.6353],[-0.9207,6.6325],[-0.9193,6.6291],[-0.919,6.6249],[-0.9184,6.6221],[-0.9167,6.6195],[-0.9132,6.6165],[-0.9121,6.6129],[-0.9106,6.6099],[-0.9118,6.6073],[-0.913,6.6041],[-0.9149,6.6013],[-0.9126,6.5989],[-0.914,6.5941],[-0.9174,6.5903],[-0.921,6.5875],[-0.9244,6.5881],[-0.9281,6.5863],[-0.9314,6.5835],[-0.9333,6.5803],[-0.9329,6.5773],[-0.9344,6.5747],[-0.9381,6.5711],[-0.9419,6.5689],[-0.9442,6.5647],[-0.9472,6.5639],[-0.9505,6.5641],[-0.9555,6.5595],[-0.9585,6.5559],[-0.9605,6.5529],[-0.9621,6.5501],[-0.9638,6.5465],[-0.9649,6.5435],[-0.965,6.5399],[-0.9677,6.5375],[-0.9715,6.5351],[-0.973,6.5315],[-0.9724,6.5275],[-0.9757,6.5239],[-0.9782,6.5183],[-0.9806,6.5199],[-0.9839,6.5191],[-0.9878,6.5163],[-0.9898,6.5123],[-0.9927,6.5111],[-0.9937,6.5085],[-0.9937,6.5045],[-0.9964,6.5029],[-0.9998,6.4995],[-1.0017,6.4949],[-1.0039,6.4915],[-1.0051,6.4877],[-1.0046,6.4819],[-1.0064,6.4773],[-1.007,6.4723],[-1.0088,6.4701],[-1.011,6.4671],[-1.0106,6.4631],[-1.0094,6.4603],[-1.0078,6.4561],[-1.005,6.4517],[-1.0077,6.4497],[-1.0073,6.4457],[-1.0064,6.4421],[-1.0087,6.4395],[-1.0135,6.4381],[-1.0172,6.4365],[-1.017,6.4333],[-1.0165,6.4305],[-1.0145,6.4265],[-1.0154,6.4239],[-1.0157,6.4207],[-1.0128,6.4185],[-1.0108,6.4159],[-1.0136,6.4147],[-1.0172,6.4143],[-1.0199,6.4129],[-1.0201,6.4093],[-1.023,6.4087],[-1.0266,6.4087],[-1.0311,6.4087],[-1.0355,6.4115],[-1.0396,6.4083],[-1.0391,6.4047],[-1.0407,6.4025],[-1.043,6.4005],[-1.0459,6.3997],[-1.0497,6.3991],[-1.0548,6.3977],[-1.0564,6.3951],[-1.0594,6.3941],[-1.0633,6.3919],[-1.0677,6.3893],[-1.0691,6.3863],[-1.0694,6.3833],[-1.0718,6.3817],[-1.076,6.3799],[-1.0789,6.3779],[-1.0825,6.3761],[-1.0869,6.3739],[-1.0891,6.3721],[-1.0929,6.3701],[-1.0952,6.3679],[-1.0983,6.3659],[-1.1021,6.3643],[-1.1051,6.3615],[-1.1051,6.3577],[-1.1079,6.3563],[-1.1114,6.3555],[-1.1134,6.3517],[-1.1124,6.3469],[-1.1119,6.3427],[-1.1126,6.3393],[-1.1147,6.3339],[-1.1183,6.3319],[-1.1191,6.3289],[-1.1195,6.3257],[-1.1166,6.3255],[-1.1137,6.3241],[-1.1128,6.3213],[-1.1173,6.3215],[-1.1209,6.3203],[-1.1248,6.3195],[-1.1278,6.3181],[-1.1314,6.3155],[-1.1314,6.3115],[-1.1305,6.3085],[-1.1295,6.3045],[-1.1303,6.2997],[-1.1355,6.2991],[-1.138,6.2955],[-1.135,6.2925],[-1.1325,6.2905],[-1.1297,6.2881],[-1.1277,6.2859],[-1.129,6.2827],[-1.1308,6.2801],[-1.1294,6.2767],[-1.1281,6.2727],[-1.1259,6.2703],[-1.1224,6.2705],[-1.1182,6.2695],[-1.1183,6.2643],[-1.1208,6.2611],[-1.1213,6.2569],[-1.1234,6.2535],[-1.1231,6.2503],[-1.1245,6.2453],[-1.1242,6.2417],[-1.1223,6.2385],[-1.1243,6.2337],[-1.1233,6.2295],[-1.1218,6.2259],[-1.1217,6.2211],[-1.1219,6.2169],[-1.1216,6.2129],[-1.1211,6.2097],[-1.1255,6.2071],[-1.1283,6.2041],[-1.1317,6.2009],[-1.1363,6.1995],[-1.1395,6.1993],[-1.1425,6.1991],[-1.1462,6.1989],[-1.1498,6.2007],[-1.1534,6.1993],[-1.1561,6.2033],[-1.1609,6.2017],[-1.1635,6.2051],[-1.1677,6.2035],[-1.1721,6.2027],[-1.1767,6.2027],[-1.1797,6.2023],[-1.1819,6.2047],[-1.1848,6.2035],[-1.1886,6.2015],[-1.1933,6.1995],[-1.1916,6.1963],[-1.189,6.1935],[-1.1889,6.1901],[-1.1898,6.1869],[-1.1883,6.1841],[-1.1837,6.1833],[-1.1801,6.1803],[-1.179,6.1739],[-1.182,6.1717],[-1.1823,6.1675],[-1.1855,6.1691],[-1.1849,6.1655],[-1.183,6.1623],[-1.1802,6.1591],[-1.1796,6.1563],[-1.1809,6.1523],[-1.1822,6.1481],[-1.1841,6.1441],[-1.1881,6.1445],[-1.1916,6.1411],[-1.1932,6.1367],[-1.1961,6.1349],[-1.2005,6.1329],[-1.1994,6.1299],[-1.1984,6.1263],[-1.1959,6.1249],[-1.1934,6.1225],[-1.1972,6.1217],[-1.2002,6.1191],[-1.2027,6.1177],[-1.2055,6.1157],[-1.2057,6.1123],[-1.2014,6.1109],[-1.1974,6.1125],[-1.1944,6.1135],[-1.192,6.1113],[-1.19,6.1083],[-1.1908,6.1023],[-1.1879,6.1005],[-1.1874,6.0977],[-1.1897,6.0937],[-1.1943,6.0929],[-1.1974,6.0935],[-1.2011,6.0927],[-1.2033,6.0905],[-1.2007,6.0863],[-1.1983,6.0827],[-1.2006,6.0803],[-1.2046,6.0791],[-1.2074,6.0759],[-1.2069,6.0717],[-1.2105,6.0697],[-1.2141,6.0681],[-1.2119,6.0659],[-1.2101,6.0627],[-1.2115,6.0583],[-1.208,6.0565],[-1.2093,6.0525],[-1.2143,6.0497],[-1.2183,6.0461],[-1.2207,6.0445],[-1.2237,6.0431],[-1.226,6.0411],[-1.2293,6.0383],[-1.2305,6.0335],[-1.2326,6.0287],[-1.2301,6.0273],[-1.2297,6.0231],[-1.2286,6.0193],[-1.2302,6.0151],[-1.2333,6.0129],[-1.237,6.0123],[-1.2401,6.0117],[-1.2416,6.0091],[-1.2419,6.0055],[-1.2429,6.0009],[-1.2415,5.9971],[-1.2442,5.9937],[-1.2462,5.9899],[-1.2432,5.9869],[-1.2391,5.9843],[-1.2394,5.9813],[-1.2365,5.9799],[-1.2334,5.9803],[-1.2305,5.9817],[-1.226,5.9805],[-1.2237,5.9777],[-1.2214,5.9737],[-1.2206,5.9693],[-1.219,5.9657],[-1.2194,5.9621],[-1.2216,5.9599],[-1.2238,5.9573],[-1.2213,5.9545],[-1.2228,5.9493],[-1.2235,5.9453],[-1.2197,5.9421],[-1.2229,5.9385],[-1.2248,5.9353]]]},"properties":{"adm1_pcode":"GH06","adm1_name":"Eastern","center_lat":6.45822144,"center_lon":-0.41196837}},
{"type":"Feature","geometry":{"type":"Polygon","coordinates":[[[-0.4059,5.4697],[-0.3991,5.4749],[-0.3894,5.4787],[-0.38,5.4859],[-0.3716,5.4889],[-0.367,5.4937],[-0.3584,5.4977],[-0.3525,5.4979],[-0.3445,5.5021],[-0.3374,5.5035],[-0.3232,5.5069],[-0.3069,5.5113],[-0.2917,5.5149],[-0.2816,5.5167],[-0.2713,5.5193],[-0.2667,5.5201],[-0.2636,5.5207],[-0.2582,5.5219],[-0.2541,5.5229],[-0.2505,5.5237],[-0.2464,5.5243],[-0.2434,5.5249],[-0.2401,5.5255],[-0.2363,5.5261],[-0.2329,5.5269],[-0.2299,5.5279],[-0.2259,5.5291],[-0.2206,5.5305],[-0.2156,5.5317],[-0.2123,5.5325],[-0.2089,5.5335],[-0.2085,5.5373],[-0.2056,5.5403],[-0.2019,5.5423],[-0.197,5.5449],[-0.1921,5.5445],[-0.1892,5.5451],[-0.1863,5.5457],[-0.1823,5.5469],[-0.1792,5.5487],[-0.1751,5.5497],[-0.1707,5.5507],[-0.1665,5.5519],[-0.1628,5.5531],[-0.1582,5.5555],[-0.1542,5.5569],[-0.1509,5.5583],[-0.1471,5.5597],[-0.144,5.5605],[-0.1396,5.5617],[-0.1365,5.5627],[-0.1326,5.5637],[-0.1275,5.5647],[-0.1229,5.5663],[-0.1187,5.5681],[-0.1151,5.5701],[-0.1115,5.5713],[-0.1072,5.5727],[-0.1032,5.5747],[-0.1005,5.5771],[-0.0972,5.5803],[-0.0934,5.5849],[-0.089,5.5851],[-0.0855,5.5859],[-0.0816,5.5869],[-0.0779,5.5885],[-0.0717,5.5925],[-0.0686,5.5967],[-0.0639,5.5989],[-0.0611,5.6025],[-0.0589,5.6069],[-0.0545,5.6081],[-0.0511,5.6087],[-0.0464,5.6105],[-0.0415,5.6119],[-0.0373,5.6125],[-0.0337,5.6131],[-0.03,5.6133],[-0.0255,5.6141],[-0.0202,5.6159],[-0.0156,5.6173],[-0.0134,5.6197],[-0.0066,5.6221],[-0.0031,5.6233],[0.0001,5.6247],[0.0053,5.6255],[0.0107,5.6317],[0.0173,5.6423],[0.0211,5.6437],[0.0239,5.6443],[0.0271,5.6459],[0.0281,5.6509],[0.0299,5.6533],[0.0319,5.6559],[0.0341,5.6579],[0.0377,5.6597],[0.0433,5.6633],[0.0433,5.6663],[0.0437,5.6707],[0.0459,5.6755],[0.0497,5.6779],[0.0533,5.6799],[0.0567,5.6819],[0.0589,5.6841],[0.0613,5.6857],[0.0641,5.6889],[0.0679,5.6949],[0.0739,5.6955],[0.0779,5.6965],[0.0811,5.6973],[0.0855,5.6981],[0.0921,5.6991],[0.0971,5.7001],[0.1009,5.7011],[0.1043,5.7013],[0.1077,5.7021],[0.1129,5.7039],[0.1163,5.7051],[0.1193,5.7057],[0.1225,5.7063],[0.1259,5.7077],[0.1287,5.7093],[0.1307,5.7117],[0.1321,5.7155],[0.1343,5.7181],[0.1375,5.7215],[0.1405,5.7233],[0.1437,5.7247],[0.1469,5.7261],[0.1507,5.7275],[0.1549,5.7285],[0.1609,5.7309],[0.1651,5.7329],[0.1691,5.7351],[0.1727,5.7373],[0.1765,5.7391],[0.1793,5.7397],[0.1823,5.7403],[0.1855,5.7435],[0.1903,5.7441],[0.1939,5.7443],[0.1985,5.7445],[0.2023,5.7447],[0.2067,5.7451],[0.2115,5.7459],[0.2155,5.7461],[0.2187,5.7465],[0.2223,5.7481],[0.2267,5.7499],[0.2301,5.7517],[0.2341,5.7535],[0.2369,5.7547],[0.2399,5.7565],[0.2433,5.7587],[0.2465,5.7617],[0.2497,5.7645],[0.2521,5.7659],[0.2579,5.7677],[0.2625,5.7685],[0.2659,5.7699],[0.2695,5.7709],[0.2723,5.7719],[0.2753,5.7727],[0.2813,5.7741],[0.2853,5.7749],[0.2887,5.7749],[0.2917,5.7759],[0.2961,5.7769],[0.3011,5.7779],[0.3045,5.7785],[0.3079,5.7795],[0.3153,5.7811],[0.3211,5.7821],[0.3285,5.7829],[0.3325,5.7835],[0.3363,5.7837],[0.3403,5.7839],[0.3433,5.7843],[0.3465,5.7847],[0.3507,5.7849],[0.3547,5.7855],[0.3595,5.7857],[0.3645,5.7861],[0.3717,5.7865],[0.3783,5.7869],[0.3813,5.7869],[0.3909,5.7875],[0.4037,5.7881],[0.4105,5.7883],[0.4145,5.7883],[0.4205,5.7887],[0.4267,5.7889],[0.4347,5.7891],[0.4375,5.7887],[0.4431,5.7891],[0.4503,5.7889],[0.4585,5.7897],[0.4629,5.7885],[0.4677,5.7879],[0.4717,5.7879],[0.4751,5.7875],[0.4795,5.7871],[0.4825,5.7869],[0.4893,5.7865],[0.4949,5.7863],[0.4999,5.7857],[0.5039,5.7857],[0.5077,5.7855],[0.5127,5.7847],[0.5163,5.7847],[0.5209,5.7839],[0.5255,5.7829],[0.5289,5.7827],[0.5363,5.7821],[0.5413,5.7817],[0.5513,5.7811],[0.5545,5.7811],[0.5597,5.7807],[0.5647,5.7801],[0.5715,5.7795],[0.5757,5.7791],[0.5797,5.7787],[0.5857,5.7781],[0.5887,5.7775],[0.5951,5.7773],[0.5991,5.7767],[0.6059,5.7763],[0.6197,5.7747],[0.6235,5.7741],[0.6265,5.7741],[0.6333,5.7731],[0.6373,5.7727],[0.6419,5.7723],[0.6459,5.7713],[0.6509,5.7703],[0.6563,5.7697],[0.6613,5.7691],[0.6663,5.7689],[0.6701,5.7685],[0.6747,5.7687],[0.6779,5.7693],[0.6797,5.7717],[0.6765,5.7761],[0.6807,5.7753],[0.6855,5.7749],[0.6875,5.7771],[0.6859,5.7805],[0.6847,5.7837],[0.6825,5.7877],[0.6809,5.7909],[0.6787,5.7941],[0.6737,5.7971],[0.6709,5.7983],[0.6535,5.8045],[0.6517,5.8069],[0.6541,5.8205],[0.6543,5.8247],[0.6541,5.8277],[0.6525,5.8309],[0.6495,5.8345],[0.6463,5.8373],[0.6433,5.8405],[0.6301,5.8365],[0.6227,5.8343],[0.6203,5.8361],[0.6203,5.8399],[0.6193,5.8435],[0.6193,5.8489],[0.6195,5.8529],[0.6213,5.8563],[0.6233,5.8587],[0.6253,5.8621],[0.6297,5.8639],[0.6301,5.8675],[0.6267,5.8675],[0.6237,5.8661],[0.6195,5.8653],[0.6155,5.8647],[0.6133,5.8667],[0.6127,5.8699],[0.6125,5.8729],[0.6141,5.8753],[0.6113,5.8761],[0.6071,5.8773],[0.6061,5.8799],[0.6053,5.8841],[0.6035,5.8863],[0.6017,5.8887],[0.5993,5.8907],[0.5949,5.8903],[0.5849,5.8951],[0.5757,5.9017],[0.5779,5.9057],[0.5813,5.9109],[0.5839,5.9123],[0.5873,5.9143],[0.5871,5.9183],[0.5865,5.9215],[0.5839,5.9241],[0.5827,5.9267],[0.5791,5.9293],[0.5767,5.9321],[0.5725,5.9313],[0.5681,5.9341],[0.5643,5.9389],[0.5605,5.9399],[0.5577,5.9351],[0.5561,5.9297],[0.5537,5.9265],[0.5517,5.9215],[0.5489,5.9245],[0.5511,5.9285],[0.5497,5.9317],[0.5489,5.9347],[0.5467,5.9391],[0.5453,5.9431],[0.5423,5.9489],[0.5387,5.9519],[0.5341,5.9533],[0.5283,5.9531],[0.5247,5.9549],[0.5243,5.9589],[0.5245,5.9629],[0.5247,5.9679],[0.5249,5.9715],[0.5253,5.9779],[0.5207,5.9807],[0.5167,5.9823],[0.5133,5.9833],[0.5105,5.9857],[0.5077,5.9885],[0.5021,5.9897],[0.4991,5.9911],[0.4965,5.9925],[0.4923,5.9939],[0.4907,5.9887],[0.4901,5.9843],[0.4919,5.9807],[0.4893,5.9787],[0.4859,5.9769],[0.4855,5.9811],[0.4853,5.9851],[0.4857,5.9899],[0.4815,5.9919],[0.4773,5.9931],[0.4675,5.9983],[0.4587,5.9987],[0.4553,5.9999],[0.4525,6.0013],[0.4481,5.9993],[0.4449,5.9967],[0.4415,5.9955],[0.4407,5.9913],[0.4419,5.9865],[0.4409,5.9831],[0.4387,5.9811],[0.4357,5.9763],[0.4295,5.9737],[0.4253,5.9719],[0.4219,5.9711],[0.4175,5.9699],[0.4131,5.9679],[0.4079,5.9661],[0.4037,5.9651],[0.3989,5.9625],[0.3953,5.9611],[0.3911,5.9603],[0.3877,5.9609],[0.3841,5.9613],[0.3775,5.9611],[0.3747,5.9609],[0.3713,5.9607],[0.3653,5.9601],[0.3615,5.9587],[0.3539,5.9553],[0.3493,5.9545],[0.3445,5.9555],[0.3465,5.9591],[0.3477,5.9619],[0.3485,5.9651],[0.3493,5.9703],[0.3497,5.9731],[0.3503,5.9771],[0.3517,5.9817],[0.3531,5.9859],[0.3511,5.9881],[0.3465,5.9881],[0.3427,5.9887],[0.3387,5.9907],[0.3353,5.9927],[0.3315,5.9949],[0.3309,6.0035],[0.3319,6.0071],[0.3343,6.0107],[0.3363,6.0139],[0.3383,6.0169],[0.3405,6.0193],[0.3439,6.0213],[0.3477,6.0223],[0.3457,6.0251],[0.3433,6.0269],[0.3399,6.0291],[0.3371,6.0309],[0.3343,6.0331],[0.3321,6.0349],[0.3325,6.0381],[0.3359,6.0409],[0.3375,6.0473],[0.3347,6.0485],[0.3317,6.0497],[0.3289,6.0507],[0.3261,6.0517],[0.3211,6.0531],[0.3165,6.0535],[0.3135,6.0537],[0.3097,6.0541],[0.3067,6.0543],[0.3037,6.0547],[0.3001,6.0551],[0.2971,6.0565],[0.2937,6.0591],[0.2901,6.0631],[0.2891,6.0671],[0.2885,6.0715],[0.2881,6.0743],[0.2871,6.0771],[0.2849,6.0807],[0.2811,6.0841],[0.2773,6.0869],[0.2745,6.0897],[0.2679,6.0943],[0.2655,6.0957],[0.2621,6.0967],[0.2591,6.0981],[0.2549,6.0997],[0.2479,6.1057],[0.2411,6.1075],[0.2383,6.1081],[0.2347,6.1097],[0.2307,6.1083],[0.2221,6.1047],[0.2167,6.1041],[0.2131,6.1037],[0.2065,6.1033],[0.2033,6.1019],[0.1935,6.0975],[0.1903,6.0969],[0.1861,6.0977],[0.1819,6.0995],[0.1779,6.1003],[0.1745,6.1009],[0.1717,6.1015],[0.1683,6.1025],[0.1643,6.1035],[0.1595,6.1051],[0.1549,6.1067],[0.1503,6.1083],[0.1465,6.1093],[0.1445,6.1061],[0.1431,6.1009],[0.1405,6.0997],[0.1379,6.0967],[0.1339,6.0941],[0.1279,6.0907],[0.1221,6.0873],[0.1187,6.0839],[0.1143,6.0827],[0.1111,6.0811],[0.1081,6.0795],[0.1047,6.0779],[0.1023,6.0763],[0.1001,6.0741],[0.0971,6.0711],[0.0933,6.0669],[0.0899,6.0631],[0.0857,6.0627],[0.0811,6.0625],[0.0777,6.0621],[0.0741,6.0611],[0.0699,6.0609],[0.0627,6.0597],[0.0393,6.0487],[0.0371,6.0505],[0.0347,6.0525],[0.0299,6.0561],[0.0271,6.0581],[0.0191,6.0619],[0.0181,6.0397],[0.0161,6.0371],[0.0155,6.0339],[0.0137,6.0305],[0.0107,6.0271],[0.0089,6.0241],[0.0087,6.0203],[0.0075,6.0161],[0.0061,6.0131],[0.0039,6.0093],[-0.0006,6.0079],[-0.0055,6.0089],[-0.0096,6.0091],[-0.0116,6.0057],[-0.0136,6.0013],[-0.0136,5.9967],[-0.0081,5.9935],[-0.0046,5.9857],[-0.0044,5.9763],[-0.0063,5.9713],[-0.0124,5.9667],[-0.0164,5.9625],[-0.0194,5.9607],[-0.024,5.9581],[-0.0264,5.9561],[-0.0332,5.9507],[-0.0409,5.9441],[-0.0462,5.9429],[-0.0609,5.9331],[-0.0639,5.9277],[-0.0705,5.9217],[-0.0745,5.9163],[-0.079,5.9125],[-0.0835,5.9073],[-0.0904,5.9039],[-0.0955,5.9013],[-0.0977,5.8989],[-0.1005,5.8963],[-0.1103,5.8903],[-0.1159,5.8857],[-0.1218,5.8799],[-0.1265,5.8749],[-0.1267,5.8685],[-0.1281,5.8649],[-0.129,5.8601],[-0.1306,5.8527],[-0.1377,5.8513],[-0.1439,5.8549],[-0.1465,5.8523],[-0.154,5.8497],[-0.1558,5.8463],[-0.1595,5.8449],[-0.1626,5.8423],[-0.164,5.8387],[-0.161,5.8387],[-0.1565,5.8389],[-0.1529,5.8399],[-0.151,5.8377],[-0.1501,5.8349],[-0.151,5.8289],[-0.1526,5.8245],[-0.1536,5.8195],[-0.1546,5.8145],[-0.1577,5.8141],[-0.1625,5.8131],[-0.1682,5.8127],[-0.1719,5.8131],[-0.1721,5.8085],[-0.1723,5.8055],[-0.1742,5.8033],[-0.1765,5.8013],[-0.1787,5.7979],[-0.182,5.7931],[-0.1857,5.7907],[-0.189,5.7881],[-0.1919,5.7863],[-0.1942,5.7843],[-0.1982,5.7843],[-0.2019,5.7825],[-0.2026,5.7785],[-0.2036,5.7745],[-0.2044,5.7687],[-0.2033,5.7637],[-0.2038,5.7599],[-0.2058,5.7573],[-0.2072,5.7547],[-0.2135,5.7505],[-0.218,5.7509],[-0.2204,5.7485],[-0.2213,5.7441],[-0.224,5.7409],[-0.2273,5.7435],[-0.2275,5.7481],[-0.227,5.7521],[-0.2297,5.7533],[-0.2323,5.7551],[-0.2356,5.7559],[-0.2398,5.7571],[-0.243,5.7591],[-0.2414,5.7637],[-0.2392,5.7673],[-0.2372,5.7703],[-0.2354,5.7727],[-0.2349,5.7767],[-0.2348,5.7827],[-0.2415,5.7851],[-0.2447,5.7853],[-0.2509,5.7819],[-0.2564,5.7779],[-0.2599,5.7851],[-0.2613,5.7901],[-0.2614,5.7955],[-0.2642,5.8027],[-0.2665,5.8071],[-0.2696,5.8063],[-0.2746,5.8081],[-0.2823,5.8029],[-0.2915,5.7987],[-0.2943,5.7977],[-0.2985,5.7955],[-0.3043,5.7931],[-0.3106,5.7893],[-0.3164,5.7811],[-0.3218,5.7797],[-0.3239,5.7763],[-0.3272,5.7731],[-0.3293,5.7761],[-0.3317,5.7783],[-0.3365,5.7775],[-0.3407,5.7781],[-0.3434,5.7771],[-0.3477,5.7739],[-0.351,5.7701],[-0.352,5.7673],[-0.3567,5.7663],[-0.3609,5.7641],[-0.3655,5.7627],[-0.3691,5.7653],[-0.3714,5.7673],[-0.374,5.7687],[-0.3778,5.7705],[-0.3789,5.7739],[-0.382,5.7761],[-0.3853,5.7743],[-0.3878,5.7703],[-0.3888,5.7671],[-0.3893,5.7613],[-0.3921,5.7583],[-0.3953,5.7603],[-0.3988,5.7633],[-0.4034,5.7673],[-0.4062,5.7691],[-0.4102,5.7703],[-0.4134,5.7725],[-0.416,5.7769],[-0.4157,5.7805],[-0.4151,5.7839],[-0.4168,5.7873],[-0.4231,5.7905],[-0.4244,5.7941],[-0.4284,5.7931],[-0.4307,5.7959],[-0.4354,5.7985],[-0.4383,5.7997],[-0.4417,5.7975],[-0.4433,5.7943],[-0.446,5.7921],[-0.4481,5.7891],[-0.4453,5.7827],[-0.4443,5.7779],[-0.4473,5.7775],[-0.4516,5.7749],[-0.4549,5.7739],[-0.4597,5.7701],[-0.4625,5.7679],[-0.4652,5.7667],[-0.4686,5.7645],[-0.4735,5.7615],[-0.4779,5.7599],[-0.4827,5.7575],[-0.4909,5.7535],[-0.4923,5.7507],[-0.4934,5.7473],[-0.4977,5.7453],[-0.5017,5.7421],[-0.5047,5.7397],[-0.5089,5.7367],[-0.5113,5.7343],[-0.5096,5.7317],[-0.511,5.7259],[-0.5094,5.7213],[-0.5088,5.7149],[-0.5111,5.7105],[-0.5151,5.7077],[-0.5202,5.7043],[-0.5198,5.7011],[-0.5192,5.6979],[-0.5196,5.6949],[-0.5186,5.6915],[-0.5172,5.6873],[-0.5124,5.6849],[-0.5092,5.6831],[-0.507,5.6801],[-0.505,5.6763],[-0.5036,5.6721],[-0.5002,5.6689],[-0.4984,5.6645],[-0.4958,5.6601],[-0.4943,5.6555],[-0.4964,5.6517],[-0.497,5.6475],[-0.4946,5.6447],[-0.4901,5.6455],[-0.4833,5.6469],[-0.4797,5.6465],[-0.4765,5.6453],[-0.474,5.6435],[-0.4706,5.6415],[-0.4659,5.6395],[-0.4621,5.6383],[-0.4578,5.6367],[-0.4558,5.6347],[-0.4524,5.6319],[-0.4475,5.6313],[-0.4447,5.6287],[-0.4416,5.6263],[-0.4378,5.6235],[-0.4337,5.6219],[-0.4309,5.6207],[-0.4281,5.6177],[-0.4268,5.6141],[-0.4261,5.6107],[-0.4276,5.6051],[-0.425,5.6023],[-0.4224,5.5993],[-0.4191,5.5957],[-0.4173,5.5925],[-0.4157,5.5887],[-0.4132,5.5865],[-0.4099,5.5829],[-0.4078,5.5803],[-0.4061,5.5765],[-0.4054,5.5723],[-0.4027,5.5697],[-0.4008,5.5669],[-0.403,5.5625],[-0.4069,5.5595],[-0.4103,5.5565],[-0.4121,5.5521],[-0.4131,5.5483],[-0.4144,5.5445],[-0.4148,5.5413],[-0.4154,5.5379],[-0.4146,5.5325],[-0.4132,5.5277],[-0.4126,5.5243],[-0.4103,5.5217],[-0.4078,5.5181],[-0.4054,5.5145],[-0.4047,5.5113],[-0.4041,5.5079],[-0.4043,5.5041],[-0.4042,5.5011],[-0.4033,5.4969],[-0.4037,5.4925],[-0.4024,5.4897],[-0.4011,5.4863],[-0.4027,5.4827],[-0.4056,5.4795],[-0.4063,5.4747],[-0.4059,5.4697]]]},"properties":{"adm1_pcode":"GH07","adm1_name":"Greater Accra","center_lat":5.78988648,"center_lon":0.2473235}},
{"type":"Feature","geometry":{"type":"Polygon","coordinates":[[[0.3645,9.9321],[0.3641,9.9365],[0.3623,9.9401],[0.3587,9.9425],[0.3557,9.9457],[0.3525,9.9475],[0.3491,9.9485],[0.3477,9.9443],[0.3477,9.9397],[0.3437,9.9397],[0.3401,9.9399],[0.3351,9.9409],[0.3299,9.9423],[0.3265,9.9435],[0.3241,9.9469],[0.3247,9.9505],[0.3255,9.9555],[0.3243,9.9619],[0.3197,9.9627],[0.3169,9.9613],[0.3125,9.9603],[0.3091,9.9619],[0.3083,9.9653],[0.3077,9.9695],[0.3063,9.9737],[0.3027,9.9765],[0.2975,9.9757],[0.2933,9.9745],[0.2895,9.9739],[0.2863,9.9739],[0.2751,9.9727],[0.2711,9.9711],[0.2687,9.9671],[0.2661,9.9635],[0.2623,9.9611],[0.2581,9.9633],[0.2537,9.9609],[0.2483,9.9591],[0.2429,9.9595],[0.2385,9.9595],[0.2353,9.9575],[0.2311,9.9579],[0.2265,9.9607],[0.2217,9.9607],[0.2183,9.9605],[0.2131,9.9601],[0.2091,9.9603],[0.2053,9.9609],[0.2021,9.9631],[0.1991,9.9645],[0.1961,9.9651],[0.1931,9.9659],[0.1889,9.9673],[0.1895,9.9711],[0.1897,9.9749],[0.1873,9.9765],[0.1845,9.9785],[0.1803,9.9797],[0.1761,9.9789],[0.1725,9.9801],[0.1695,9.9809],[0.1655,9.9825],[0.1549,9.9853],[0.1513,9.9825],[0.1491,9.9789],[0.1473,9.9767],[0.1445,9.9751],[0.1413,9.9725],[0.1387,9.9695],[0.1381,9.9665],[0.1359,9.9639],[0.1331,9.9607],[0.1305,9.9593],[0.1299,9.9637],[0.1297,9.9673],[0.1289,9.9701],[0.1255,9.9713],[0.1219,9.9703],[0.1177,9.9701],[0.1137,9.9719],[0.1101,9.9695],[0.1067,9.9677],[0.1043,9.9697],[0.1017,9.9723],[0.0979,9.9721],[0.0935,9.9707],[0.0901,9.9685],[0.0859,9.9665],[0.0815,9.9663],[0.0777,9.9679],[0.0737,9.9671],[0.0705,9.9661],[0.0713,9.9689],[0.0719,9.9723],[0.0717,9.9757],[0.0697,9.9797],[0.0679,9.9833],[0.0671,9.9861],[0.0657,9.9897],[0.0639,9.9923],[0.0627,9.9957],[0.0635,9.9989],[0.0661,10.0009],[0.0705,10.0017],[0.0751,10.0003],[0.0791,9.9997],[0.0823,9.9987],[0.0853,10.0009],[0.0887,10.0013],[0.0925,10.0019],[0.0965,10.0027],[0.1003,10.0045],[0.1049,10.0041],[0.1087,10.0053],[0.1113,10.0075],[0.1131,10.0111],[0.1171,10.0135],[0.1191,10.0171],[0.1201,10.0209],[0.1207,10.0241],[0.1223,10.0263],[0.1241,10.0297],[0.1227,10.0327],[0.1229,10.0363],[0.1241,10.0391],[0.1219,10.0439],[0.1195,10.0463],[0.1203,10.0499],[0.1183,10.0549],[0.1173,10.0617],[0.1157,10.0647],[0.1139,10.0695],[0.1133,10.0733],[0.1143,10.0771],[0.1175,10.0799],[0.1175,10.0841],[0.1161,10.0881],[0.1155,10.0913],[0.1137,10.0947],[0.1129,10.0985],[0.1113,10.1027],[0.1109,10.1085],[0.1089,10.1131],[0.1079,10.1159],[0.1065,10.1193],[0.1085,10.1231],[0.1095,10.1261],[0.1105,10.1297],[0.1057,10.1325],[0.1019,10.1363],[0.0979,10.1385],[0.0969,10.1421],[0.0947,10.1451],[0.0931,10.1479],[0.0911,10.1509],[0.0869,10.1519],[0.0839,10.1547],[0.0811,10.1573],[0.0783,10.1605],[0.0763,10.1639],[0.0749,10.1673],[0.0719,10.1717],[0.0681,10.1737],[0.0655,10.1723],[0.0631,10.1755],[0.0615,10.1799],[0.0625,10.1849],[0.0647,10.1885],[0.0649,10.1927],[0.0649,10.1961],[0.0659,10.2003],[0.0689,10.2029],[0.0725,10.2031],[0.0755,10.2043],[0.0781,10.2069],[0.0803,10.2097],[0.0835,10.2131],[0.0833,10.2159],[0.0801,10.2191],[0.0781,10.2225],[0.0767,10.2265],[0.0783,10.2305],[0.0797,10.2333],[0.0813,10.2365],[0.0845,10.2395],[0.0871,10.2425],[0.0905,10.2441],[0.0901,10.2493],[0.0881,10.2521],[0.0853,10.2539],[0.0823,10.2559],[0.0819,10.2605],[0.0811,10.2689],[0.0799,10.2733],[0.0783,10.2785],[0.0781,10.2825],[0.0777,10.2873],[0.0759,10.2905],[0.0739,10.2937],[0.0697,10.2939],[0.0651,10.2933],[0.0619,10.2935],[0.0589,10.2943],[0.0575,10.2981],[0.0569,10.3023],[0.0563,10.3073],[0.0549,10.3111],[0.0547,10.3145],[0.0537,10.3193],[0.0495,10.3287],[0.0485,10.3335],[0.0479,10.3363],[0.0483,10.3393],[0.0495,10.3425],[0.0437,10.3395],[0.0397,10.3391],[0.0369,10.3381],[0.0335,10.3363],[0.0299,10.3379],[0.0263,10.3357],[0.0239,10.3329],[0.0209,10.3325],[0.0175,10.3335],[0.0147,10.3329],[0.0105,10.3319],[0.0071,10.3305],[0.0031,10.3315],[-0.0006,10.3313],[-0.0035,10.3307],[-0.0081,10.3297],[-0.0122,10.3303],[-0.0156,10.3299],[-0.0188,10.3283],[-0.0211,10.3245],[-0.0244,10.3211],[-0.0261,10.3181],[-0.0268,10.3153],[-0.0266,10.3121],[-0.0282,10.3081],[-0.0277,10.3047],[-0.0288,10.3021],[-0.029,10.2987],[-0.0287,10.2943],[-0.0293,10.2903],[-0.0293,10.2873],[-0.0279,10.2823],[-0.0263,10.2781],[-0.0251,10.2733],[-0.0286,10.2737],[-0.0321,10.2759],[-0.0363,10.2785],[-0.0402,10.2809],[-0.0429,10.2827],[-0.0462,10.2843],[-0.0516,10.2867],[-0.0572,10.2889],[-0.0615,10.2907],[-0.0645,10.2921],[-0.0686,10.2937],[-0.0723,10.2951],[-0.0772,10.2951],[-0.0821,10.2951],[-0.0882,10.2951],[-0.0865,10.2897],[-0.0917,10.2729],[-0.0945,10.2703],[-0.0979,10.2725],[-0.1007,10.2757],[-0.104,10.2773],[-0.1067,10.2789],[-0.1096,10.2815],[-0.1126,10.2839],[-0.1158,10.2865],[-0.1196,10.2883],[-0.1238,10.2895],[-0.1277,10.2905],[-0.1305,10.2919],[-0.1364,10.2933],[-0.1406,10.2935],[-0.1443,10.2945],[-0.1483,10.2945],[-0.1519,10.2941],[-0.1549,10.2927],[-0.157,10.2891],[-0.1601,10.2859],[-0.1637,10.2833],[-0.167,10.2819],[-0.1706,10.2815],[-0.1744,10.2803],[-0.1786,10.2783],[-0.1821,10.2791],[-0.1853,10.2781],[-0.1892,10.2781],[-0.1933,10.2767],[-0.1964,10.2751],[-0.1994,10.2723],[-0.2008,10.2691],[-0.2031,10.2667],[-0.2065,10.2689],[-0.2105,10.2709],[-0.2152,10.2731],[-0.2241,10.2797],[-0.2269,10.2811],[-0.2298,10.2833],[-0.2344,10.2857],[-0.2391,10.2873],[-0.2443,10.2879],[-0.2469,10.2865],[-0.2516,10.2855],[-0.256,10.2849],[-0.2589,10.2819],[-0.2616,10.2787],[-0.2649,10.2777],[-0.2678,10.2769],[-0.2713,10.2783],[-0.2752,10.2799],[-0.2785,10.2803],[-0.2834,10.2823],[-0.2924,10.2885],[-0.2965,10.2913],[-0.3015,10.2911],[-0.3056,10.2909],[-0.3102,10.2909],[-0.3162,10.2897],[-0.3207,10.2865],[-0.324,10.2847],[-0.3275,10.2851],[-0.3305,10.2841],[-0.3328,10.2819],[-0.3357,10.2813],[-0.3397,10.2795],[-0.3424,10.2771],[-0.3478,10.2761],[-0.352,10.2751],[-0.3546,10.2719],[-0.3543,10.2677],[-0.3565,10.2649],[-0.3587,10.2623],[-0.3618,10.2649],[-0.3641,10.2683],[-0.3669,10.2709],[-0.37,10.2733],[-0.3723,10.2761],[-0.3745,10.2799],[-0.377,10.2855],[-0.3786,10.2893],[-0.3817,10.2933],[-0.385,10.2971],[-0.3941,10.2977],[-0.4102,10.2995],[-0.4149,10.3003],[-0.4182,10.3003],[-0.4221,10.3015],[-0.4275,10.3019],[-0.432,10.3009],[-0.4378,10.2993],[-0.4411,10.2993],[-0.4477,10.3007],[-0.4514,10.3013],[-0.4545,10.3017],[-0.461,10.3067],[-0.4695,10.3137],[-0.4756,10.3201],[-0.4815,10.3263],[-0.4851,10.3261],[-0.4894,10.3239],[-0.4937,10.3259],[-0.4966,10.3243],[-0.4997,10.3215],[-0.5029,10.3189],[-0.5053,10.3145],[-0.5057,10.3085],[-0.5042,10.3043],[-0.5048,10.2993],[-0.5037,10.2963],[-0.505,10.2927],[-0.5022,10.2901],[-0.5002,10.2847],[-0.4979,10.2797],[-0.4995,10.2757],[-0.4991,10.2709],[-0.5037,10.2703],[-0.5051,10.2665],[-0.5026,10.2639],[-0.5017,10.2593],[-0.5094,10.2557],[-0.5097,10.2507],[-0.5074,10.2479],[-0.5059,10.2453],[-0.5029,10.2433],[-0.4989,10.2405],[-0.499,10.2375],[-0.503,10.2403],[-0.5075,10.2389],[-0.5096,10.2371],[-0.5127,10.2395],[-0.5125,10.2427],[-0.5152,10.2417],[-0.5153,10.2469],[-0.5193,10.2459],[-0.5202,10.2427],[-0.5199,10.2391],[-0.5219,10.2353],[-0.5238,10.2393],[-0.5268,10.2441],[-0.5293,10.2481],[-0.5312,10.2511],[-0.5326,10.2549],[-0.5316,10.2615],[-0.5341,10.2659],[-0.5375,10.2627],[-0.5406,10.2611],[-0.5412,10.2557],[-0.5434,10.2505],[-0.5465,10.2471],[-0.546,10.2411],[-0.5469,10.2373],[-0.5452,10.2335],[-0.5415,10.2323],[-0.5413,10.2287],[-0.5411,10.2257],[-0.5427,10.2221],[-0.5443,10.2183],[-0.546,10.2143],[-0.5476,10.2105],[-0.55,10.2081],[-0.5533,10.2043],[-0.5553,10.2001],[-0.5582,10.1973],[-0.5638,10.1939],[-0.5658,10.1909],[-0.5689,10.1891],[-0.5735,10.1857],[-0.5776,10.1819],[-0.5819,10.1765],[-0.5858,10.1751],[-0.5899,10.1727],[-0.5923,10.1693],[-0.5949,10.1661],[-0.5955,10.1625],[-0.5991,10.1603],[-0.6032,10.1619],[-0.6064,10.1625],[-0.6106,10.1633],[-0.6148,10.1639],[-0.6194,10.1643],[-0.6239,10.1649],[-0.6266,10.1675],[-0.6248,10.1713],[-0.6267,10.1745],[-0.6317,10.1759],[-0.6332,10.1783],[-0.6333,10.1831],[-0.6368,10.1849],[-0.6407,10.1861],[-0.6425,10.1895],[-0.6463,10.1893],[-0.6489,10.1845],[-0.6501,10.1815],[-0.6531,10.1827],[-0.6538,10.1885],[-0.6527,10.1919],[-0.6579,10.1921],[-0.6599,10.1883],[-0.6627,10.1859],[-0.6644,10.1819],[-0.6682,10.1797],[-0.6726,10.1817],[-0.6778,10.1819],[-0.6812,10.1811],[-0.682,10.1853],[-0.6834,10.1889],[-0.6862,10.1841],[-0.6905,10.1829],[-0.6928,10.1871],[-0.6959,10.1855],[-0.698,10.1809],[-0.7009,10.1793],[-0.7043,10.1783],[-0.7093,10.1775],[-0.7116,10.1801],[-0.7132,10.1829],[-0.7169,10.1801],[-0.7181,10.1767],[-0.7134,10.1755],[-0.7141,10.1715],[-0.7134,10.1679],[-0.7126,10.1639],[-0.717,10.1659],[-0.7208,10.1685],[-0.7246,10.1687],[-0.7282,10.1691],[-0.7336,10.1701],[-0.7367,10.1677],[-0.7348,10.1645],[-0.7325,10.1615],[-0.7362,10.1617],[-0.7405,10.1645],[-0.7442,10.1669],[-0.7475,10.1655],[-0.7488,10.1605],[-0.7539,10.1605],[-0.7576,10.1605],[-0.7607,10.1619],[-0.7635,10.1643],[-0.7658,10.1629],[-0.7665,10.1599],[-0.7694,10.1573],[-0.7726,10.1553],[-0.7759,10.1541],[-0.7777,10.1563],[-0.7804,10.1551],[-0.7799,10.1499],[-0.7807,10.1449],[-0.7835,10.1423],[-0.7857,10.1459],[-0.7849,10.1497],[-0.7882,10.1517],[-0.7924,10.1489],[-0.794,10.1457],[-0.7977,10.1487],[-0.7986,10.1533],[-0.8019,10.1561],[-0.8053,10.1537],[-0.8065,10.1507],[-0.8077,10.1475],[-0.8095,10.1431],[-0.8123,10.1391],[-0.814,10.1351],[-0.8164,10.1311],[-0.8178,10.1269],[-0.8212,10.1255],[-0.8218,10.1221],[-0.8203,10.1193],[-0.8242,10.1183],[-0.8286,10.1205],[-0.8331,10.1223],[-0.8365,10.1219],[-0.8382,10.1249],[-0.8366,10.1279],[-0.8377,10.1315],[-0.8424,10.1321],[-0.8453,10.1317],[-0.8498,10.1301],[-0.8529,10.1289],[-0.8555,10.1257],[-0.8535,10.1215],[-0.8493,10.1185],[-0.8495,10.1147],[-0.8526,10.1133],[-0.8559,10.1121],[-0.8587,10.1081],[-0.8582,10.1039],[-0.8629,10.1011],[-0.8668,10.0983],[-0.8683,10.0953],[-0.8662,10.0931],[-0.8637,10.0913],[-0.8597,10.0885],[-0.8589,10.0841],[-0.8626,10.0817],[-0.8656,10.0799],[-0.8687,10.0775],[-0.8696,10.0737],[-0.8673,10.0689],[-0.8669,10.0635],[-0.8636,10.0615],[-0.8642,10.0569],[-0.8671,10.0553],[-0.8705,10.0549],[-0.8736,10.0561],[-0.8769,10.0591],[-0.8813,10.0593],[-0.8819,10.0545],[-0.8825,10.0501],[-0.8859,10.0505],[-0.8886,10.0515],[-0.8907,10.0481],[-0.8903,10.0429],[-0.8883,10.0391],[-0.8866,10.0359],[-0.89,10.0343],[-0.8924,10.0359],[-0.895,10.0335],[-0.8963,10.0291],[-0.8965,10.0255],[-0.8967,10.0209],[-0.9001,10.0205],[-0.9026,10.0225],[-0.9051,10.0247],[-0.9094,10.0237],[-0.9116,10.0201],[-0.9121,10.0163],[-0.9115,10.0115],[-0.9154,10.0103],[-0.9182,10.0131],[-0.9211,10.0095],[-0.9217,10.0067],[-0.9219,10.0019],[-0.9256,10.0025],[-0.9279,10.0053],[-0.9298,10.0083],[-0.9321,10.0109],[-0.9369,10.0115],[-0.94,10.0097],[-0.9397,10.0057],[-0.94,10.0007],[-0.9423,9.9981],[-0.9403,9.9937],[-0.9406,9.9899],[-0.9442,9.9903],[-0.9469,9.9917],[-0.9514,9.9927],[-0.9543,9.9929],[-0.958,9.9923],[-0.9616,9.9911],[-0.9641,9.9873],[-0.9652,9.9821],[-0.9667,9.9767],[-0.9699,9.9725],[-0.9713,9.9683],[-0.9724,9.9653],[-0.9727,9.9625],[-0.9705,9.9579],[-0.9738,9.9569],[-0.9771,9.9591],[-0.9793,9.9617],[-0.9827,9.9629],[-0.9848,9.9597],[-0.9847,9.9553],[-0.9849,9.9519],[-0.9838,9.9491],[-0.9817,9.9451],[-0.9872,9.9453],[-0.9915,9.9455],[-0.9909,9.9519],[-0.9929,9.9557],[-0.9957,9.9579],[-0.9987,9.9599],[-1.0015,9.9635],[-1.0023,9.9673],[-1.0011,9.9711],[-0.9991,9.9745],[-0.9959,9.9777],[-0.9929,9.9791],[-0.9901,9.9807],[-0.9881,9.9829],[-0.9874,9.9867],[-0.9897,9.9889],[-0.9906,9.9927],[-0.988,9.9973],[-0.9891,10.0035],[-0.9925,10.0063],[-0.9964,10.0083],[-1.0002,10.0093],[-1.0028,10.0121],[-1.0023,10.0157],[-1.0028,10.0187],[-1.0049,10.0211],[-1.0091,10.0243],[-1.0125,10.0285],[-1.0134,10.0323],[-1.014,10.0363],[-1.0149,10.0411],[-1.0172,10.0447],[-1.0199,10.0495],[-1.0218,10.0529],[-1.0234,10.0557],[-1.0257,10.0591],[-1.0266,10.0635],[-1.0266,10.0675],[-1.026,10.0705],[-1.0244,10.0739],[-1.0199,10.0761],[-1.0161,10.0759],[-1.0121,10.0775],[-1.0103,10.0809],[-1.0106,10.0839],[-1.0108,10.0883],[-1.0122,10.0931],[-1.0149,10.0967],[-1.0186,10.0999],[-1.0221,10.1007],[-1.026,10.0993],[-1.0313,10.0981],[-1.0359,10.0987],[-1.04,10.0993],[-1.0439,10.0999],[-1.0465,10.1011],[-1.0499,10.1029],[-1.0545,10.1039],[-1.0595,10.1035],[-1.0638,10.1043],[-1.0691,10.1061],[-1.0669,10.1093],[-1.0639,10.1103],[-1.0612,10.1125],[-1.0608,10.1155],[-1.0622,10.1199],[-1.0665,10.1219],[-1.0721,10.1215],[-1.075,10.1223],[-1.0779,10.1221],[-1.0815,10.1213],[-1.0859,10.1215],[-1.0889,10.1223],[-1.0907,10.1245],[-1.0927,10.1271],[-1.0932,10.1305],[-1.0936,10.1337],[-1.0935,10.1377],[-1.0913,10.1419],[-1.0905,10.1453],[-1.0884,10.1499],[-1.0862,10.1523],[-1.0825,10.1551],[-1.0795,10.1567],[-1.0736,10.1567],[-1.0688,10.1555],[-1.0636,10.1553],[-1.0572,10.1583],[-1.0606,10.1601],[-1.0654,10.1639],[-1.0682,10.1667],[-1.0699,10.1709],[-1.0723,10.1733],[-1.0755,10.1745],[-1.0797,10.1773],[-1.0849,10.1789],[-1.088,10.1807],[-1.0916,10.1821],[-1.0945,10.1845],[-1.0976,10.1845],[-1.1025,10.1865],[-1.1068,10.1859],[-1.1109,10.1865],[-1.1132,10.1811],[-1.1144,10.1763],[-1.1166,10.1701],[-1.12,10.1611],[-1.1234,10.1507],[-1.1266,10.1461],[-1.1283,10.1429],[-1.1313,10.1413],[-1.1275,10.1379],[-1.122,10.1303],[-1.1237,10.1211],[-1.1262,10.1155],[-1.1307,10.1127],[-1.1349,10.1145],[-1.1396,10.1179],[-1.1444,10.1169],[-1.1484,10.1147],[-1.1514,10.1137],[-1.1547,10.1123],[-1.1576,10.1109],[-1.161,10.1093],[-1.1635,10.1079],[-1.1676,10.1063],[-1.1713,10.1047],[-1.1742,10.1035],[-1.177,10.1023],[-1.1804,10.1007],[-1.1832,10.0995],[-1.187,10.0981],[-1.1903,10.0965],[-1.1949,10.0945],[-1.199,10.0929],[-1.2033,10.0913],[-1.2064,10.0903],[-1.2094,10.0889],[-1.2118,10.0865],[-1.2147,10.0823],[-1.2173,10.0783],[-1.2199,10.0749],[-1.2222,10.0715],[-1.2244,10.0683],[-1.2266,10.0653],[-1.2284,10.0623],[-1.2301,10.0583],[-1.232,10.0547],[-1.2333,10.0519],[-1.2349,10.0489],[-1.2373,10.0437],[-1.2393,10.0397],[-1.2401,10.0355],[-1.2373,10.0329],[-1.2361,10.0301],[-1.2372,10.0269],[-1.2403,10.0261],[-1.2389,10.0227],[-1.236,10.0169],[-1.2334,10.0133],[-1.23,10.0107],[-1.2275,10.0087],[-1.2234,10.0075],[-1.2181,10.0071],[-1.2133,10.0067],[-1.2103,10.0061],[-1.2076,10.0045],[-1.2052,10.0025],[-1.2032,10.0003],[-1.2013,9.9973],[-1.1971,9.9947],[-1.1939,9.9933],[-1.1904,9.9931],[-1.1869,9.9931],[-1.1842,9.9921],[-1.1798,9.9913],[-1.1751,9.9887],[-1.1711,9.9867],[-1.1685,9.9849],[-1.1653,9.9831],[-1.1629,9.9809],[-1.1599,9.9803],[-1.1566,9.9779],[-1.1522,9.9779],[-1.1491,9.9787],[-1.146,9.9791],[-1.1418,9.9789],[-1.1407,9.9741],[-1.139,9.9689],[-1.135,9.9639],[-1.1309,9.9633],[-1.1283,9.9621],[-1.1245,9.9585],[-1.1225,9.9543],[-1.1202,9.9503],[-1.1176,9.9467],[-1.1166,9.9427],[-1.115,9.9401],[-1.1142,9.9365],[-1.1129,9.9337],[-1.1104,9.9317],[-1.1094,9.9277],[-1.1126,9.9277],[-1.1162,9.9277],[-1.1198,9.9277],[-1.1224,9.9293],[-1.1256,9.9295],[-1.1303,9.9323],[-1.1339,9.9341],[-1.1369,9.9363],[-1.141,9.9391],[-1.1447,9.9413],[-1.1473,9.9435],[-1.1511,9.9459],[-1.1548,9.9487],[-1.1598,9.9507],[-1.1639,9.9523],[-1.1667,9.9517],[-1.1701,9.9505],[-1.1737,9.9501],[-1.1767,9.9499],[-1.1787,9.9377],[-1.1771,9.9303],[-1.1762,9.9233],[-1.1769,9.9183],[-1.1795,9.9089],[-1.1816,9.9007],[-1.1819,9.8977],[-1.1805,9.8949],[-1.1768,9.8917],[-1.175,9.8871],[-1.1733,9.8837],[-1.1711,9.8797],[-1.1676,9.8769],[-1.1643,9.8741],[-1.1628,9.8707],[-1.1621,9.8671],[-1.161,9.8631],[-1.1606,9.8595],[-1.1606,9.8555],[-1.1619,9.8527],[-1.162,9.8489],[-1.1628,9.8451],[-1.1646,9.8391],[-1.166,9.8345],[-1.1684,9.8305],[-1.1711,9.8279],[-1.1722,9.8243],[-1.1731,9.8201],[-1.1713,9.8175],[-1.1698,9.8145],[-1.1715,9.8113],[-1.1737,9.8079],[-1.1739,9.8047],[-1.1742,9.8017],[-1.1731,9.7987],[-1.1737,9.7937],[-1.1753,9.7905],[-1.1787,9.7931],[-1.1804,9.7957],[-1.1834,9.7979],[-1.1867,9.8001],[-1.1906,9.7993],[-1.1942,9.7969],[-1.197,9.7961],[-1.1999,9.7965],[-1.2036,9.7967],[-1.2074,9.7965],[-1.2102,9.7977],[-1.2132,9.7987],[-1.2162,9.8021],[-1.217,9.8063],[-1.2174,9.8095],[-1.2194,9.8127],[-1.2232,9.8141],[-1.2257,9.8165],[-1.2284,9.8177],[-1.23,9.8203],[-1.2311,9.8235],[-1.2348,9.8271],[-1.2386,9.8283],[-1.242,9.8275],[-1.2456,9.8261],[-1.251,9.8239],[-1.2559,9.8239],[-1.2632,9.8235],[-1.2633,9.8207],[-1.2635,9.8175],[-1.2647,9.8147],[-1.2667,9.8113],[-1.2693,9.8073],[-1.2701,9.8045],[-1.2732,9.8023],[-1.2776,9.8019],[-1.2818,9.8019],[-1.2864,9.8023],[-1.2907,9.8045],[-1.2943,9.8063],[-1.2974,9.8089],[-1.302,9.8105],[-1.3059,9.8127],[-1.3082,9.8159],[-1.3084,9.8207],[-1.313,9.8173],[-1.3136,9.8131],[-1.3138,9.8085],[-1.312,9.8055],[-1.3103,9.8019],[-1.3141,9.8007],[-1.3173,9.7999],[-1.3206,9.7995],[-1.3234,9.8003],[-1.3261,9.8027],[-1.328,9.8069],[-1.3311,9.8081],[-1.334,9.8081],[-1.3369,9.8083],[-1.3409,9.8083],[-1.3452,9.8071],[-1.3483,9.8037],[-1.3506,9.7973],[-1.3515,9.7945],[-1.351,9.7909],[-1.3502,9.7831],[-1.3482,9.7785],[-1.348,9.7751],[-1.3491,9.7723],[-1.3499,9.7691],[-1.3506,9.7653],[-1.3495,9.7611],[-1.3478,9.7575],[-1.346,9.7537],[-1.3459,9.7499],[-1.3485,9.7463],[-1.348,9.7409],[-1.347,9.7375],[-1.3471,9.7341],[-1.3489,9.7295],[-1.3474,9.7247],[-1.346,9.7213],[-1.3451,9.7179],[-1.3436,9.7151],[-1.3406,9.7141],[-1.3394,9.7103],[-1.338,9.7059],[-1.3348,9.7043],[-1.3325,9.7019],[-1.3306,9.6995],[-1.3265,9.6977],[-1.3248,9.6931],[-1.3246,9.6893],[-1.3223,9.6867],[-1.3198,9.6841],[-1.3202,9.6807],[-1.3203,9.6763],[-1.3197,9.6727],[-1.32,9.6679],[-1.3208,9.6641],[-1.3235,9.6625],[-1.3225,9.6597],[-1.3231,9.6563],[-1.3178,9.6545],[-1.315,9.6521],[-1.3171,9.6487],[-1.3207,9.6477],[-1.325,9.6469],[-1.3283,9.6455],[-1.3305,9.6433],[-1.3305,9.6399],[-1.3283,9.6365],[-1.3295,9.6339],[-1.3333,9.6325],[-1.3371,9.6309],[-1.3401,9.6297],[-1.3443,9.6279],[-1.3483,9.6259],[-1.3509,9.6237],[-1.354,9.6219],[-1.3583,9.6205],[-1.3622,9.6195],[-1.3662,9.6183],[-1.3698,9.6161],[-1.3723,9.6131],[-1.3734,9.6101],[-1.372,9.6071],[-1.3684,9.6055],[-1.3646,9.6015],[-1.3615,9.5975],[-1.3469,9.5817],[-1.3404,9.5745],[-1.3302,9.5651],[-1.3167,9.5513],[-1.3147,9.5493],[-1.3131,9.5469],[-1.3118,9.5433],[-1.3116,9.5389],[-1.3087,9.5347],[-1.3062,9.5323],[-1.303,9.5289],[-1.2998,9.5251],[-1.2971,9.5217],[-1.2943,9.5193],[-1.2911,9.5181],[-1.2884,9.5167],[-1.286,9.5145],[-1.2813,9.5099],[-1.2794,9.5057],[-1.2774,9.5007],[-1.2703,9.4831],[-1.2661,9.4721],[-1.2629,9.4635],[-1.2552,9.4433],[-1.2546,9.4387],[-1.2501,9.4275],[-1.2461,9.4221],[-1.2428,9.4185],[-1.2437,9.4087],[-1.2444,9.4041],[-1.2447,9.4003],[-1.2459,9.3977],[-1.2462,9.3941],[-1.2457,9.3909],[-1.2459,9.3871],[-1.2479,9.3825],[-1.2495,9.3777],[-1.2517,9.3723],[-1.2542,9.3683],[-1.2552,9.3639],[-1.2572,9.3595],[-1.2553,9.3559],[-1.2561,9.3527],[-1.2589,9.3501],[-1.2616,9.3459],[-1.2644,9.3421],[-1.2641,9.3387],[-1.2623,9.3357],[-1.2613,9.3325],[-1.2647,9.3331],[-1.2683,9.3321],[-1.2677,9.3275],[-1.2647,9.3243],[-1.2614,9.3219],[-1.2586,9.3177],[-1.2572,9.3135],[-1.2564,9.3099],[-1.2559,9.3065],[-1.254,9.3031],[-1.252,9.3009],[-1.2494,9.2991],[-1.2472,9.2961],[-1.2459,9.2931],[-1.2434,9.2915],[-1.24,9.2875],[-1.2354,9.2897],[-1.2295,9.2925],[-1.2278,9.2957],[-1.225,9.2965],[-1.2221,9.2965],[-1.219,9.2971],[-1.2151,9.2985],[-1.2121,9.2997],[-1.2118,9.3027],[-1.2085,9.3045],[-1.205,9.3055],[-1.2025,9.3077],[-1.1988,9.3051],[-1.1947,9.3081],[-1.1902,9.3101],[-1.1861,9.3111],[-1.1823,9.3121],[-1.1787,9.3147],[-1.1756,9.3175],[-1.1715,9.3203],[-1.1682,9.3209],[-1.1646,9.3187],[-1.1601,9.3191],[-1.1562,9.3195],[-1.1515,9.3193],[-1.1476,9.3197],[-1.1446,9.3189],[-1.1411,9.3181],[-1.1373,9.3185],[-1.1337,9.3187],[-1.13,9.3193],[-1.1265,9.3177],[-1.1227,9.3181],[-1.1198,9.3177],[-1.1169,9.3167],[-1.113,9.3155],[-1.1094,9.3135],[-1.1072,9.3113],[-1.1047,9.3089],[-1.1003,9.3097],[-1.0968,9.3125],[-1.0938,9.3163],[-1.0897,9.3189],[-1.0866,9.3195],[-1.0837,9.3205],[-1.081,9.3219],[-1.0781,9.3233],[-1.0755,9.3259],[-1.0706,9.3267],[-1.0649,9.3267],[-1.0595,9.3279],[-1.0551,9.3305],[-1.0542,9.3337],[-1.0525,9.3363],[-1.0499,9.3395],[-1.0465,9.3415],[-1.0431,9.3435],[-1.0393,9.3441],[-1.0355,9.3429],[-1.0308,9.3413],[-1.0272,9.3383],[-1.0247,9.3369],[-1.0223,9.3343],[-1.0204,9.3321],[-1.0161,9.3303],[-1.0151,9.3267],[-1.0172,9.3227],[-1.019,9.3199],[-1.0204,9.3153],[-1.0176,9.3137],[-1.0139,9.3143],[-1.0113,9.3159],[-1.0083,9.3181],[-1.0057,9.3215],[-1.003,9.3239],[-0.9992,9.3267],[-0.9958,9.3289],[-0.992,9.3293],[-0.9872,9.3297],[-0.982,9.3323],[-0.9785,9.3341],[-0.9751,9.3359],[-0.9698,9.3347],[-0.9643,9.3347],[-0.963,9.3311],[-0.9629,9.3273],[-0.9627,9.3241],[-0.9619,9.3197],[-0.9614,9.3157],[-0.9601,9.3127],[-0.9607,9.3087],[-0.9601,9.3047],[-0.9574,9.3027],[-0.9551,9.3005],[-0.9486,9.2979],[-0.9442,9.2975],[-0.9394,9.2971],[-0.9357,9.2949],[-0.9323,9.2987],[-0.9264,9.2963],[-0.9207,9.2983],[-0.9157,9.3005],[-0.9114,9.3021],[-0.908,9.3035],[-0.9048,9.3053],[-0.9019,9.3059],[-0.899,9.3067],[-0.8948,9.3077],[-0.89,9.3081],[-0.8861,9.3097],[-0.8823,9.3083],[-0.8812,9.3043],[-0.879,9.3017],[-0.8745,9.3035],[-0.8706,9.3059],[-0.8668,9.3063],[-0.8589,9.3059],[-0.8545,9.3053],[-0.8499,9.3045],[-0.8496,9.3009],[-0.8476,9.2983],[-0.8431,9.2993],[-0.8376,9.2981],[-0.8328,9.2979],[-0.8303,9.3001],[-0.8292,9.3029],[-0.8276,9.3053],[-0.8259,9.3077],[-0.8231,9.3105],[-0.8195,9.3121],[-0.8154,9.3129],[-0.8104,9.3159],[-0.8048,9.3183],[-0.8025,9.3159],[-0.8,9.3127],[-0.7978,9.3109],[-0.7949,9.3087],[-0.791,9.3079],[-0.7851,9.3065],[-0.7808,9.3049],[-0.7766,9.3035],[-0.7694,9.3001],[-0.7653,9.2969],[-0.76,9.2957],[-0.7573,9.2945],[-0.7537,9.2933],[-0.7491,9.2935],[-0.7458,9.2927],[-0.743,9.2921],[-0.74,9.2917],[-0.7371,9.2919],[-0.7343,9.2907],[-0.7312,9.2903],[-0.7275,9.2907],[-0.7246,9.2887],[-0.7199,9.2883],[-0.7163,9.2889],[-0.7138,9.2875],[-0.709,9.2867],[-0.7053,9.2853],[-0.7025,9.2839],[-0.6979,9.2833],[-0.6998,9.2861],[-0.7055,9.2889],[-0.7091,9.2901],[-0.7128,9.2931],[-0.7137,9.2971],[-0.7116,9.3011],[-0.7116,9.3055],[-0.7144,9.3097],[-0.7168,9.3131],[-0.7176,9.3159],[-0.7169,9.3203],[-0.7154,9.3247],[-0.7098,9.3247],[-0.6985,9.3177],[-0.6958,9.3157],[-0.6886,9.3109],[-0.6869,9.3149],[-0.687,9.3209],[-0.6834,9.3253],[-0.6792,9.3241],[-0.6755,9.3227],[-0.6715,9.3213],[-0.6666,9.3195],[-0.6626,9.3181],[-0.6587,9.3185],[-0.6561,9.3167],[-0.6519,9.3153],[-0.6474,9.3155],[-0.6443,9.3161],[-0.6404,9.3175],[-0.6375,9.3183],[-0.6345,9.3183],[-0.6333,9.3155],[-0.6356,9.3119],[-0.6328,9.3087],[-0.6281,9.3077],[-0.6234,9.3087],[-0.6197,9.3109],[-0.617,9.3125],[-0.6137,9.3127],[-0.6108,9.3121],[-0.6098,9.3151],[-0.607,9.3175],[-0.6057,9.3203],[-0.6037,9.3231],[-0.5994,9.3243],[-0.594,9.3283],[-0.5911,9.3267],[-0.5874,9.3245],[-0.5851,9.3227],[-0.5821,9.3191],[-0.5801,9.3165],[-0.5781,9.3133],[-0.5757,9.3081],[-0.5745,9.3043],[-0.5731,9.3017],[-0.5717,9.2985],[-0.5692,9.2921],[-0.5663,9.2883],[-0.5627,9.2887],[-0.5602,9.2853],[-0.5551,9.2847],[-0.5512,9.2825],[-0.5488,9.2809],[-0.5465,9.2781],[-0.5435,9.2761],[-0.5401,9.2763],[-0.5357,9.2751],[-0.5305,9.2779],[-0.5266,9.2805],[-0.5202,9.2819],[-0.5166,9.2799],[-0.5139,9.2773],[-0.5114,9.2747],[-0.5105,9.2705],[-0.5117,9.2653],[-0.5103,9.2621],[-0.5063,9.2587],[-0.5022,9.2571],[-0.4983,9.2541],[-0.4946,9.2527],[-0.4911,9.2505],[-0.487,9.2495],[-0.4838,9.2503],[-0.4803,9.2491],[-0.476,9.2479],[-0.4724,9.2451],[-0.4693,9.2427],[-0.4647,9.2429],[-0.4608,9.2415],[-0.4524,9.2357],[-0.4409,9.2325],[-0.4359,9.2311],[-0.4334,9.2289],[-0.4312,9.2261],[-0.4259,9.2227],[-0.4197,9.2227],[-0.4164,9.2241],[-0.4127,9.2263],[-0.4094,9.2277],[-0.4063,9.2287],[-0.4019,9.2301],[-0.3974,9.2321],[-0.3921,9.2353],[-0.3883,9.2343],[-0.3837,9.2313],[-0.381,9.2295],[-0.3777,9.2281],[-0.3723,9.2267],[-0.3683,9.2261],[-0.3645,9.2253],[-0.361,9.2243],[-0.3582,9.2231],[-0.355,9.2197],[-0.3516,9.2173],[-0.3472,9.2159],[-0.3431,9.2139],[-0.3395,9.2113],[-0.3349,9.2109],[-0.3307,9.2103],[-0.3279,9.2107],[-0.3245,9.2093],[-0.3219,9.2061],[-0.3198,9.2021],[-0.3175,9.1983],[-0.3138,9.1953],[-0.3097,9.1927],[-0.3094,9.1891],[-0.3087,9.1845],[-0.3062,9.1813],[-0.3023,9.1795],[-0.299,9.1783],[-0.2961,9.1767],[-0.294,9.1723],[-0.2934,9.1677],[-0.2917,9.1635],[-0.2905,9.1603],[-0.2884,9.1553],[-0.2856,9.1525],[-0.2854,9.1479],[-0.2827,9.1449],[-0.283,9.1411],[-0.2808,9.1373],[-0.2755,9.1355],[-0.2714,9.1317],[-0.2665,9.1305],[-0.2609,9.1295],[-0.2592,9.1273],[-0.2551,9.1269],[-0.2514,9.1293],[-0.2495,9.1267],[-0.2472,9.1241],[-0.243,9.1215],[-0.2398,9.1213],[-0.2371,9.1195],[-0.2331,9.1215],[-0.2297,9.1229],[-0.2265,9.1217],[-0.2238,9.1203],[-0.2223,9.1175],[-0.2223,9.1137],[-0.2191,9.1105],[-0.2149,9.1093],[-0.2101,9.1107],[-0.2062,9.1107],[-0.2018,9.1095],[-0.2045,9.1071],[-0.2069,9.1045],[-0.2071,9.0993],[-0.2066,9.0951],[-0.2093,9.0935],[-0.2085,9.0895],[-0.2097,9.0861],[-0.2083,9.0829],[-0.2116,9.0797],[-0.2115,9.0751],[-0.2105,9.0723],[-0.2083,9.0693],[-0.2058,9.0663],[-0.205,9.0621],[-0.2077,9.0587],[-0.2111,9.0549],[-0.213,9.0513],[-0.2118,9.0479],[-0.2125,9.0447],[-0.2139,9.0415],[-0.2168,9.0365],[-0.2183,9.0327],[-0.2162,9.0291],[-0.213,9.0281],[-0.2083,9.0253],[-0.2091,9.0201],[-0.2108,9.0159],[-0.211,9.0123],[-0.2094,9.0083],[-0.2066,9.0063],[-0.2044,9.0035],[-0.205,8.9987],[-0.2022,8.9963],[-0.2,8.9909],[-0.1986,8.9859],[-0.1975,8.9831],[-0.1974,8.9797],[-0.1955,8.9753],[-0.196,8.9687],[-0.1958,8.9643],[-0.197,8.9595],[-0.1994,8.9569],[-0.1979,8.9539],[-0.1986,8.9511],[-0.2004,8.9477],[-0.2032,8.9469],[-0.2068,8.9473],[-0.213,8.9461],[-0.2155,8.9435],[-0.2188,8.9399],[-0.222,8.9359],[-0.227,8.9375],[-0.2307,8.9381],[-0.2336,8.9383],[-0.2376,8.9379],[-0.241,8.9305],[-0.2408,8.9269],[-0.2399,8.9233],[-0.2381,8.9205],[-0.2416,8.9189],[-0.2455,8.9191],[-0.2482,8.9171],[-0.2463,8.9137],[-0.2437,8.9099],[-0.247,8.9077],[-0.2501,8.9055],[-0.2525,8.9035],[-0.2557,8.9013],[-0.2607,8.9003],[-0.2649,8.9017],[-0.2681,8.9011],[-0.2721,8.9027],[-0.2759,8.9001],[-0.2809,8.8999],[-0.2801,8.8961],[-0.2843,8.8935],[-0.2882,8.8913],[-0.2889,8.8881],[-0.292,8.8859],[-0.2942,8.8883],[-0.2987,8.8865],[-0.3026,8.8841],[-0.3023,8.8783],[-0.299,8.8733],[-0.2963,8.8707],[-0.2954,8.8653],[-0.299,8.8645],[-0.2998,8.8611],[-0.3062,8.8589],[-0.3104,8.8583],[-0.3139,8.8589],[-0.3191,8.8613],[-0.322,8.8615],[-0.3263,8.8627],[-0.3297,8.8601],[-0.3326,8.8633],[-0.3346,8.8667],[-0.3387,8.8673],[-0.342,8.8659],[-0.3425,8.8623],[-0.3391,8.8611],[-0.3404,8.8569],[-0.3437,8.8549],[-0.3429,8.8509],[-0.3425,8.8463],[-0.3395,8.8457],[-0.3379,8.8417],[-0.3353,8.8379],[-0.3315,8.8369],[-0.3274,8.8369],[-0.3227,8.8341],[-0.3214,8.8271],[-0.3223,8.8227],[-0.3201,8.8185],[-0.3166,8.8163],[-0.3134,8.8171],[-0.3092,8.8199],[-0.3048,8.8189],[-0.2989,8.8179],[-0.2974,8.8151],[-0.2961,8.8115],[-0.2988,8.8095],[-0.2984,8.8057],[-0.3012,8.8007],[-0.3034,8.7949],[-0.3064,8.7943],[-0.3047,8.7877],[-0.3082,8.7847],[-0.3088,8.7801],[-0.3077,8.7773],[-0.3089,8.7735],[-0.3082,8.7689],[-0.3113,8.7671],[-0.3142,8.7635],[-0.3144,8.7585],[-0.3144,8.7545],[-0.3162,8.7501],[-0.3195,8.7487],[-0.3235,8.7475],[-0.327,8.7443],[-0.3297,8.7427],[-0.3343,8.7481],[-0.3365,8.7531],[-0.34,8.7561],[-0.3442,8.7557],[-0.3465,8.7579],[-0.3507,8.7553],[-0.3536,8.7543],[-0.356,8.7521],[-0.3581,8.7493],[-0.3607,8.7477],[-0.364,8.7453],[-0.3687,8.7431],[-0.3722,8.7435],[-0.3722,8.7399],[-0.3684,8.7379],[-0.3662,8.7351],[-0.3667,8.7313],[-0.369,8.7259],[-0.37,8.7231],[-0.3752,8.7245],[-0.3792,8.7243],[-0.3834,8.7231],[-0.3824,8.7197],[-0.3814,8.7155],[-0.3816,8.7109],[-0.3869,8.7099],[-0.3896,8.7113],[-0.3948,8.7119],[-0.402,8.7109],[-0.4049,8.7075],[-0.4069,8.7097],[-0.4071,8.7145],[-0.4088,8.7119],[-0.411,8.7091],[-0.4127,8.7123],[-0.4127,8.7209],[-0.4121,8.7263],[-0.4096,8.7293],[-0.4087,8.7321],[-0.4121,8.7339],[-0.4161,8.7337],[-0.4214,8.7321],[-0.424,8.7305],[-0.4271,8.7291],[-0.4318,8.7281],[-0.4319,8.7241],[-0.4316,8.7203],[-0.4318,8.7175],[-0.4356,8.7191],[-0.4383,8.7225],[-0.4437,8.7259],[-0.4483,8.7279],[-0.4516,8.7251],[-0.4578,8.7217],[-0.4616,8.7235],[-0.4661,8.7275],[-0.4676,8.7299],[-0.4695,8.7325],[-0.4722,8.7343],[-0.4751,8.7339],[-0.4779,8.7321],[-0.4813,8.7309],[-0.4856,8.7271],[-0.4878,8.7225],[-0.4881,8.7193],[-0.489,8.7165],[-0.4904,8.7103],[-0.4897,8.7043],[-0.4862,8.7035],[-0.4859,8.6997],[-0.4857,8.6949],[-0.4863,8.6915],[-0.4863,8.6863],[-0.4842,8.6819],[-0.4807,8.6823],[-0.4757,8.6825],[-0.4719,8.6791],[-0.4709,8.6759],[-0.4702,8.6721],[-0.4669,8.6719],[-0.4621,8.6743],[-0.458,8.6775],[-0.4531,8.6751],[-0.4515,8.6709],[-0.4488,8.6665],[-0.4471,8.6625],[-0.4438,8.6621],[-0.4396,8.6635],[-0.4395,8.6603],[-0.4352,8.6583],[-0.4327,8.6559],[-0.4342,8.6531],[-0.4359,8.6507],[-0.4359,8.6477],[-0.4351,8.6449],[-0.4309,8.6429],[-0.427,8.6465],[-0.424,8.6497],[-0.4204,8.6491],[-0.4188,8.6451],[-0.4192,8.6395],[-0.4175,8.6357],[-0.415,8.6317],[-0.4135,8.6287],[-0.4128,8.6255],[-0.4148,8.6211],[-0.414,8.6177],[-0.4163,8.6129],[-0.4146,8.6083],[-0.4121,8.6099],[-0.4099,8.6081],[-0.4091,8.6049],[-0.411,8.6007],[-0.407,8.5985],[-0.4055,8.6013],[-0.4033,8.6039],[-0.3993,8.6023],[-0.3967,8.5967],[-0.3951,8.5935],[-0.3906,8.5953],[-0.3866,8.5931],[-0.3811,8.5927],[-0.3787,8.5969],[-0.3733,8.5977],[-0.3728,8.5943],[-0.3734,8.5911],[-0.3719,8.5877],[-0.3684,8.5897],[-0.3651,8.5927],[-0.3641,8.5957],[-0.3623,8.5989],[-0.3586,8.5993],[-0.3592,8.5947],[-0.3593,8.5895],[-0.3611,8.5863],[-0.3634,8.5827],[-0.3621,8.5797],[-0.3594,8.5771],[-0.3568,8.5727],[-0.3547,8.5707],[-0.351,8.5699],[-0.3474,8.5703],[-0.3443,8.5673],[-0.3479,8.5649],[-0.3496,8.5611],[-0.3488,8.5571],[-0.3477,8.5537],[-0.346,8.5505],[-0.3441,8.5473],[-0.3422,8.5449],[-0.3391,8.5421],[-0.3366,8.5385],[-0.336,8.5345],[-0.3355,8.5311],[-0.3329,8.5331],[-0.3286,8.5329],[-0.3254,8.5319],[-0.3214,8.5325],[-0.3184,8.5351],[-0.3155,8.5331],[-0.313,8.5291],[-0.3106,8.5335],[-0.3105,8.5375],[-0.3066,8.5389],[-0.304,8.5365],[-0.3018,8.5407],[-0.3005,8.5445],[-0.2975,8.5473],[-0.2948,8.5457],[-0.2977,8.5429],[-0.2948,8.5419],[-0.2903,8.5439],[-0.2871,8.5467],[-0.2862,8.5495],[-0.2832,8.5507],[-0.2822,8.5535],[-0.2793,8.5561],[-0.2754,8.5571],[-0.273,8.5547],[-0.2704,8.5521],[-0.2692,8.5495],[-0.2682,8.5453],[-0.2652,8.5471],[-0.2609,8.5479],[-0.2598,8.5523],[-0.2568,8.5553],[-0.2528,8.5561],[-0.2499,8.5575],[-0.2457,8.5569],[-0.2423,8.5581],[-0.2386,8.5599],[-0.2374,8.5629],[-0.2381,8.5665],[-0.2371,8.5699],[-0.2345,8.5719],[-0.2321,8.5699],[-0.2282,8.5677],[-0.2239,8.5697],[-0.2217,8.5657],[-0.221,8.5619],[-0.2176,8.5581],[-0.2161,8.5549],[-0.2136,8.5529],[-0.2098,8.5535],[-0.2063,8.5541],[-0.2025,8.5541],[-0.1991,8.5539],[-0.1966,8.5511],[-0.1983,8.5465],[-0.2022,8.5443],[-0.2056,8.5405],[-0.2064,8.5375],[-0.2068,8.5345],[-0.2069,8.5311],[-0.2068,8.5281],[-0.2055,8.5255],[-0.2022,8.5247],[-0.1998,8.5231],[-0.1999,8.5201],[-0.2013,8.5171],[-0.2013,8.5125],[-0.2028,8.5091],[-0.2029,8.5057],[-0.203,8.5023],[-0.2053,8.4965],[-0.2069,8.4935],[-0.2028,8.4903],[-0.2002,8.4875],[-0.198,8.4857],[-0.1957,8.4839],[-0.1992,8.4817],[-0.2032,8.4829],[-0.2054,8.4849],[-0.2081,8.4867],[-0.2116,8.4841],[-0.2123,8.4783],[-0.212,8.4747],[-0.2122,8.4707],[-0.2171,8.4709],[-0.2175,8.4739],[-0.2224,8.4745],[-0.2301,8.4753],[-0.2385,8.4737],[-0.2428,8.4727],[-0.2426,8.4693],[-0.2409,8.4665],[-0.238,8.4621],[-0.2358,8.4599],[-0.2317,8.4577],[-0.2284,8.4587],[-0.2235,8.4561],[-0.2192,8.4545],[-0.2198,8.4507],[-0.2198,8.4465],[-0.2202,8.4433],[-0.2209,8.4405],[-0.222,8.4375],[-0.2235,8.4339],[-0.2246,8.4311],[-0.2262,8.4277],[-0.2287,8.4235],[-0.231,8.4203],[-0.2328,8.4181],[-0.2348,8.4139],[-0.2361,8.4093],[-0.2365,8.4059],[-0.2373,8.4019],[-0.2387,8.3977],[-0.2399,8.3951],[-0.2414,8.3921],[-0.2428,8.3891],[-0.2454,8.3859],[-0.2481,8.3827],[-0.2494,8.3797],[-0.2499,8.3663],[-0.2504,8.3631],[-0.2512,8.3595],[-0.2517,8.3565],[-0.2525,8.3529],[-0.2553,8.3501],[-0.2605,8.3497],[-0.2646,8.3503],[-0.2675,8.3503],[-0.2701,8.3515],[-0.274,8.3531],[-0.2784,8.3535],[-0.2822,8.3535],[-0.2864,8.3535],[-0.2905,8.3533],[-0.2949,8.3531],[-0.3001,8.3535],[-0.3033,8.3559],[-0.3061,8.3581],[-0.3093,8.3555],[-0.3119,8.3519],[-0.3136,8.3491],[-0.3155,8.3471],[-0.3181,8.3445],[-0.3214,8.3431],[-0.3247,8.3425],[-0.3261,8.3391],[-0.325,8.3359],[-0.3227,8.3333],[-0.3201,8.3311],[-0.3155,8.3291],[-0.3125,8.3257],[-0.3103,8.3231],[-0.3078,8.3207],[-0.3037,8.3197],[-0.2989,8.3191],[-0.2938,8.3195],[-0.2909,8.3203],[-0.288,8.3213],[-0.2845,8.3217],[-0.2813,8.3211],[-0.2779,8.3201],[-0.2736,8.3223],[-0.2704,8.3245],[-0.2679,8.3259],[-0.2658,8.3301],[-0.2636,8.3345],[-0.2589,8.3363],[-0.2546,8.3355],[-0.2509,8.3343],[-0.2478,8.3339],[-0.2457,8.3359],[-0.2439,8.3391],[-0.2411,8.3419],[-0.2361,8.3423],[-0.2325,8.3399],[-0.2285,8.3393],[-0.2239,8.3383],[-0.2191,8.3383],[-0.2162,8.3393],[-0.2141,8.3419],[-0.2129,8.3457],[-0.2103,8.3501],[-0.2049,8.3509],[-0.2016,8.3497],[-0.1981,8.3483],[-0.1941,8.3491],[-0.1923,8.3519],[-0.1912,8.3547],[-0.1887,8.3577],[-0.1856,8.3557],[-0.185,8.3519],[-0.1848,8.3469],[-0.1842,8.3435],[-0.1831,8.3369],[-0.1809,8.3339],[-0.1795,8.3311],[-0.1775,8.3289],[-0.1748,8.3267],[-0.1733,8.3235],[-0.1711,8.3215],[-0.1698,8.3189],[-0.1684,8.3163],[-0.1657,8.3147],[-0.1632,8.3121],[-0.1621,8.3081],[-0.161,8.3035],[-0.159,8.2991],[-0.1568,8.2967],[-0.1545,8.2939],[-0.151,8.2917],[-0.1483,8.2903],[-0.1424,8.2807],[-0.1431,8.2759],[-0.1418,8.2723],[-0.137,8.2727],[-0.1335,8.2727],[-0.1306,8.2729],[-0.1276,8.2727],[-0.1245,8.2731],[-0.1231,8.2769],[-0.1214,8.2809],[-0.1193,8.2857],[-0.1179,8.2901],[-0.1161,8.2933],[-0.1146,8.2967],[-0.1146,8.3005],[-0.1137,8.3049],[-0.1136,8.3101],[-0.1135,8.3145],[-0.1133,8.3183],[-0.1131,8.3219],[-0.1125,8.3267],[-0.1113,8.3309],[-0.1102,8.3349],[-0.1055,8.3361],[-0.102,8.3361],[-0.0998,8.3343],[-0.0967,8.3335],[-0.0936,8.3335],[-0.0899,8.3333],[-0.087,8.3329],[-0.0857,8.3357],[-0.0833,8.3375],[-0.0793,8.3385],[-0.0739,8.3393],[-0.0705,8.3395],[-0.0677,8.3411],[-0.0667,8.3443],[-0.067,8.3477],[-0.0652,8.3505],[-0.062,8.3515],[-0.0582,8.3521],[-0.0553,8.3517],[-0.0523,8.3515],[-0.0494,8.3517],[-0.0457,8.3511],[-0.0411,8.3493],[-0.0391,8.3453],[-0.0403,8.3411],[-0.0399,8.3379],[-0.0379,8.3345],[-0.0335,8.3317],[-0.0304,8.3299],[-0.0271,8.3297],[-0.0233,8.3297],[-0.0197,8.3279],[-0.017,8.3255],[-0.0139,8.3251],[-0.0102,8.3239],[-0.0057,8.3221],[-0.0021,8.3197],[0.0013,8.3141],[0.0067,8.3053],[0.0083,8.3025],[0.0101,8.2989],[0.0155,8.2983],[0.0185,8.2985],[0.0227,8.2975],[0.0275,8.2975],[0.0345,8.2953],[0.0383,8.2935],[0.0419,8.2917],[0.0473,8.2917],[0.0519,8.2911],[0.0553,8.2887],[0.0579,8.2845],[0.0615,8.2821],[0.0647,8.2821],[0.0693,8.2825],[0.0729,8.2831],[0.0765,8.2827],[0.0799,8.2807],[0.0831,8.2723],[0.0873,8.2695],[0.0907,8.2673],[0.0921,8.2623],[0.0951,8.2579],[0.0977,8.2539],[0.0995,8.2505],[0.1023,8.2463],[0.1039,8.2429],[0.1043,8.2397],[0.1023,8.2365],[0.0949,8.2331],[0.0893,8.2319],[0.0859,8.2327],[0.0837,8.2299],[0.0809,8.2273],[0.0795,8.2241],[0.0857,8.2253],[0.0895,8.2263],[0.0927,8.2287],[0.0953,8.2301],[0.0993,8.2291],[0.1029,8.2281],[0.1061,8.2257],[0.1147,8.2283],[0.1165,8.2235],[0.1167,8.2191],[0.1299,8.2147],[0.1247,8.2275],[0.1237,8.2309],[0.1325,8.2361],[0.1363,8.2375],[0.1449,8.2409],[0.1557,8.2405],[0.1619,8.2415],[0.1695,8.2449],[0.1785,8.2463],[0.1851,8.2481],[0.1893,8.2493],[0.1939,8.2533],[0.1963,8.2603],[0.1957,8.2667],[0.1953,8.2725],[0.1961,8.2797],[0.1977,8.2877],[0.1979,8.2923],[0.1967,8.3017],[0.1933,8.3063],[0.1885,8.3153],[0.1853,8.3227],[0.1863,8.3273],[0.1887,8.3303],[0.1913,8.3339],[0.1955,8.3365],[0.1989,8.3385],[0.2047,8.3415],[0.2079,8.3421],[0.2143,8.3425],[0.2275,8.3423],[0.2353,8.3439],[0.2429,8.3541],[0.2451,8.3673],[0.2443,8.3865],[0.2341,8.3983],[0.2231,8.4071],[0.2075,8.4101],[0.1833,8.4001],[0.1653,8.3911],[0.1491,8.3861],[0.1395,8.3861],[0.1335,8.3861],[0.1249,8.3829],[0.1133,8.3871],[0.1047,8.3901],[0.0865,8.4033],[0.0925,8.4191],[0.0929,8.4241],[0.0929,8.4275],[0.0917,8.4341],[0.0907,8.4393],[0.0907,8.4455],[0.0879,8.4519],[0.0835,8.4571],[0.0817,8.4609],[0.0849,8.4635],[0.0901,8.4683],[0.0949,8.4717],[0.1051,8.4757],[0.1161,8.4815],[0.1209,8.4855],[0.1123,8.4927],[0.1077,8.4949],[0.0939,8.5017],[0.0895,8.5173],[0.0841,8.5225],[0.0821,8.5277],[0.0839,8.5317],[0.0853,8.5347],[0.0867,8.5377],[0.0891,8.5421],[0.0915,8.5465],[0.0945,8.5511],[0.0959,8.5555],[0.0965,8.5589],[0.0975,8.5639],[0.0981,8.5667],[0.0991,8.5697],[0.1017,8.5733],[0.1037,8.5777],[0.1051,8.5823],[0.1067,8.5863],[0.1083,8.5905],[0.1103,8.5941],[0.1129,8.5973],[0.1175,8.5995],[0.1233,8.6021],[0.1269,8.6047],[0.1305,8.6045],[0.1329,8.6029],[0.1359,8.6001],[0.1395,8.5977],[0.1443,8.5913],[0.1475,8.5887],[0.1511,8.5885],[0.1545,8.5893],[0.1591,8.5909],[0.1635,8.5923],[0.1663,8.5935],[0.1699,8.5949],[0.1719,8.5993],[0.1725,8.6025],[0.1725,8.6055],[0.1727,8.6089],[0.1697,8.6157],[0.1663,8.6177],[0.1635,8.6187],[0.1555,8.6225],[0.1523,8.6247],[0.1501,8.6267],[0.1473,8.6295],[0.1437,8.6337],[0.1409,8.6367],[0.1391,8.6395],[0.1377,8.6431],[0.1371,8.6479],[0.1361,8.6527],[0.1361,8.6573],[0.1369,8.6615],[0.1381,8.6657],[0.1387,8.6687],[0.1421,8.6727],[0.1449,8.6753],[0.1471,8.6789],[0.1501,8.6827],[0.1527,8.6851],[0.1613,8.6935],[0.1641,8.6969],[0.1661,8.6991],[0.1687,8.7017],[0.1721,8.7045],[0.1759,8.7063],[0.1791,8.7077],[0.1807,8.7105],[0.1815,8.7139],[0.1825,8.7179],[0.1821,8.7215],[0.1805,8.7249],[0.1781,8.7299],[0.1759,8.7339],[0.1739,8.7383],[0.1723,8.7417],[0.1709,8.7445],[0.1693,8.7471],[0.1681,8.7501],[0.1665,8.7539],[0.1659,8.7587],[0.1659,8.7615],[0.1663,8.7657],[0.1665,8.7705],[0.1679,8.7739],[0.1721,8.7735],[0.1743,8.7703],[0.1711,8.7685],[0.1709,8.7653],[0.1741,8.7645],[0.1779,8.7639],[0.1809,8.7621],[0.1819,8.7593],[0.1819,8.7563],[0.1811,8.7531],[0.1807,8.7485],[0.1813,8.7445],[0.1837,8.7423],[0.1871,8.7419],[0.1875,8.7465],[0.1905,8.7445],[0.1945,8.7441],[0.1993,8.7443],[0.2027,8.7479],[0.2055,8.7511],[0.2083,8.7523],[0.2125,8.7543],[0.2163,8.7547],[0.2199,8.7507],[0.2229,8.7499],[0.2273,8.7513],[0.2319,8.7533],[0.2377,8.7519],[0.2401,8.7481],[0.2413,8.7437],[0.2449,8.7411],[0.2489,8.7435],[0.2527,8.7465],[0.2573,8.7467],[0.2619,8.7431],[0.2661,8.7407],[0.2697,8.7397],[0.2687,8.7353],[0.2705,8.7309],[0.2751,8.7281],[0.2799,8.7251],[0.2839,8.7247],[0.2853,8.7277],[0.2861,8.7307],[0.2875,8.7333],[0.2913,8.7329],[0.2929,8.7377],[0.2935,8.7413],[0.2975,8.7421],[0.2983,8.7383],[0.2987,8.7341],[0.3001,8.7305],[0.3015,8.7267],[0.3057,8.7275],[0.3087,8.7293],[0.3109,8.7311],[0.3145,8.7341],[0.3197,8.7331],[0.3229,8.7295],[0.3277,8.7289],[0.3309,8.7301],[0.3343,8.7307],[0.3383,8.7305],[0.3425,8.7283],[0.3425,8.7245],[0.3433,8.7201],[0.3467,8.7191],[0.3499,8.7189],[0.3539,8.7189],[0.3591,8.7197],[0.3599,8.7247],[0.3563,8.7271],[0.3539,8.7299],[0.3517,8.7339],[0.3483,8.7365],[0.3469,8.7399],[0.3503,8.7407],[0.3533,8.7419],[0.3561,8.7407],[0.3591,8.7401],[0.3633,8.7387],[0.3671,8.7371],[0.3703,8.7361],[0.3737,8.7357],[0.3797,8.7381],[0.3823,8.7397],[0.3843,8.7425],[0.3845,8.7457],[0.3815,8.7481],[0.3783,8.7511],[0.3757,8.7541],[0.3809,8.7535],[0.3861,8.7541],[0.3907,8.7541],[0.3945,8.7539],[0.3983,8.7545],[0.4009,8.7581],[0.3975,8.7601],[0.3939,8.7619],[0.3897,8.7617],[0.3869,8.7637],[0.3841,8.7659],[0.3807,8.7693],[0.3791,8.7733],[0.3813,8.7765],[0.3813,8.7809],[0.3801,8.7857],[0.3801,8.7915],[0.3823,8.7953],[0.3853,8.7913],[0.3901,8.7919],[0.3929,8.7955],[0.3961,8.7941],[0.3985,8.7905],[0.4021,8.7927],[0.4063,8.7937],[0.4099,8.7935],[0.4139,8.7933],[0.4183,8.7915],[0.4215,8.7909],[0.4241,8.7885],[0.4237,8.7827],[0.4259,8.7803],[0.4295,8.7811],[0.4321,8.7837],[0.4349,8.7851],[0.4387,8.7847],[0.4409,8.7889],[0.4395,8.7929],[0.4367,8.7941],[0.4313,8.7923],[0.4307,8.7973],[0.4331,8.7993],[0.4365,8.7997],[0.4401,8.8003],[0.4431,8.8021],[0.4451,8.8057],[0.4469,8.8101],[0.4511,8.8111],[0.4559,8.8111],[0.4589,8.8099],[0.4591,8.8063],[0.4593,8.8029],[0.4627,8.8013],[0.4647,8.7993],[0.4659,8.7963],[0.4683,8.7929],[0.4709,8.7947],[0.4721,8.7989],[0.4765,8.7989],[0.4799,8.7983],[0.4839,8.7989],[0.4871,8.7993],[0.4911,8.8009],[0.4929,8.8043],[0.4955,8.8077],[0.4983,8.8117],[0.5001,8.8147],[0.4983,8.8175],[0.4959,8.8201],[0.4963,8.8233],[0.4977,8.8277],[0.5009,8.8297],[0.4985,8.8327],[0.4971,8.8353],[0.4963,8.8387],[0.4981,8.8415],[0.5005,8.8445],[0.5035,8.8471],[0.5073,8.8483],[0.5075,8.8521],[0.5101,8.8555],[0.5143,8.8545],[0.5187,8.8531],[0.5211,8.8563],[0.5205,8.8607],[0.5181,8.8631],[0.5193,8.8675],[0.5207,8.8723],[0.5243,8.8751],[0.5269,8.8767],[0.5263,8.8809],[0.5233,8.8845],[0.5215,8.8893],[0.5193,8.8935],[0.5171,8.8969],[0.5141,8.9013],[0.5127,8.9053],[0.5127,8.9089],[0.5129,8.9119],[0.5115,8.9149],[0.5097,8.9175],[0.5101,8.9207],[0.5123,8.9233],[0.5135,8.9271],[0.5133,8.9307],[0.5141,8.9353],[0.5119,8.9393],[0.5095,8.9427],[0.5093,8.9459],[0.5067,8.9501],[0.5035,8.9525],[0.5005,8.9541],[0.4943,8.9573],[0.4781,8.9901],[0.4699,9.0085],[0.4703,9.0119],[0.4705,9.0173],[0.4689,9.0211],[0.4655,9.0231],[0.4643,9.0265],[0.4631,9.0305],[0.4631,9.0335],[0.4555,9.0357],[0.4563,9.0551],[0.4627,9.0553],[0.4643,9.0721],[0.4595,9.0725],[0.4797,9.0993],[0.4839,9.0999],[0.4855,9.1035],[0.4855,9.1065],[0.4869,9.1103],[0.4853,9.1145],[0.4839,9.1187],[0.4853,9.1225],[0.4839,9.1261],[0.4827,9.1291],[0.4821,9.1325],[0.4811,9.1367],[0.4809,9.1409],[0.4781,9.1441],[0.4809,9.1469],[0.4839,9.1491],[0.4871,9.1509],[0.4905,9.1531],[0.4937,9.1549],[0.4979,9.1553],[0.5019,9.1543],[0.5041,9.1571],[0.5049,9.1601],[0.5087,9.1627],[0.5121,9.1651],[0.5137,9.1681],[0.5145,9.1713],[0.5153,9.1749],[0.5167,9.1787],[0.5187,9.1809],[0.5205,9.1843],[0.5219,9.1883],[0.5223,9.1915],[0.5241,9.1951],[0.5265,9.1979],[0.5329,9.2065],[0.5391,9.2135],[0.5265,9.2215],[0.5247,9.2241],[0.5223,9.2257],[0.5205,9.2279],[0.5181,9.2319],[0.5163,9.2367],[0.5081,9.2547],[0.5085,9.2581],[0.5159,9.2729],[0.5343,9.2949],[0.5407,9.3013],[0.5375,9.3019],[0.5405,9.3065],[0.5539,9.3055],[0.5599,9.3057],[0.5603,9.3095],[0.5637,9.3173],[0.5631,9.3245],[0.5599,9.3275],[0.5579,9.3307],[0.5563,9.3339],[0.5561,9.3371],[0.5541,9.3409],[0.5531,9.3445],[0.5555,9.3479],[0.5631,9.3545],[0.5647,9.4071],[0.5601,9.4097],[0.5573,9.4117],[0.5561,9.4147],[0.5563,9.4181],[0.5551,9.4219],[0.5517,9.4237],[0.5483,9.4229],[0.5451,9.4241],[0.5419,9.4249],[0.5387,9.4261],[0.5363,9.4285],[0.5331,9.4293],[0.5293,9.4307],[0.5253,9.4313],[0.5235,9.4345],[0.5215,9.4385],[0.5169,9.4393],[0.5127,9.4379],[0.5083,9.4371],[0.5045,9.4391],[0.5007,9.4393],[0.4995,9.4431],[0.4969,9.4453],[0.4963,9.4495],[0.4975,9.4539],[0.4999,9.4565],[0.5035,9.4583],[0.5041,9.4617],[0.5053,9.4661],[0.5029,9.4695],[0.5021,9.4741],[0.4983,9.4783],[0.4951,9.4809],[0.4919,9.4837],[0.4897,9.4863],[0.4859,9.4861],[0.4809,9.4863],[0.4761,9.4887],[0.4719,9.4897],[0.4675,9.4905],[0.4635,9.4913],[0.4609,9.4939],[0.4577,9.4971],[0.4527,9.4987],[0.4471,9.5011],[0.4441,9.5011],[0.4397,9.5005],[0.4353,9.4991],[0.4307,9.4989],[0.4265,9.4995],[0.4237,9.5001],[0.4201,9.5003],[0.4165,9.5017],[0.4129,9.4995],[0.4097,9.4971],[0.4065,9.4943],[0.4023,9.4949],[0.3987,9.4935],[0.3945,9.4925],[0.3899,9.4921],[0.3857,9.4927],[0.3815,9.4925],[0.3767,9.4937],[0.3715,9.4953],[0.3669,9.4969],[0.3631,9.4987],[0.3593,9.4983],[0.3567,9.4961],[0.3543,9.4941],[0.3509,9.4921],[0.3477,9.4893],[0.3445,9.4871],[0.3455,9.4839],[0.3477,9.4797],[0.3467,9.4745],[0.3451,9.4703],[0.3433,9.4657],[0.3425,9.4625],[0.3411,9.4593],[0.3391,9.4557],[0.3375,9.4529],[0.3347,9.4517],[0.3319,9.4499],[0.3279,9.4483],[0.3235,9.4481],[0.3201,9.4463],[0.3163,9.4459],[0.3119,9.4453],[0.3087,9.4435],[0.3049,9.4399],[0.3015,9.4385],[0.2985,9.4367],[0.2951,9.4357],[0.2921,9.4349],[0.2893,9.4333],[0.2857,9.4309],[0.2811,9.4297],[0.2767,9.4287],[0.2727,9.4285],[0.2697,9.4299],[0.2665,9.4299],[0.2605,9.4297],[0.2593,9.4335],[0.2553,9.4349],[0.2519,9.4363],[0.2481,9.4377],[0.2475,9.4417],[0.2447,9.4461],[0.2425,9.4491],[0.2397,9.4513],[0.2375,9.4533],[0.2341,9.4569],[0.2313,9.4601],[0.2291,9.4633],[0.2281,9.4687],[0.2279,9.4715],[0.2275,9.4747],[0.2269,9.4777],[0.2271,9.4809],[0.2277,9.4841],[0.2305,9.4875],[0.2351,9.4881],[0.2389,9.4861],[0.2445,9.4833],[0.2479,9.4811],[0.2547,9.4783],[0.2577,9.4781],[0.2617,9.4783],[0.2653,9.4789],[0.2701,9.4797],[0.2721,9.4819],[0.2731,9.4849],[0.2769,9.4885],[0.2831,9.4885],[0.2897,9.4903],[0.2917,9.4931],[0.2953,9.4943],[0.2989,9.4971],[0.3025,9.4989],[0.3063,9.5007],[0.3105,9.5049],[0.3105,9.5083],[0.3093,9.5119],[0.3065,9.5149],[0.3003,9.5183],[0.2959,9.5211],[0.2905,9.5235],[0.2877,9.5241],[0.2839,9.5249],[0.2799,9.5239],[0.2755,9.5223],[0.2719,9.5215],[0.2683,9.5207],[0.2639,9.5201],[0.2597,9.5195],[0.2567,9.5189],[0.2533,9.5191],[0.2505,9.5203],[0.2471,9.5215],[0.2429,9.5245],[0.2397,9.5283],[0.2369,9.5347],[0.2357,9.5395],[0.2355,9.5429],[0.2349,9.5469],[0.2349,9.5499],[0.2365,9.5533],[0.2373,9.5571],[0.2383,9.5607],[0.2391,9.5635],[0.2395,9.5673],[0.2387,9.5711],[0.2403,9.5745],[0.2439,9.5763],[0.2479,9.5759],[0.2533,9.5745],[0.2579,9.5723],[0.2609,9.5699],[0.2649,9.5677],[0.2697,9.5685],[0.2735,9.5711],[0.2761,9.5731],[0.2839,9.5751],[0.2887,9.5767],[0.2929,9.5767],[0.2959,9.5761],[0.3011,9.5763],[0.3057,9.5775],[0.3107,9.5775],[0.3159,9.5763],[0.3201,9.5763],[0.3229,9.5777],[0.3271,9.5793],[0.3335,9.5793],[0.3375,9.5789],[0.3405,9.5779],[0.3439,9.5749],[0.3479,9.5733],[0.3523,9.5729],[0.3559,9.5733],[0.3611,9.5747],[0.3657,9.5763],[0.3691,9.5779],[0.3713,9.5803],[0.3741,9.5821],[0.3765,9.5837],[0.3793,9.5861],[0.3813,9.5889],[0.3823,9.5923],[0.3799,9.5977],[0.3775,9.6009],[0.3747,9.6045],[0.3731,9.6073],[0.3745,9.6131],[0.3757,9.6171],[0.3767,9.6201],[0.3779,9.6245],[0.3789,9.6281],[0.3799,9.6319],[0.3805,9.6361],[0.3813,9.6407],[0.3815,9.6443],[0.3783,9.6445],[0.3763,9.6489],[0.3755,9.6523],[0.3713,9.6539],[0.3679,9.6569],[0.3663,9.6609],[0.3677,9.6647],[0.3663,9.6677],[0.3631,9.6693],[0.3629,9.6725],[0.3613,9.6747],[0.3567,9.6759],[0.3519,9.6767],[0.3503,9.6807],[0.3505,9.6857],[0.3511,9.6899],[0.3507,9.6951],[0.3493,9.6987],[0.3481,9.7019],[0.3471,9.7089],[0.3465,9.7129],[0.3429,9.7179],[0.3389,9.7205],[0.3361,9.7219],[0.3329,9.7223],[0.3299,9.7227],[0.3259,9.7225],[0.3219,9.7237],[0.3195,9.7265],[0.3195,9.7303],[0.3213,9.7327],[0.3241,9.7387],[0.3255,9.7417],[0.3263,9.7449],[0.3271,9.7477],[0.3299,9.7589],[0.3299,9.7649],[0.3265,9.7699],[0.3261,9.7745],[0.3317,9.7751],[0.3347,9.7773],[0.3353,9.7811],[0.3337,9.7857],[0.3309,9.7931],[0.3331,9.7997],[0.3371,9.8031],[0.3403,9.8073],[0.3399,9.8101],[0.3397,9.8137],[0.3403,9.8167],[0.3435,9.8211],[0.3489,9.8257],[0.3517,9.8319],[0.3529,9.8387],[0.3561,9.8441],[0.3581,9.8485],[0.3567,9.8577],[0.3559,9.8613],[0.3545,9.8709],[0.3535,9.8771],[0.3521,9.8797],[0.3515,9.8831],[0.3521,9.8861],[0.3529,9.8897],[0.3513,9.8967],[0.3513,9.9009],[0.3515,9.9043],[0.3521,9.9091],[0.3529,9.9137],[0.3547,9.9205],[0.3563,9.9247],[0.3599,9.9297],[0.3645,9.9321]]]},"properties":{"adm1_pcode":"GH08","adm1_name":"Northern","center_lat":9.2789917,"center_lon":0.00267726}},
{"type":"Feature","geometry":{"type":"Polygon","coordinates":[[[0.3645,9.9321],[0.3689,9.9327],[0.3727,9.9337],[0.3771,9.9349],[0.3801,9.9359],[0.3833,9.9371],[0.3863,9.9393],[0.3857,9.9437],[0.3861,9.9483],[0.3837,9.9523],[0.3809,9.9543],[0.3777,9.9563],[0.3737,9.9595],[0.3715,9.9621],[0.3689,9.9655],[0.3671,9.9695],[0.3657,9.9727],[0.3643,9.9755],[0.3625,9.9785],[0.3609,9.9829],[0.3595,9.9861],[0.3587,9.9891],[0.3577,9.9925],[0.3571,9.9965],[0.3587,10.0001],[0.3615,10.0051],[0.3629,10.0087],[0.3639,10.0125],[0.3637,10.0167],[0.3623,10.0209],[0.3603,10.0267],[0.3607,10.0305],[0.3643,10.0343],[0.3687,10.0327],[0.3717,10.0299],[0.3745,10.0277],[0.3775,10.0269],[0.3807,10.0269],[0.3837,10.0265],[0.3877,10.0269],[0.3917,10.0267],[0.3945,10.0259],[0.3971,10.0243],[0.3995,10.0217],[0.4025,10.0205],[0.4063,10.0211],[0.4111,10.0227],[0.4119,10.0269],[0.4125,10.0301],[0.4139,10.0329],[0.4139,10.0359],[0.4129,10.0391],[0.4127,10.0429],[0.4135,10.0473],[0.4147,10.0519],[0.4163,10.0547],[0.4173,10.0577],[0.4159,10.0617],[0.4129,10.0645],[0.4105,10.0671],[0.4085,10.0691],[0.4061,10.0715],[0.4025,10.0741],[0.3987,10.0773],[0.3945,10.0809],[0.3895,10.0817],[0.3859,10.0825],[0.3829,10.0837],[0.3785,10.0847],[0.3733,10.0853],[0.3689,10.0855],[0.3655,10.0853],[0.3621,10.0865],[0.3589,10.0889],[0.3555,10.0919],[0.3535,10.0963],[0.3523,10.1011],[0.3523,10.1049],[0.3521,10.1085],[0.3531,10.1133],[0.3555,10.1169],[0.3565,10.1197],[0.3575,10.1233],[0.3577,10.1277],[0.3589,10.1303],[0.3617,10.1339],[0.3629,10.1381],[0.3629,10.1417],[0.3623,10.1449],[0.3611,10.1477],[0.3589,10.1507],[0.3569,10.1537],[0.3553,10.1563],[0.3535,10.1591],[0.3519,10.1629],[0.3507,10.1671],[0.3515,10.1709],[0.3529,10.1747],[0.3529,10.1777],[0.3531,10.1809],[0.3531,10.1841],[0.3519,10.1873],[0.3511,10.1911],[0.3523,10.1945],[0.3545,10.1983],[0.3557,10.2025],[0.3555,10.2073],[0.3551,10.2109],[0.3555,10.2145],[0.3579,10.2171],[0.3607,10.2205],[0.3607,10.2265],[0.3605,10.2299],[0.3599,10.2331],[0.3597,10.2365],[0.3599,10.2403],[0.3607,10.2443],[0.3609,10.2485],[0.3609,10.2529],[0.3611,10.2571],[0.3617,10.2603],[0.3627,10.2633],[0.3649,10.2653],[0.3683,10.2655],[0.3731,10.2671],[0.3765,10.2703],[0.3785,10.2725],[0.3813,10.2753],[0.3789,10.2785],[0.3747,10.2797],[0.3723,10.2833],[0.3697,10.2847],[0.3729,10.2867],[0.3769,10.2877],[0.3771,10.2911],[0.3793,10.2943],[0.3829,10.2967],[0.3847,10.3007],[0.3881,10.3037],[0.3917,10.3029],[0.3947,10.3035],[0.3975,10.3057],[0.3977,10.3095],[0.3963,10.3135],[0.3921,10.3153],[0.3879,10.3159],[0.3841,10.3151],[0.3799,10.3139],[0.3747,10.3133],[0.3711,10.3123],[0.3671,10.3109],[0.3619,10.3111],[0.3583,10.3115],[0.3543,10.3133],[0.3511,10.3113],[0.3477,10.3079],[0.3441,10.3083],[0.3407,10.3081],[0.3357,10.3095],[0.3327,10.3113],[0.3293,10.3093],[0.3251,10.3071],[0.3209,10.3087],[0.3171,10.3107],[0.3197,10.3127],[0.3225,10.3147],[0.3233,10.3193],[0.3267,10.3215],[0.3309,10.3235],[0.3369,10.3247],[0.3365,10.3289],[0.3343,10.3325],[0.3337,10.3357],[0.3297,10.3377],[0.3271,10.3399],[0.3241,10.3385],[0.3223,10.3351],[0.3187,10.3349],[0.3157,10.3383],[0.3161,10.3417],[0.3161,10.3449],[0.3161,10.3491],[0.3145,10.3533],[0.3145,10.3569],[0.3137,10.3611],[0.3123,10.3645],[0.3091,10.3675],[0.3067,10.3711],[0.3027,10.3701],[0.3007,10.3727],[0.2973,10.3735],[0.2945,10.3743],[0.2911,10.3761],[0.2917,10.3799],[0.2929,10.3833],[0.2959,10.3855],[0.2983,10.3891],[0.3001,10.3939],[0.2997,10.3971],[0.2997,10.4001],[0.2989,10.4051],[0.2983,10.4089],[0.2945,10.4099],[0.2903,10.4095],[0.2883,10.4115],[0.2881,10.4145],[0.2877,10.4181],[0.2851,10.4213],[0.2803,10.4203],[0.2759,10.4195],[0.2725,10.4201],[0.2709,10.4163],[0.2679,10.4157],[0.2679,10.4115],[0.2633,10.4097],[0.2587,10.4091],[0.2549,10.4093],[0.2509,10.4095],[0.2495,10.4127],[0.2461,10.4135],[0.2441,10.4153],[0.2407,10.4153],[0.2375,10.4155],[0.2357,10.4131],[0.2321,10.4161],[0.2293,10.4193],[0.2263,10.4215],[0.2213,10.4241],[0.2169,10.4259],[0.2149,10.4231],[0.2105,10.4207],[0.2099,10.4179],[0.2057,10.4175],[0.2063,10.4143],[0.2071,10.4107],[0.2077,10.4063],[0.2027,10.4069],[0.1989,10.4059],[0.1939,10.4031],[0.1909,10.4069],[0.1899,10.4121],[0.1893,10.4169],[0.1859,10.4177],[0.1839,10.4203],[0.1821,10.4231],[0.1795,10.4245],[0.1761,10.4247],[0.1731,10.4271],[0.1699,10.4299],[0.1699,10.4345],[0.1685,10.4383],[0.1673,10.4415],[0.1695,10.4439],[0.1719,10.4479],[0.1711,10.4517],[0.1677,10.4519],[0.1645,10.4543],[0.1625,10.4569],[0.1615,10.4601],[0.1565,10.4631],[0.1561,10.4673],[0.1581,10.4713],[0.1589,10.4745],[0.1557,10.4781],[0.1543,10.4821],[0.1529,10.4855],[0.1511,10.4887],[0.1517,10.4917],[0.1505,10.4947],[0.1503,10.4977],[0.1479,10.5017],[0.1471,10.5063],[0.1459,10.5103],[0.1471,10.5131],[0.1451,10.5153],[0.1451,10.5189],[0.1445,10.5219],[0.1431,10.5259],[0.1279,10.5301],[0.1177,10.5413],[0.0807,10.5539],[0.0605,10.5621],[0.0607,10.5653],[0.0601,10.5685],[0.0599,10.5715],[0.0587,10.5753],[0.0575,10.5793],[0.0553,10.5843],[0.0523,10.5869],[0.0499,10.5889],[0.0475,10.5913],[0.0449,10.5929],[0.0429,10.5951],[0.0417,10.5979],[0.0415,10.6011],[0.0343,10.6035],[0.0301,10.6047],[0.0091,10.6107],[0.0005,10.6133],[-0.0031,10.6147],[-0.0064,10.6155],[-0.0104,10.6163],[-0.0134,10.6181],[-0.0154,10.6221],[-0.0219,10.6247],[-0.0266,10.6257],[-0.041,10.6285],[-0.0543,10.6313],[-0.0598,10.6333],[-0.0613,10.6375],[-0.0624,10.6407],[-0.0637,10.6451],[-0.0656,10.6489],[-0.0673,10.6525],[-0.0687,10.6573],[-0.07,10.6613],[-0.0701,10.6663],[-0.0703,10.6697],[-0.0717,10.6729],[-0.0725,10.6761],[-0.0739,10.6793],[-0.0763,10.6853],[-0.0783,10.6907],[-0.0833,10.6983],[-0.0885,10.7063],[-0.0909,10.7103],[-0.0945,10.7097],[-0.0976,10.7079],[-0.1005,10.7061],[-0.1041,10.7043],[-0.1081,10.7015],[-0.1099,10.6971],[-0.1122,10.6943],[-0.1165,10.6927],[-0.1203,10.6899],[-0.1229,10.6867],[-0.1269,10.6861],[-0.1323,10.6847],[-0.1386,10.6827],[-0.1418,10.6811],[-0.1452,10.6787],[-0.1491,10.6755],[-0.1518,10.6729],[-0.1562,10.6717],[-0.1609,10.6733],[-0.1642,10.6711],[-0.1707,10.6709],[-0.1749,10.6707],[-0.1778,10.6681],[-0.1805,10.6693],[-0.1834,10.6695],[-0.187,10.6683],[-0.1894,10.6665],[-0.193,10.6645],[-0.1973,10.6629],[-0.201,10.6603],[-0.2046,10.6583],[-0.2083,10.6573],[-0.2119,10.6575],[-0.2152,10.6561],[-0.2196,10.6575],[-0.2224,10.6571],[-0.2254,10.6557],[-0.2306,10.6551],[-0.2336,10.6521],[-0.2356,10.6489],[-0.2401,10.6463],[-0.2434,10.6441],[-0.2466,10.6433],[-0.2513,10.6421],[-0.255,10.6399],[-0.2577,10.6383],[-0.2596,10.6355],[-0.2604,10.6323],[-0.2647,10.6331],[-0.2692,10.6347],[-0.2717,10.6377],[-0.2752,10.6375],[-0.2785,10.6391],[-0.2824,10.6383],[-0.2849,10.6353],[-0.2873,10.6375],[-0.2912,10.6365],[-0.2947,10.6353],[-0.297,10.6327],[-0.3001,10.6331],[-0.3023,10.6297],[-0.3061,10.6281],[-0.3097,10.6249],[-0.3122,10.6229],[-0.3151,10.6225],[-0.3196,10.6225],[-0.3228,10.6221],[-0.3261,10.6247],[-0.33,10.6243],[-0.3329,10.6243],[-0.3355,10.6213],[-0.3387,10.6201],[-0.3416,10.6205],[-0.3447,10.6197],[-0.3474,10.6193],[-0.3496,10.6211],[-0.3519,10.6235],[-0.3554,10.6255],[-0.3606,10.6259],[-0.3651,10.6253],[-0.3687,10.6243],[-0.374,10.6217],[-0.3769,10.6195],[-0.379,10.6175],[-0.3818,10.6145],[-0.3848,10.6129],[-0.3886,10.6109],[-0.3928,10.6095],[-0.3969,10.6081],[-0.401,10.6073],[-0.4041,10.6069],[-0.4083,10.6055],[-0.4129,10.6041],[-0.4179,10.6033],[-0.4232,10.6037],[-0.427,10.6037],[-0.4316,10.6033],[-0.4358,10.6027],[-0.4394,10.6013],[-0.4431,10.5999],[-0.4461,10.6011],[-0.4494,10.6013],[-0.4524,10.6017],[-0.4547,10.6037],[-0.4581,10.6059],[-0.462,10.6089],[-0.4637,10.6119],[-0.4657,10.6153],[-0.4691,10.6183],[-0.4743,10.6191],[-0.4784,10.6197],[-0.4815,10.6213],[-0.4851,10.6223],[-0.4895,10.6233],[-0.4927,10.6241],[-0.4961,10.6243],[-0.4992,10.6233],[-0.5016,10.6205],[-0.5028,10.6173],[-0.5044,10.6137],[-0.506,10.6107],[-0.507,10.6075],[-0.5062,10.6047],[-0.5053,10.6009],[-0.5066,10.5959],[-0.5078,10.5917],[-0.5082,10.5885],[-0.5083,10.5855],[-0.5084,10.5811],[-0.5087,10.5771],[-0.5082,10.5719],[-0.5084,10.5677],[-0.5111,10.5641],[-0.5153,10.5613],[-0.5196,10.5599],[-0.5232,10.5581],[-0.5264,10.5581],[-0.5296,10.5595],[-0.5335,10.5617],[-0.5367,10.5635],[-0.5396,10.5649],[-0.5424,10.5663],[-0.5449,10.5685],[-0.5478,10.5703],[-0.5505,10.5711],[-0.5544,10.5717],[-0.5591,10.5707],[-0.5625,10.5685],[-0.5649,10.5671],[-0.5685,10.5639],[-0.5718,10.5601],[-0.5735,10.5573],[-0.5755,10.5543],[-0.5775,10.5507],[-0.5823,10.5485],[-0.587,10.5487],[-0.5917,10.5467],[-0.5956,10.5467],[-0.5996,10.5481],[-0.6043,10.5517],[-0.6092,10.5533],[-0.6132,10.5537],[-0.6182,10.5555],[-0.6233,10.5543],[-0.6262,10.5535],[-0.6296,10.5529],[-0.6335,10.5543],[-0.6372,10.5555],[-0.6401,10.5557],[-0.644,10.5547],[-0.6473,10.5533],[-0.6501,10.5517],[-0.6531,10.5495],[-0.6551,10.5469],[-0.6566,10.5441],[-0.6584,10.5413],[-0.6607,10.5391],[-0.6625,10.5357],[-0.6637,10.5321],[-0.6652,10.5293],[-0.6672,10.5259],[-0.6726,10.5255],[-0.6769,10.5255],[-0.6805,10.5261],[-0.6836,10.5283],[-0.6856,10.5311],[-0.6861,10.5343],[-0.6862,10.5373],[-0.6873,10.5411],[-0.6902,10.5427],[-0.6934,10.5417],[-0.6966,10.5389],[-0.6988,10.5367],[-0.7011,10.5343],[-0.7022,10.5311],[-0.7024,10.5279],[-0.7045,10.5239],[-0.7085,10.5235],[-0.7128,10.5261],[-0.7156,10.5299],[-0.716,10.5345],[-0.7147,10.5377],[-0.7122,10.5397],[-0.709,10.5415],[-0.7051,10.5441],[-0.7028,10.5477],[-0.7009,10.5503],[-0.6986,10.5523],[-0.6959,10.5549],[-0.6928,10.5579],[-0.6896,10.5609],[-0.6863,10.5655],[-0.6863,10.5701],[-0.6879,10.5735],[-0.6894,10.5765],[-0.6908,10.5795],[-0.6921,10.5835],[-0.6936,10.5885],[-0.6967,10.5919],[-0.7,10.5945],[-0.7035,10.5969],[-0.7069,10.5983],[-0.7109,10.5991],[-0.7137,10.6007],[-0.7171,10.6045],[-0.7188,10.6081],[-0.7191,10.6109],[-0.7184,10.6145],[-0.7157,10.6159],[-0.7122,10.6155],[-0.708,10.6177],[-0.7063,10.6207],[-0.7078,10.6257],[-0.7091,10.6295],[-0.7096,10.6329],[-0.7102,10.6369],[-0.7119,10.6411],[-0.7148,10.6431],[-0.7174,10.6451],[-0.7199,10.6481],[-0.7227,10.6507],[-0.7275,10.6517],[-0.7317,10.6511],[-0.7349,10.6505],[-0.7376,10.6495],[-0.7403,10.6485],[-0.7437,10.6467],[-0.7468,10.6459],[-0.7498,10.6443],[-0.7522,10.6421],[-0.7547,10.6405],[-0.7582,10.6407],[-0.7611,10.6417],[-0.7651,10.6435],[-0.7686,10.6463],[-0.773,10.6505],[-0.7782,10.6523],[-0.7834,10.6519],[-0.7888,10.6525],[-0.7938,10.6509],[-0.7969,10.6453],[-0.7969,10.6389],[-0.7965,10.6333],[-0.7964,10.6279],[-0.7959,10.6235],[-0.7979,10.6197],[-0.8016,10.6179],[-0.805,10.6149],[-0.8077,10.6129],[-0.8109,10.6107],[-0.8142,10.6079],[-0.8191,10.6037],[-0.824,10.6009],[-0.8274,10.5999],[-0.8306,10.6005],[-0.8344,10.6013],[-0.8384,10.6005],[-0.8396,10.5971],[-0.8399,10.5937],[-0.8411,10.5889],[-0.8418,10.5843],[-0.8415,10.5805],[-0.8423,10.5763],[-0.8456,10.5763],[-0.8481,10.5789],[-0.8517,10.5795],[-0.8549,10.5817],[-0.8567,10.5859],[-0.8585,10.5895],[-0.8611,10.5917],[-0.865,10.5923],[-0.8704,10.5929],[-0.8748,10.5947],[-0.8792,10.5931],[-0.8824,10.5913],[-0.9092,10.5759],[-0.9085,10.5611],[-0.8916,10.5179],[-0.8951,10.5155],[-0.898,10.5135],[-0.9008,10.5103],[-0.9027,10.5067],[-0.9065,10.5041],[-0.9095,10.5013],[-0.912,10.4989],[-0.9146,10.4951],[-0.9165,10.4911],[-0.9176,10.4885],[-0.9196,10.4859],[-0.9234,10.4823],[-0.928,10.4803],[-0.9323,10.4807],[-0.9344,10.4829],[-0.9348,10.4859],[-0.9334,10.4885],[-0.9309,10.4913],[-0.9284,10.4941],[-0.9262,10.4969],[-0.9236,10.4987],[-0.9199,10.5017],[-0.9167,10.5063],[-0.9143,10.5099],[-0.9132,10.5133],[-0.911,10.5163],[-0.9089,10.5191],[-0.9092,10.5233],[-0.911,10.5263],[-0.9135,10.5281],[-0.9168,10.5281],[-0.9213,10.5267],[-0.927,10.5251],[-0.9306,10.5247],[-0.9337,10.5255],[-0.9369,10.5275],[-0.9414,10.5291],[-0.9449,10.5317],[-0.9485,10.5337],[-0.9521,10.5317],[-0.9547,10.5293],[-0.9585,10.5289],[-0.9615,10.5315],[-0.9634,10.5351],[-0.967,10.5369],[-0.972,10.5351],[-0.9764,10.5335],[-0.9793,10.5323],[-0.9837,10.5329],[-0.9871,10.5339],[-0.991,10.5351],[-0.995,10.5349],[-0.9986,10.5353],[-1.0016,10.5365],[-1.0052,10.5377],[-1.0084,10.5381],[-1.0113,10.5371],[-1.015,10.5353],[-1.0193,10.5339],[-1.023,10.5319],[-1.0261,10.5299],[-1.0306,10.5289],[-1.0335,10.5267],[-1.0359,10.5231],[-1.0409,10.5209],[-1.0431,10.5147],[-1.0463,10.5123],[-1.0498,10.5105],[-1.0511,10.5077],[-1.0528,10.5017],[-1.0569,10.4981],[-1.0618,10.4977],[-1.0655,10.4979],[-1.068,10.4957],[-1.0708,10.4911],[-1.0748,10.4893],[-1.0791,10.4877],[-1.0886,10.4853],[-1.0913,10.4845],[-1.0965,10.4833],[-1.1002,10.4809],[-1.1103,10.4761],[-1.1168,10.4709],[-1.123,10.4663],[-1.1278,10.4625],[-1.1324,10.4589],[-1.1371,10.4515],[-1.1471,10.4391],[-1.1499,10.4353],[-1.161,10.4193],[-1.1656,10.4127],[-1.1743,10.4099],[-1.1794,10.4083],[-1.1888,10.4053],[-1.1922,10.4041],[-1.2004,10.4011],[-1.2118,10.3965],[-1.2182,10.3941],[-1.2285,10.3903],[-1.232,10.3871],[-1.2329,10.3841],[-1.2345,10.3799],[-1.2342,10.3753],[-1.2321,10.3671],[-1.2265,10.3609],[-1.2221,10.3549],[-1.2177,10.3501],[-1.214,10.3443],[-1.2115,10.3355],[-1.2104,10.3297],[-1.2111,10.3241],[-1.2126,10.3193],[-1.214,10.3151],[-1.2176,10.3083],[-1.2232,10.3033],[-1.2231,10.2997],[-1.2231,10.2961],[-1.2274,10.2945],[-1.2314,10.2919],[-1.2289,10.2885],[-1.2316,10.2855],[-1.2358,10.2867],[-1.2403,10.2853],[-1.242,10.2801],[-1.2458,10.2815],[-1.25,10.2785],[-1.2536,10.2781],[-1.2547,10.2827],[-1.2556,10.2873],[-1.2569,10.2905],[-1.2569,10.2937],[-1.2548,10.2959],[-1.2553,10.3003],[-1.2585,10.3035],[-1.262,10.3059],[-1.2638,10.3091],[-1.2661,10.3109],[-1.2692,10.3115],[-1.2712,10.3155],[-1.2692,10.3193],[-1.2683,10.3227],[-1.2696,10.3259],[-1.2728,10.3257],[-1.2727,10.3221],[-1.2796,10.3219],[-1.2852,10.3223],[-1.2882,10.3251],[-1.2915,10.3261],[-1.296,10.3247],[-1.3001,10.3259],[-1.3045,10.3271],[-1.3087,10.3275],[-1.3134,10.3293],[-1.3162,10.3311],[-1.3212,10.3309],[-1.3255,10.3325],[-1.3236,10.3359],[-1.3245,10.3393],[-1.3286,10.3417],[-1.3314,10.3435],[-1.3349,10.3467],[-1.3391,10.3471],[-1.3418,10.3439],[-1.3437,10.3463],[-1.3478,10.3483],[-1.3446,10.3511],[-1.3449,10.3557],[-1.3444,10.3599],[-1.3449,10.3643],[-1.3473,10.3685],[-1.3491,10.3713],[-1.3512,10.3735],[-1.3534,10.3757],[-1.3567,10.3771],[-1.3603,10.3773],[-1.364,10.3781],[-1.369,10.3803],[-1.3732,10.3821],[-1.3759,10.3857],[-1.3792,10.3891],[-1.3818,10.3931],[-1.3835,10.3975],[-1.3841,10.4005],[-1.3843,10.4047],[-1.3767,10.4055],[-1.3736,10.4057],[-1.3719,10.4093],[-1.3689,10.4119],[-1.3662,10.4153],[-1.365,10.4181],[-1.3641,10.4209],[-1.3662,10.4235],[-1.3704,10.4237],[-1.3714,10.4265],[-1.3678,10.4277],[-1.3645,10.4299],[-1.3634,10.4327],[-1.3626,10.4359],[-1.3636,10.4391],[-1.3664,10.4421],[-1.3686,10.4445],[-1.3704,10.4471],[-1.3739,10.4499],[-1.3777,10.4529],[-1.3788,10.4567],[-1.3742,10.4587],[-1.3742,10.4629],[-1.3771,10.4663],[-1.3803,10.4683],[-1.3839,10.4707],[-1.3888,10.4737],[-1.394,10.4767],[-1.3967,10.4795],[-1.3986,10.4821],[-1.4016,10.4845],[-1.4055,10.4827],[-1.4091,10.4795],[-1.4118,10.4769],[-1.4143,10.4731],[-1.4178,10.4677],[-1.4243,10.4665],[-1.4291,10.4641],[-1.4334,10.4671],[-1.438,10.4655],[-1.4412,10.4635],[-1.4456,10.4613],[-1.4477,10.4565],[-1.4511,10.4537],[-1.4539,10.4521],[-1.4576,10.4507],[-1.4602,10.4489],[-1.4624,10.4469],[-1.465,10.4451],[-1.4676,10.4433],[-1.4703,10.4405],[-1.4726,10.4373],[-1.4746,10.4337],[-1.4798,10.4303],[-1.4933,10.4221],[-1.5057,10.4145],[-1.5106,10.4109],[-1.5178,10.4059],[-1.5253,10.3995],[-1.5335,10.3917],[-1.5441,10.3819],[-1.5481,10.3777],[-1.5519,10.3739],[-1.56,10.3657],[-1.5631,10.3621],[-1.5703,10.3555],[-1.5769,10.3467],[-1.6061,10.2943],[-1.6198,10.2687],[-1.6262,10.2563],[-1.6357,10.2373],[-1.6392,10.2303],[-1.6446,10.2205],[-1.6469,10.2165],[-1.649,10.2117],[-1.6479,10.2087],[-1.6495,10.2041],[-1.6513,10.2005],[-1.6534,10.1979],[-1.6569,10.1945],[-1.6595,10.1903],[-1.6625,10.1865],[-1.6616,10.1823],[-1.6604,10.1785],[-1.661,10.1757],[-1.6648,10.1743],[-1.6612,10.1711],[-1.6596,10.1675],[-1.6571,10.1641],[-1.6548,10.1621],[-1.6516,10.1605],[-1.6489,10.1591],[-1.6455,10.1571],[-1.6427,10.1561],[-1.639,10.1553],[-1.6353,10.1529],[-1.6332,10.1499],[-1.6323,10.1465],[-1.6292,10.1435],[-1.6275,10.1399],[-1.6241,10.1373],[-1.622,10.1343],[-1.6181,10.1331],[-1.6151,10.1333],[-1.6115,10.1347],[-1.6081,10.1333],[-1.6036,10.1341],[-1.6007,10.1329],[-1.5983,10.1273],[-1.5983,10.1233],[-1.5971,10.1205],[-1.5935,10.1143],[-1.5952,10.1107],[-1.5947,10.1067],[-1.5904,10.1041],[-1.5879,10.1007],[-1.588,10.0971],[-1.5891,10.0925],[-1.5891,10.0875],[-1.5866,10.0827],[-1.588,10.0783],[-1.5823,10.0815],[-1.5797,10.0847],[-1.5783,10.0891],[-1.5745,10.0901],[-1.5714,10.0903],[-1.5686,10.0911],[-1.5644,10.0917],[-1.5602,10.0911],[-1.5578,10.0935],[-1.5573,10.0973],[-1.5541,10.0953],[-1.5517,10.0933],[-1.5506,10.0889],[-1.5496,10.0841],[-1.5492,10.0785],[-1.5486,10.0727],[-1.546,10.0707],[-1.5421,10.0721],[-1.5382,10.0715],[-1.5354,10.0727],[-1.5324,10.0739],[-1.5302,10.0767],[-1.5276,10.0805],[-1.5245,10.0833],[-1.5218,10.0845],[-1.5171,10.0863],[-1.5127,10.0851],[-1.5068,10.0831],[-1.5031,10.0845],[-1.5002,10.0869],[-1.4968,10.0901],[-1.4923,10.0921],[-1.4887,10.0933],[-1.4854,10.0959],[-1.4815,10.0971],[-1.4771,10.0997],[-1.4723,10.1007],[-1.4697,10.1029],[-1.4669,10.1037],[-1.4634,10.1033],[-1.4594,10.1037],[-1.4556,10.1033],[-1.4528,10.1027],[-1.4493,10.1025],[-1.4452,10.1017],[-1.4409,10.1025],[-1.4375,10.1031],[-1.434,10.1017],[-1.4303,10.0999],[-1.4265,10.0981],[-1.424,10.0965],[-1.4209,10.0941],[-1.4153,10.0919],[-1.4119,10.0895],[-1.408,10.0913],[-1.4037,10.0935],[-1.3991,10.0929],[-1.3964,10.0919],[-1.3935,10.0911],[-1.39,10.0907],[-1.3868,10.0905],[-1.3836,10.0903],[-1.3788,10.0911],[-1.3745,10.0923],[-1.3722,10.0949],[-1.3687,10.0941],[-1.3673,10.0913],[-1.3671,10.0883],[-1.3632,10.0857],[-1.3603,10.0831],[-1.3559,10.0805],[-1.3448,10.0753],[-1.3407,10.0735],[-1.3364,10.0717],[-1.3304,10.0695],[-1.3249,10.0677],[-1.3214,10.0659],[-1.3182,10.0649],[-1.3134,10.0651],[-1.3092,10.0649],[-1.3093,10.0609],[-1.3076,10.0575],[-1.3056,10.0549],[-1.3026,10.0535],[-1.3016,10.0497],[-1.299,10.0465],[-1.2956,10.0433],[-1.2934,10.0411],[-1.2907,10.0389],[-1.2871,10.0367],[-1.2831,10.0381],[-1.2797,10.0381],[-1.2768,10.0355],[-1.2762,10.0317],[-1.2702,10.0317],[-1.2642,10.0325],[-1.2617,10.0345],[-1.2575,10.0355],[-1.2522,10.0337],[-1.2481,10.0309],[-1.2448,10.0303],[-1.2431,10.0275],[-1.2403,10.0261],[-1.2372,10.0269],[-1.2361,10.0301],[-1.2373,10.0329],[-1.2401,10.0355],[-1.2393,10.0397],[-1.2373,10.0437],[-1.2349,10.0489],[-1.2333,10.0519],[-1.232,10.0547],[-1.2301,10.0583],[-1.2284,10.0623],[-1.2266,10.0653],[-1.2244,10.0683],[-1.2222,10.0715],[-1.2199,10.0749],[-1.2173,10.0783],[-1.2147,10.0823],[-1.2118,10.0865],[-1.2094,10.0889],[-1.2064,10.0903],[-1.2033,10.0913],[-1.199,10.0929],[-1.1949,10.0945],[-1.1903,10.0965],[-1.187,10.0981],[-1.1832,10.0995],[-1.1804,10.1007],[-1.177,10.1023],[-1.1742,10.1035],[-1.1713,10.1047],[-1.1676,10.1063],[-1.1635,10.1079],[-1.161,10.1093],[-1.1576,10.1109],[-1.1547,10.1123],[-1.1514,10.1137],[-1.1484,10.1147],[-1.1444,10.1169],[-1.1396,10.1179],[-1.1349,10.1145],[-1.1307,10.1127],[-1.1262,10.1155],[-1.1237,10.1211],[-1.122,10.1303],[-1.1275,10.1379],[-1.1313,10.1413],[-1.1283,10.1429],[-1.1266,10.1461],[-1.1234,10.1507],[-1.12,10.1611],[-1.1166,10.1701],[-1.1144,10.1763],[-1.1132,10.1811],[-1.1109,10.1865],[-1.1068,10.1859],[-1.1025,10.1865],[-1.0976,10.1845],[-1.0945,10.1845],[-1.0916,10.1821],[-1.088,10.1807],[-1.0849,10.1789],[-1.0797,10.1773],[-1.0755,10.1745],[-1.0723,10.1733],[-1.0699,10.1709],[-1.0682,10.1667],[-1.0654,10.1639],[-1.0606,10.1601],[-1.0572,10.1583],[-1.0636,10.1553],[-1.0688,10.1555],[-1.0736,10.1567],[-1.0795,10.1567],[-1.0825,10.1551],[-1.0862,10.1523],[-1.0884,10.1499],[-1.0905,10.1453],[-1.0913,10.1419],[-1.0935,10.1377],[-1.0936,10.1337],[-1.0932,10.1305],[-1.0927,10.1271],[-1.0907,10.1245],[-1.0889,10.1223],[-1.0859,10.1215],[-1.0815,10.1213],[-1.0779,10.1221],[-1.075,10.1223],[-1.0721,10.1215],[-1.0665,10.1219],[-1.0622,10.1199],[-1.0608,10.1155],[-1.0612,10.1125],[-1.0639,10.1103],[-1.0669,10.1093],[-1.0691,10.1061],[-1.0638,10.1043],[-1.0595,10.1035],[-1.0545,10.1039],[-1.0499,10.1029],[-1.0465,10.1011],[-1.0439,10.0999],[-1.04,10.0993],[-1.0359,10.0987],[-1.0313,10.0981],[-1.026,10.0993],[-1.0221,10.1007],[-1.0186,10.0999],[-1.0149,10.0967],[-1.0122,10.0931],[-1.0108,10.0883],[-1.0106,10.0839],[-1.0103,10.0809],[-1.0121,10.0775],[-1.0161,10.0759],[-1.0199,10.0761],[-1.0244,10.0739],[-1.026,10.0705],[-1.0266,10.0675],[-1.0266,10.0635],[-1.0257,10.0591],[-1.0234,10.0557],[-1.0218,10.0529],[-1.0199,10.0495],[-1.0172,10.0447],[-1.0149,10.0411],[-1.014,10.0363],[-1.0134,10.0323],[-1.0125,10.0285],[-1.0091,10.0243],[-1.0049,10.0211],[-1.0028,10.0187],[-1.0023,10.0157],[-1.0028,10.0121],[-1.0002,10.0093],[-0.9964,10.0083],[-0.9925,10.0063],[-0.9891,10.0035],[-0.988,9.9973],[-0.9906,9.9927],[-0.9897,9.9889],[-0.9874,9.9867],[-0.9881,9.9829],[-0.9901,9.9807],[-0.9929,9.9791],[-0.9959,9.9777],[-0.9991,9.9745],[-1.0011,9.9711],[-1.0023,9.9673],[-1.0015,9.9635],[-0.9987,9.9599],[-0.9957,9.9579],[-0.9929,9.9557],[-0.9909,9.9519],[-0.9915,9.9455],[-0.9872,9.9453],[-0.9817,9.9451],[-0.9838,9.9491],[-0.9849,9.9519],[-0.9847,9.9553],[-0.9848,9.9597],[-0.9827,9.9629],[-0.9793,9.9617],[-0.9771,9.9591],[-0.9738,9.9569],[-0.9705,9.9579],[-0.9727,9.9625],[-0.9724,9.9653],[-0.9713,9.9683],[-0.9699,9.9725],[-0.9667,9.9767],[-0.9652,9.9821],[-0.9641,9.9873],[-0.9616,9.9911],[-0.958,9.9923],[-0.9543,9.9929],[-0.9514,9.9927],[-0.9469,9.9917],[-0.9442,9.9903],[-0.9406,9.9899],[-0.9403,9.9937],[-0.9423,9.9981],[-0.94,10.0007],[-0.9397,10.0057],[-0.94,10.0097],[-0.9369,10.0115],[-0.9321,10.0109],[-0.9298,10.0083],[-0.9279,10.0053],[-0.9256,10.0025],[-0.9219,10.0019],[-0.9217,10.0067],[-0.9211,10.0095],[-0.9182,10.0131],[-0.9154,10.0103],[-0.9115,10.0115],[-0.9121,10.0163],[-0.9116,10.0201],[-0.9094,10.0237],[-0.9051,10.0247],[-0.9026,10.0225],[-0.9001,10.0205],[-0.8967,10.0209],[-0.8965,10.0255],[-0.8963,10.0291],[-0.895,10.0335],[-0.8924,10.0359],[-0.89,10.0343],[-0.8866,10.0359],[-0.8883,10.0391],[-0.8903,10.0429],[-0.8907,10.0481],[-0.8886,10.0515],[-0.8859,10.0505],[-0.8825,10.0501],[-0.8819,10.0545],[-0.8813,10.0593],[-0.8769,10.0591],[-0.8736,10.0561],[-0.8705,10.0549],[-0.8671,10.0553],[-0.8642,10.0569],[-0.8636,10.0615],[-0.8669,10.0635],[-0.8673,10.0689],[-0.8696,10.0737],[-0.8687,10.0775],[-0.8656,10.0799],[-0.8626,10.0817],[-0.8589,10.0841],[-0.8597,10.0885],[-0.8637,10.0913],[-0.8662,10.0931],[-0.8683,10.0953],[-0.8668,10.0983],[-0.8629,10.1011],[-0.8582,10.1039],[-0.8587,10.1081],[-0.8559,10.1121],[-0.8526,10.1133],[-0.8495,10.1147],[-0.8493,10.1185],[-0.8535,10.1215],[-0.8555,10.1257],[-0.8529,10.1289],[-0.8498,10.1301],[-0.8453,10.1317],[-0.8424,10.1321],[-0.8377,10.1315],[-0.8366,10.1279],[-0.8382,10.1249],[-0.8365,10.1219],[-0.8331,10.1223],[-0.8286,10.1205],[-0.8242,10.1183],[-0.8203,10.1193],[-0.8218,10.1221],[-0.8212,10.1255],[-0.8178,10.1269],[-0.8164,10.1311],[-0.814,10.1351],[-0.8123,10.1391],[-0.8095,10.1431],[-0.8077,10.1475],[-0.8065,10.1507],[-0.8053,10.1537],[-0.8019,10.1561],[-0.7986,10.1533],[-0.7977,10.1487],[-0.794,10.1457],[-0.7924,10.1489],[-0.7882,10.1517],[-0.7849,10.1497],[-0.7857,10.1459],[-0.7835,10.1423],[-0.7807,10.1449],[-0.7799,10.1499],[-0.7804,10.1551],[-0.7777,10.1563],[-0.7759,10.1541],[-0.7726,10.1553],[-0.7694,10.1573],[-0.7665,10.1599],[-0.7658,10.1629],[-0.7635,10.1643],[-0.7607,10.1619],[-0.7576,10.1605],[-0.7539,10.1605],[-0.7488,10.1605],[-0.7475,10.1655],[-0.7442,10.1669],[-0.7405,10.1645],[-0.7362,10.1617],[-0.7325,10.1615],[-0.7348,10.1645],[-0.7367,10.1677],[-0.7336,10.1701],[-0.7282,10.1691],[-0.7246,10.1687],[-0.7208,10.1685],[-0.717,10.1659],[-0.7126,10.1639],[-0.7134,10.1679],[-0.7141,10.1715],[-0.7134,10.1755],[-0.7181,10.1767],[-0.7169,10.1801],[-0.7132,10.1829],[-0.7116,10.1801],[-0.7093,10.1775],[-0.7043,10.1783],[-0.7009,10.1793],[-0.698,10.1809],[-0.6959,10.1855],[-0.6928,10.1871],[-0.6905,10.1829],[-0.6862,10.1841],[-0.6834,10.1889],[-0.682,10.1853],[-0.6812,10.1811],[-0.6778,10.1819],[-0.6726,10.1817],[-0.6682,10.1797],[-0.6644,10.1819],[-0.6627,10.1859],[-0.6599,10.1883],[-0.6579,10.1921],[-0.6527,10.1919],[-0.6538,10.1885],[-0.6531,10.1827],[-0.6501,10.1815],[-0.6489,10.1845],[-0.6463,10.1893],[-0.6425,10.1895],[-0.6407,10.1861],[-0.6368,10.1849],[-0.6333,10.1831],[-0.6332,10.1783],[-0.6317,10.1759],[-0.6267,10.1745],[-0.6248,10.1713],[-0.6266,10.1675],[-0.6239,10.1649],[-0.6194,10.1643],[-0.6148,10.1639],[-0.6106,10.1633],[-0.6064,10.1625],[-0.6032,10.1619],[-0.5991,10.1603],[-0.5955,10.1625],[-0.5949,10.1661],[-0.5923,10.1693],[-0.5899,10.1727],[-0.5858,10.1751],[-0.5819,10.1765],[-0.5776,10.1819],[-0.5735,10.1857],[-0.5689,10.1891],[-0.5658,10.1909],[-0.5638,10.1939],[-0.5582,10.1973],[-0.5553,10.2001],[-0.5533,10.2043],[-0.55,10.2081],[-0.5476,10.2105],[-0.546,10.2143],[-0.5443,10.2183],[-0.5427,10.2221],[-0.5411,10.2257],[-0.5413,10.2287],[-0.5415,10.2323],[-0.5452,10.2335],[-0.5469,10.2373],[-0.546,10.2411],[-0.5465,10.2471],[-0.5434,10.2505],[-0.5412,10.2557],[-0.5406,10.2611],[-0.5375,10.2627],[-0.5341,10.2659],[-0.5316,10.2615],[-0.5326,10.2549],[-0.5312,10.2511],[-0.5293,10.2481],[-0.5268,10.2441],[-0.5238,10.2393],[-0.5219,10.2353],[-0.5199,10.2391],[-0.5202,10.2427],[-0.5193,10.2459],[-0.5153,10.2469],[-0.5152,10.2417],[-0.5125,10.2427],[-0.5127,10.2395],[-0.5096,10.2371],[-0.5075,10.2389],[-0.503,10.2403],[-0.499,10.2375],[-0.4989,10.2405],[-0.5029,10.2433],[-0.5059,10.2453],[-0.5074,10.2479],[-0.5097,10.2507],[-0.5094,10.2557],[-0.5017,10.2593],[-0.5026,10.2639],[-0.5051,10.2665],[-0.5037,10.2703],[-0.4991,10.2709],[-0.4995,10.2757],[-0.4979,10.2797],[-0.5002,10.2847],[-0.5022,10.2901],[-0.505,10.2927],[-0.5037,10.2963],[-0.5048,10.2993],[-0.5042,10.3043],[-0.5057,10.3085],[-0.5053,10.3145],[-0.5029,10.3189],[-0.4997,10.3215],[-0.4966,10.3243],[-0.4937,10.3259],[-0.4894,10.3239],[-0.4851,10.3261],[-0.4815,10.3263],[-0.4756,10.3201],[-0.4695,10.3137],[-0.461,10.3067],[-0.4545,10.3017],[-0.4514,10.3013],[-0.4477,10.3007],[-0.4411,10.2993],[-0.4378,10.2993],[-0.432,10.3009],[-0.4275,10.3019],[-0.4221,10.3015],[-0.4182,10.3003],[-0.4149,10.3003],[-0.4102,10.2995],[-0.3941,10.2977],[-0.385,10.2971],[-0.3817,10.2933],[-0.3786,10.2893],[-0.377,10.2855],[-0.3745,10.2799],[-0.3723,10.2761],[-0.37,10.2733],[-0.3669,10.2709],[-0.3641,10.2683],[-0.3618,10.2649],[-0.3587,10.2623],[-0.3565,10.2649],[-0.3543,10.2677],[-0.3546,10.2719],[-0.352,10.2751],[-0.3478,10.2761],[-0.3424,10.2771],[-0.3397,10.2795],[-0.3357,10.2813],[-0.3328,10.2819],[-0.3305,10.2841],[-0.3275,10.2851],[-0.324,10.2847],[-0.3207,10.2865],[-0.3162,10.2897],[-0.3102,10.2909],[-0.3056,10.2909],[-0.3015,10.2911],[-0.2965,10.2913],[-0.2924,10.2885],[-0.2834,10.2823],[-0.2785,10.2803],[-0.2752,10.2799],[-0.2713,10.2783],[-0.2678,10.2769],[-0.2649,10.2777],[-0.2616,10.2787],[-0.2589,10.2819],[-0.256,10.2849],[-0.2516,10.2855],[-0.2469,10.2865],[-0.2443,10.2879],[-0.2391,10.2873],[-0.2344,10.2857],[-0.2298,10.2833],[-0.2269,10.2811],[-0.2241,10.2797],[-0.2152,10.2731],[-0.2105,10.2709],[-0.2065,10.2689],[-0.2031,10.2667],[-0.2008,10.2691],[-0.1994,10.2723],[-0.1964,10.2751],[-0.1933,10.2767],[-0.1892,10.2781],[-0.1853,10.2781],[-0.1821,10.2791],[-0.1786,10.2783],[-0.1744,10.2803],[-0.1706,10.2815],[-0.167,10.2819],[-0.1637,10.2833],[-0.1601,10.2859],[-0.157,10.2891],[-0.1549,10.2927],[-0.1519,10.2941],[-0.1483,10.2945],[-0.1443,10.2945],[-0.1406,10.2935],[-0.1364,10.2933],[-0.1305,10.2919],[-0.1277,10.2905],[-0.1238,10.2895],[-0.1196,10.2883],[-0.1158,10.2865],[-0.1126,10.2839],[-0.1096,10.2815],[-0.1067,10.2789],[-0.104,10.2773],[-0.1007,10.2757],[-0.0979,10.2725],[-0.0945,10.2703],[-0.0917,10.2729],[-0.0865,10.2897],[-0.0882,10.2951],[-0.0821,10.2951],[-0.0772,10.2951],[-0.0723,10.2951],[-0.0686,10.2937],[-0.0645,10.2921],[-0.0615,10.2907],[-0.0572,10.2889],[-0.0516,10.2867],[-0.0462,10.2843],[-0.0429,10.2827],[-0.0402,10.2809],[-0.0363,10.2785],[-0.0321,10.2759],[-0.0286,10.2737],[-0.0251,10.2733],[-0.0263,10.2781],[-0.0279,10.2823],[-0.0293,10.2873],[-0.0293,10.2903],[-0.0287,10.2943],[-0.029,10.2987],[-0.0288,10.3021],[-0.0277,10.3047],[-0.0282,10.3081],[-0.0266,10.3121],[-0.0268,10.3153],[-0.0261,10.3181],[-0.0244,10.3211],[-0.0211,10.3245],[-0.0188,10.3283],[-0.0156,10.3299],[-0.0122,10.3303],[-0.0081,10.3297],[-0.0035,10.3307],[-0.0006,10.3313],[0.0031,10.3315],[0.0071,10.3305],[0.0105,10.3319],[0.0147,10.3329],[0.0175,10.3335],[0.0209,10.3325],[0.0239,10.3329],[0.0263,10.3357],[0.0299,10.3379],[0.0335,10.3363],[0.0369,10.3381],[0.0397,10.3391],[0.0437,10.3395],[0.0495,10.3425],[0.0483,10.3393],[0.0479,10.3363],[0.0485,10.3335],[0.0495,10.3287],[0.0537,10.3193],[0.0547,10.3145],[0.0549,10.3111],[0.0563,10.3073],[0.0569,10.3023],[0.0575,10.2981],[0.0589,10.2943],[0.0619,10.2935],[0.0651,10.2933],[0.0697,10.2939],[0.0739,10.2937],[0.0759,10.2905],[0.0777,10.2873],[0.0781,10.2825],[0.0783,10.2785],[0.0799,10.2733],[0.0811,10.2689],[0.0819,10.2605],[0.0823,10.2559],[0.0853,10.2539],[0.0881,10.2521],[0.0901,10.2493],[0.0905,10.2441],[0.0871,10.2425],[0.0845,10.2395],[0.0813,10.2365],[0.0797,10.2333],[0.0783,10.2305],[0.0767,10.2265],[0.0781,10.2225],[0.0801,10.2191],[0.0833,10.2159],[0.0835,10.2131],[0.0803,10.2097],[0.0781,10.2069],[0.0755,10.2043],[0.0725,10.2031],[0.0689,10.2029],[0.0659,10.2003],[0.0649,10.1961],[0.0649,10.1927],[0.0647,10.1885],[0.0625,10.1849],[0.0615,10.1799],[0.0631,10.1755],[0.0655,10.1723],[0.0681,10.1737],[0.0719,10.1717],[0.0749,10.1673],[0.0763,10.1639],[0.0783,10.1605],[0.0811,10.1573],[0.0839,10.1547],[0.0869,10.1519],[0.0911,10.1509],[0.0931,10.1479],[0.0947,10.1451],[0.0969,10.1421],[0.0979,10.1385],[0.1019,10.1363],[0.1057,10.1325],[0.1105,10.1297],[0.1095,10.1261],[0.1085,10.1231],[0.1065,10.1193],[0.1079,10.1159],[0.1089,10.1131],[0.1109,10.1085],[0.1113,10.1027],[0.1129,10.0985],[0.1137,10.0947],[0.1155,10.0913],[0.1161,10.0881],[0.1175,10.0841],[0.1175,10.0799],[0.1143,10.0771],[0.1133,10.0733],[0.1139,10.0695],[0.1157,10.0647],[0.1173,10.0617],[0.1183,10.0549],[0.1203,10.0499],[0.1195,10.0463],[0.1219,10.0439],[0.1241,10.0391],[0.1229,10.0363],[0.1227,10.0327],[0.1241,10.0297],[0.1223,10.0263],[0.1207,10.0241],[0.1201,10.0209],[0.1191,10.0171],[0.1171,10.0135],[0.1131,10.0111],[0.1113,10.0075],[0.1087,10.0053],[0.1049,10.0041],[0.1003,10.0045],[0.0965,10.0027],[0.0925,10.0019],[0.0887,10.0013],[0.0853,10.0009],[0.0823,9.9987],[0.0791,9.9997],[0.0751,10.0003],[0.0705,10.0017],[0.0661,10.0009],[0.0635,9.9989],[0.0627,9.9957],[0.0639,9.9923],[0.0657,9.9897],[0.0671,9.9861],[0.0679,9.9833],[0.0697,9.9797],[0.0717,9.9757],[0.0719,9.9723],[0.0713,9.9689],[0.0705,9.9661],[0.0737,9.9671],[0.0777,9.9679],[0.0815,9.9663],[0.0859,9.9665],[0.0901,9.9685],[0.0935,9.9707],[0.0979,9.9721],[0.1017,9.9723],[0.1043,9.9697],[0.1067,9.9677],[0.1101,9.9695],[0.1137,9.9719],[0.1177,9.9701],[0.1219,9.9703],[0.1255,9.9713],[0.1289,9.9701],[0.1297,9.9673],[0.1299,9.9637],[0.1305,9.9593],[0.1331,9.9607],[0.1359,9.9639],[0.1381,9.9665],[0.1387,9.9695],[0.1413,9.9725],[0.1445,9.9751],[0.1473,9.9767],[0.1491,9.9789],[0.1513,9.9825],[0.1549,9.9853],[0.1655,9.9825],[0.1695,9.9809],[0.1725,9.9801],[0.1761,9.9789],[0.1803,9.9797],[0.1845,9.9785],[0.1873,9.9765],[0.1897,9.9749],[0.1895,9.9711],[0.1889,9.9673],[0.1931,9.9659],[0.1961,9.9651],[0.1991,9.9645],[0.2021,9.9631],[0.2053,9.9609],[0.2091,9.9603],[0.2131,9.9601],[0.2183,9.9605],[0.2217,9.9607],[0.2265,9.9607],[0.2311,9.9579],[0.2353,9.9575],[0.2385,9.9595],[0.2429,9.9595],[0.2483,9.9591],[0.2537,9.9609],[0.2581,9.9633],[0.2623,9.9611],[0.2661,9.9635],[0.2687,9.9671],[0.2711,9.9711],[0.2751,9.9727],[0.2863,9.9739],[0.2895,9.9739],[0.2933,9.9745],[0.2975,9.9757],[0.3027,9.9765],[0.3063,9.9737],[0.3077,9.9695],[0.3083,9.9653],[0.3091,9.9619],[0.3125,9.9603],[0.3169,9.9613],[0.3197,9.9627],[0.3243,9.9619],[0.3255,9.9555],[0.3247,9.9505],[0.3241,9.9469],[0.3265,9.9435],[0.3299,9.9423],[0.3351,9.9409],[0.3401,9.9399],[0.3437,9.9397],[0.3477,9.9397],[0.3477,9.9443],[0.3491,9.9485],[0.3525,9.9475],[0.3557,9.9457],[0.3587,9.9425],[0.3623,9.9401],[0.3641,9.9365],[0.3645,9.9321]]]},"properties":{"adm1_pcode":"GH09","adm1_name":"Northern East","center_lat":10.32128906,"center_lon":-0.85594972}},
{"type":"Feature","geometry":{"type":"Polygon","coordinates":[[[0.1823,7.1797],[0.1931,7.1779],[0.2163,7.1741],[0.2353,7.1671],[0.2425,7.1487],[0.2437,7.1371],[0.2427,7.1271],[0.2369,7.1181],[0.2309,7.1069],[0.2245,7.0995],[0.2673,7.0979],[0.2717,7.0977],[0.2785,7.0975],[0.2975,7.0967],[0.3039,7.0965],[0.3071,7.0963],[0.3103,7.0961],[0.3159,7.0959],[0.3193,7.0941],[0.3231,7.0921],[0.3289,7.0907],[0.3289,7.0955],[0.3309,7.1001],[0.3329,7.1037],[0.3339,7.1075],[0.3367,7.1131],[0.3397,7.1161],[0.3391,7.1213],[0.3379,7.1251],[0.3391,7.1297],[0.3413,7.1279],[0.3495,7.1265],[0.3575,7.1317],[0.3649,7.1457],[0.3677,7.1483],[0.3687,7.1513],[0.3701,7.1539],[0.3795,7.1837],[0.3917,7.2267],[0.4021,7.2437],[0.4157,7.2663],[0.4271,7.2809],[0.4353,7.2847],[0.4387,7.2813],[0.4421,7.2779],[0.4469,7.2779],[0.4467,7.2821],[0.4509,7.2847],[0.4515,7.2881],[0.4503,7.2921],[0.4505,7.2963],[0.4539,7.2953],[0.4571,7.2943],[0.4605,7.2917],[0.4653,7.2897],[0.4695,7.2917],[0.4759,7.2917],[0.4795,7.2923],[0.4823,7.2929],[0.4927,7.2911],[0.4955,7.2941],[0.4979,7.2969],[0.5013,7.2985],[0.5049,7.3001],[0.5125,7.3013],[0.5163,7.2999],[0.5197,7.2985],[0.5227,7.2979],[0.5253,7.3005],[0.5281,7.3033],[0.5313,7.3047],[0.5347,7.3035],[0.5357,7.2993],[0.5393,7.2965],[0.5403,7.2895],[0.5415,7.2817],[0.5419,7.2745],[0.5407,7.2711],[0.5391,7.2667],[0.5385,7.2627],[0.5371,7.2571],[0.5343,7.2547],[0.5335,7.2495],[0.5267,7.2443],[0.5171,7.2397],[0.5213,7.2347],[0.5205,7.2307],[0.5193,7.2205],[0.5303,7.2213],[0.5357,7.2201],[0.5387,7.2229],[0.5427,7.2251],[0.5411,7.2287],[0.5409,7.2333],[0.5441,7.2385],[0.5487,7.2389],[0.5481,7.2435],[0.5503,7.2469],[0.5531,7.2491],[0.5531,7.2529],[0.5563,7.2537],[0.5609,7.2597],[0.5629,7.2655],[0.5639,7.2685],[0.5681,7.2669],[0.5715,7.2681],[0.5721,7.2719],[0.5733,7.2765],[0.5737,7.2803],[0.5753,7.2841],[0.5745,7.2875],[0.5779,7.2879],[0.5807,7.2879],[0.5821,7.2841],[0.5839,7.2783],[0.6063,7.2665],[0.6191,7.2643],[0.6337,7.2643],[0.6443,7.2631],[0.6435,7.2695],[0.6431,7.2733],[0.6431,7.2787],[0.6457,7.2875],[0.6467,7.2909],[0.6503,7.2913],[0.6523,7.2983],[0.6539,7.3013],[0.6565,7.3067],[0.6579,7.3109],[0.6589,7.3167],[0.6559,7.3241],[0.6537,7.3317],[0.6507,7.3457],[0.6493,7.3543],[0.6477,7.3595],[0.6453,7.3655],[0.6449,7.3699],[0.6433,7.3751],[0.6457,7.3769],[0.6473,7.3807],[0.6453,7.3867],[0.6447,7.3979],[0.6417,7.4013],[0.6341,7.4037],[0.6313,7.4031],[0.6287,7.4047],[0.6253,7.4113],[0.6197,7.4133],[0.6161,7.4113],[0.6103,7.4103],[0.6079,7.4077],[0.6053,7.4061],[0.6021,7.4079],[0.5987,7.4003],[0.5841,7.3971],[0.5731,7.3947],[0.5709,7.3969],[0.5675,7.3987],[0.5635,7.3989],[0.5597,7.4011],[0.5557,7.4037],[0.5527,7.4063],[0.5509,7.4087],[0.5493,7.4119],[0.5461,7.4147],[0.5439,7.4193],[0.5403,7.4223],[0.5369,7.4265],[0.5375,7.4297],[0.5373,7.4335],[0.5367,7.4365],[0.5347,7.4399],[0.5327,7.4439],[0.5327,7.4475],[0.5331,7.4507],[0.5323,7.4549],[0.5283,7.4581],[0.5247,7.4571],[0.5217,7.4555],[0.5219,7.4587],[0.5195,7.4613],[0.5235,7.4637],[0.5229,7.4681],[0.5205,7.4699],[0.5219,7.4735],[0.5251,7.4757],[0.5281,7.4797],[0.5265,7.4835],[0.5291,7.4863],[0.5267,7.4877],[0.5273,7.4913],[0.5239,7.4931],[0.5243,7.4975],[0.5237,7.5015],[0.5217,7.5059],[0.5209,7.5103],[0.5191,7.5131],[0.5215,7.5201],[0.5249,7.5477],[0.5263,7.5587],[0.5277,7.5703],[0.5285,7.5765],[0.5291,7.5831],[0.5279,7.5883],[0.5237,7.5901],[0.5207,7.5903],[0.5193,7.5929],[0.5221,7.5939],[0.5265,7.5953],[0.5305,7.5973],[0.5335,7.6003],[0.5361,7.6033],[0.5419,7.6069],[0.5459,7.6077],[0.5539,7.6079],[0.5565,7.6099],[0.5609,7.6129],[0.5679,7.6159],[0.5835,7.6227],[0.5863,7.6251],[0.5857,7.6301],[0.5849,7.6355],[0.5847,7.6403],[0.5837,7.6471],[0.5835,7.6519],[0.5831,7.6559],[0.5839,7.6595],[0.5843,7.6639],[0.5859,7.6673],[0.5865,7.6709],[0.5877,7.6779],[0.5893,7.6885],[0.5897,7.6931],[0.5925,7.7041],[0.5955,7.7069],[0.5991,7.7087],[0.6029,7.7101],[0.6067,7.7099],[0.6103,7.7103],[0.6127,7.7081],[0.6155,7.7067],[0.6177,7.7043],[0.6205,7.7035],[0.6255,7.7043],[0.6291,7.7057],[0.6277,7.7091],[0.6247,7.7115],[0.6235,7.7153],[0.6223,7.7197],[0.6217,7.7233],[0.6201,7.7263],[0.6193,7.7311],[0.6177,7.7359],[0.6165,7.7389],[0.6167,7.7437],[0.6149,7.7479],[0.6115,7.7541],[0.6141,7.7567],[0.6187,7.7577],[0.6199,7.7637],[0.6267,7.7649],[0.6305,7.7675],[0.6309,7.7707],[0.6305,7.7743],[0.6307,7.7777],[0.6301,7.7813],[0.6295,7.7853],[0.6275,7.7895],[0.6281,7.7935],[0.6227,7.7943],[0.6177,7.7963],[0.6205,7.7989],[0.6179,7.8031],[0.6175,7.8067],[0.6183,7.8161],[0.6197,7.8239],[0.6197,7.8317],[0.6209,7.8367],[0.6209,7.8419],[0.6241,7.8423],[0.6263,7.8505],[0.6271,7.8597],[0.6275,7.8683],[0.6233,7.8715],[0.6221,7.8781],[0.6239,7.8839],[0.6207,7.9009],[0.6261,7.9015],[0.6289,7.9099],[0.6317,7.9139],[0.6281,7.9179],[0.6305,7.9201],[0.6277,7.9239],[0.6263,7.9277],[0.6269,7.9311],[0.6239,7.9339],[0.6213,7.9367],[0.6225,7.9399],[0.6231,7.9455],[0.6227,7.9507],[0.6223,7.9543],[0.6237,7.9569],[0.6233,7.9617],[0.6205,7.9647],[0.6177,7.9659],[0.6175,7.9711],[0.6165,7.9757],[0.6157,7.9801],[0.6167,7.9841],[0.6165,7.9891],[0.6155,7.9937],[0.6141,7.9985],[0.6131,8.0047],[0.6167,8.0065],[0.6207,8.0079],[0.6223,8.0125],[0.6201,8.0161],[0.6161,8.0173],[0.6135,8.0205],[0.6111,8.0245],[0.6097,8.0271],[0.6061,8.0269],[0.6005,8.0261],[0.5987,8.0307],[0.5947,8.0389],[0.5969,8.0425],[0.5975,8.0455],[0.5967,8.0497],[0.5989,8.0537],[0.5987,8.0573],[0.5975,8.0615],[0.5931,8.0617],[0.5913,8.0671],[0.5919,8.0703],[0.5905,8.0749],[0.5899,8.0801],[0.5883,8.0845],[0.5851,8.0933],[0.5857,8.1011],[0.5883,8.1027],[0.5919,8.1033],[0.5923,8.1069],[0.5917,8.1163],[0.5943,8.1275],[0.5915,8.1363],[0.5933,8.1391],[0.6013,8.1395],[0.6069,8.1389],[0.6077,8.1439],[0.6093,8.1467],[0.6113,8.1541],[0.6107,8.1621],[0.6095,8.1673],[0.6077,8.1725],[0.6111,8.1743],[0.6133,8.1767],[0.6139,8.1801],[0.6133,8.1843],[0.6069,8.1811],[0.6033,8.1815],[0.6009,8.1859],[0.5965,8.1901],[0.5925,8.1925],[0.5907,8.1947],[0.5897,8.1981],[0.5897,8.2019],[0.5903,8.2071],[0.5953,8.2103],[0.5999,8.2125],[0.6039,8.2139],[0.6087,8.2141],[0.6107,8.2163],[0.6131,8.2143],[0.6157,8.2157],[0.6189,8.2155],[0.6199,8.2207],[0.6255,8.2249],[0.6251,8.2279],[0.6265,8.2311],[0.6251,8.2343],[0.6277,8.2383],[0.6315,8.2417],[0.6339,8.2443],[0.6381,8.2463],[0.6385,8.2513],[0.6367,8.2549],[0.6389,8.2607],[0.6421,8.2603],[0.6477,8.2595],[0.6545,8.2599],[0.6577,8.2597],[0.6613,8.2609],[0.6667,8.2607],[0.6735,8.2591],[0.6777,8.2621],[0.6819,8.2663],[0.6833,8.2709],[0.6823,8.2757],[0.6829,8.2797],[0.6887,8.2819],[0.7037,8.2809],[0.7141,8.2807],[0.7189,8.2807],[0.7233,8.2815],[0.7263,8.2821],[0.7289,8.2867],[0.7303,8.2901],[0.7309,8.2945],[0.7305,8.2989],[0.7303,8.3041],[0.7297,8.3091],[0.7305,8.3133],[0.7297,8.3167],[0.7295,8.3201],[0.7291,8.3231],[0.7293,8.3273],[0.7291,8.3303],[0.7285,8.3343],[0.7273,8.3379],[0.7289,8.3409],[0.7273,8.3435],[0.7223,8.3447],[0.7179,8.3447],[0.7193,8.3481],[0.7169,8.3507],[0.7133,8.3507],[0.7103,8.3525],[0.7115,8.3559],[0.7105,8.3593],[0.7105,8.3641],[0.7101,8.3681],[0.7095,8.3715],[0.7107,8.3759],[0.7099,8.3787],[0.7091,8.3817],[0.7085,8.3847],[0.7041,8.3869],[0.6997,8.3891],[0.7021,8.3913],[0.7049,8.3935],[0.7005,8.3943],[0.6965,8.3943],[0.6933,8.3955],[0.6945,8.3993],[0.6953,8.4035],[0.6921,8.4039],[0.6889,8.4053],[0.6871,8.4077],[0.6855,8.4111],[0.6813,8.4109],[0.6749,8.4131],[0.6717,8.4161],[0.6673,8.4181],[0.6629,8.4195],[0.6555,8.4203],[0.6523,8.4215],[0.6529,8.4273],[0.6517,8.4343],[0.6529,8.4371],[0.6523,8.4403],[0.6537,8.4435],[0.6525,8.4467],[0.6525,8.4523],[0.6553,8.4527],[0.6549,8.4569],[0.6521,8.4595],[0.6509,8.4627],[0.6489,8.4685],[0.6481,8.4729],[0.6453,8.4761],[0.6457,8.4819],[0.6459,8.4867],[0.6471,8.4905],[0.6455,8.4933],[0.6433,8.4957],[0.6405,8.4975],[0.6375,8.4971],[0.6299,8.4973],[0.6273,8.4999],[0.6277,8.5045],[0.6287,8.5083],[0.6249,8.5105],[0.6217,8.5119],[0.6181,8.5131],[0.6139,8.5125],[0.6093,8.5141],[0.6049,8.5161],[0.6019,8.5181],[0.5977,8.5175],[0.5943,8.5169],[0.5913,8.5167],[0.5889,8.5199],[0.5873,8.5235],[0.5853,8.5261],[0.5833,8.5287],[0.5789,8.5289],[0.5747,8.5283],[0.5721,8.5267],[0.5709,8.5299],[0.5705,8.5335],[0.5663,8.5379],[0.5651,8.5413],[0.5645,8.5449],[0.5623,8.5473],[0.5591,8.5501],[0.5547,8.5525],[0.5511,8.5537],[0.5479,8.5535],[0.5451,8.5551],[0.5409,8.5573],[0.5373,8.5603],[0.5343,8.5637],[0.5345,8.5669],[0.5299,8.5697],[0.5267,8.5677],[0.5239,8.5663],[0.5197,8.5659],[0.5149,8.5655],[0.5119,8.5683],[0.5099,8.5717],[0.5069,8.5739],[0.5017,8.5749],[0.5015,8.5783],[0.5007,8.5815],[0.4979,8.5841],[0.4969,8.5875],[0.4959,8.5927],[0.4931,8.5961],[0.4877,8.5977],[0.4835,8.5979],[0.4799,8.5953],[0.4767,8.5953],[0.4695,8.6003],[0.4411,8.6483],[0.4167,8.6877],[0.3823,8.7397],[0.3797,8.7381],[0.3737,8.7357],[0.3703,8.7361],[0.3671,8.7371],[0.3633,8.7387],[0.3591,8.7401],[0.3561,8.7407],[0.3533,8.7419],[0.3503,8.7407],[0.3469,8.7399],[0.3483,8.7365],[0.3517,8.7339],[0.3539,8.7299],[0.3563,8.7271],[0.3599,8.7247],[0.3591,8.7197],[0.3539,8.7189],[0.3499,8.7189],[0.3467,8.7191],[0.3433,8.7201],[0.3425,8.7245],[0.3425,8.7283],[0.3383,8.7305],[0.3343,8.7307],[0.3309,8.7301],[0.3277,8.7289],[0.3229,8.7295],[0.3197,8.7331],[0.3145,8.7341],[0.3109,8.7311],[0.3087,8.7293],[0.3057,8.7275],[0.3015,8.7267],[0.3001,8.7305],[0.2987,8.7341],[0.2983,8.7383],[0.2975,8.7421],[0.2935,8.7413],[0.2929,8.7377],[0.2913,8.7329],[0.2875,8.7333],[0.2861,8.7307],[0.2853,8.7277],[0.2839,8.7247],[0.2799,8.7251],[0.2751,8.7281],[0.2705,8.7309],[0.2687,8.7353],[0.2697,8.7397],[0.2661,8.7407],[0.2619,8.7431],[0.2573,8.7467],[0.2527,8.7465],[0.2489,8.7435],[0.2449,8.7411],[0.2413,8.7437],[0.2401,8.7481],[0.2377,8.7519],[0.2319,8.7533],[0.2273,8.7513],[0.2229,8.7499],[0.2199,8.7507],[0.2163,8.7547],[0.2125,8.7543],[0.2083,8.7523],[0.2055,8.7511],[0.2027,8.7479],[0.1993,8.7443],[0.1945,8.7441],[0.1905,8.7445],[0.1875,8.7465],[0.1871,8.7419],[0.1837,8.7423],[0.1813,8.7445],[0.1807,8.7485],[0.1811,8.7531],[0.1819,8.7563],[0.1819,8.7593],[0.1809,8.7621],[0.1779,8.7639],[0.1741,8.7645],[0.1709,8.7653],[0.1711,8.7685],[0.1743,8.7703],[0.1721,8.7735],[0.1679,8.7739],[0.1665,8.7705],[0.1663,8.7657],[0.1659,8.7615],[0.1659,8.7587],[0.1665,8.7539],[0.1681,8.7501],[0.1693,8.7471],[0.1709,8.7445],[0.1723,8.7417],[0.1739,8.7383],[0.1759,8.7339],[0.1781,8.7299],[0.1805,8.7249],[0.1821,8.7215],[0.1825,8.7179],[0.1815,8.7139],[0.1807,8.7105],[0.1791,8.7077],[0.1759,8.7063],[0.1721,8.7045],[0.1687,8.7017],[0.1661,8.6991],[0.1641,8.6969],[0.1613,8.6935],[0.1527,8.6851],[0.1501,8.6827],[0.1471,8.6789],[0.1449,8.6753],[0.1421,8.6727],[0.1387,8.6687],[0.1381,8.6657],[0.1369,8.6615],[0.1361,8.6573],[0.1361,8.6527],[0.1371,8.6479],[0.1377,8.6431],[0.1391,8.6395],[0.1409,8.6367],[0.1437,8.6337],[0.1473,8.6295],[0.1501,8.6267],[0.1523,8.6247],[0.1555,8.6225],[0.1635,8.6187],[0.1663,8.6177],[0.1697,8.6157],[0.1727,8.6089],[0.1725,8.6055],[0.1725,8.6025],[0.1719,8.5993],[0.1699,8.5949],[0.1663,8.5935],[0.1635,8.5923],[0.1591,8.5909],[0.1545,8.5893],[0.1511,8.5885],[0.1475,8.5887],[0.1443,8.5913],[0.1395,8.5977],[0.1359,8.6001],[0.1329,8.6029],[0.1305,8.6045],[0.1269,8.6047],[0.1233,8.6021],[0.1175,8.5995],[0.1129,8.5973],[0.1103,8.5941],[0.1083,8.5905],[0.1067,8.5863],[0.1051,8.5823],[0.1037,8.5777],[0.1017,8.5733],[0.0991,8.5697],[0.0981,8.5667],[0.0975,8.5639],[0.0965,8.5589],[0.0959,8.5555],[0.0945,8.5511],[0.0915,8.5465],[0.0891,8.5421],[0.0867,8.5377],[0.0853,8.5347],[0.0839,8.5317],[0.0821,8.5277],[0.0841,8.5225],[0.0895,8.5173],[0.0939,8.5017],[0.1077,8.4949],[0.1123,8.4927],[0.1209,8.4855],[0.1161,8.4815],[0.1051,8.4757],[0.0949,8.4717],[0.0901,8.4683],[0.0849,8.4635],[0.0817,8.4609],[0.0835,8.4571],[0.0879,8.4519],[0.0907,8.4455],[0.0907,8.4393],[0.0917,8.4341],[0.0929,8.4275],[0.0929,8.4241],[0.0925,8.4191],[0.0865,8.4033],[0.1047,8.3901],[0.1133,8.3871],[0.1249,8.3829],[0.1335,8.3861],[0.1395,8.3861],[0.1491,8.3861],[0.1653,8.3911],[0.1833,8.4001],[0.2075,8.4101],[0.2231,8.4071],[0.2341,8.3983],[0.2443,8.3865],[0.2451,8.3673],[0.2429,8.3541],[0.2353,8.3439],[0.2275,8.3423],[0.2143,8.3425],[0.2079,8.3421],[0.2047,8.3415],[0.1989,8.3385],[0.1955,8.3365],[0.1913,8.3339],[0.1887,8.3303],[0.1863,8.3273],[0.1853,8.3227],[0.1885,8.3153],[0.1933,8.3063],[0.1967,8.3017],[0.1979,8.2923],[0.1977,8.2877],[0.1961,8.2797],[0.1953,8.2725],[0.1957,8.2667],[0.1963,8.2603],[0.1939,8.2533],[0.1893,8.2493],[0.1851,8.2481],[0.1785,8.2463],[0.1695,8.2449],[0.1619,8.2415],[0.1557,8.2405],[0.1449,8.2409],[0.1363,8.2375],[0.1325,8.2361],[0.1237,8.2309],[0.1247,8.2275],[0.1299,8.2147],[0.1167,8.2191],[0.1165,8.2235],[0.1147,8.2283],[0.1061,8.2257],[0.1029,8.2281],[0.0993,8.2291],[0.0953,8.2301],[0.0927,8.2287],[0.0895,8.2263],[0.0857,8.2253],[0.0795,8.2241],[0.0809,8.2273],[0.0837,8.2299],[0.0859,8.2327],[0.0893,8.2319],[0.0949,8.2331],[0.1023,8.2365],[0.1043,8.2397],[0.1039,8.2429],[0.1023,8.2463],[0.0995,8.2505],[0.0977,8.2539],[0.0951,8.2579],[0.0921,8.2623],[0.0907,8.2673],[0.0873,8.2695],[0.0831,8.2723],[0.0799,8.2807],[0.0765,8.2827],[0.0729,8.2831],[0.0693,8.2825],[0.0647,8.2821],[0.0615,8.2821],[0.0579,8.2845],[0.0553,8.2887],[0.0519,8.2911],[0.0473,8.2917],[0.0419,8.2917],[0.0383,8.2935],[0.0345,8.2953],[0.0275,8.2975],[0.0227,8.2975],[0.0185,8.2985],[0.0155,8.2983],[0.0101,8.2989],[0.0083,8.3025],[0.0067,8.3053],[0.0013,8.3141],[-0.0021,8.3197],[-0.0057,8.3221],[-0.0102,8.3239],[-0.0139,8.3251],[-0.017,8.3255],[-0.0197,8.3279],[-0.0233,8.3297],[-0.0271,8.3297],[-0.0304,8.3299],[-0.0335,8.3317],[-0.0379,8.3345],[-0.0399,8.3379],[-0.0403,8.3411],[-0.0391,8.3453],[-0.0411,8.3493],[-0.0457,8.3511],[-0.0494,8.3517],[-0.0523,8.3515],[-0.0553,8.3517],[-0.0582,8.3521],[-0.062,8.3515],[-0.0652,8.3505],[-0.067,8.3477],[-0.0667,8.3443],[-0.0677,8.3411],[-0.0705,8.3395],[-0.0739,8.3393],[-0.0793,8.3385],[-0.0833,8.3375],[-0.0857,8.3357],[-0.087,8.3329],[-0.0899,8.3333],[-0.0936,8.3335],[-0.0967,8.3335],[-0.0998,8.3343],[-0.102,8.3361],[-0.1055,8.3361],[-0.1102,8.3349],[-0.1113,8.3309],[-0.1125,8.3267],[-0.1131,8.3219],[-0.1133,8.3183],[-0.1135,8.3145],[-0.1136,8.3101],[-0.1137,8.3049],[-0.1146,8.3005],[-0.1146,8.2967],[-0.1161,8.2933],[-0.1179,8.2901],[-0.1193,8.2857],[-0.1214,8.2809],[-0.1231,8.2769],[-0.1245,8.2731],[-0.1276,8.2727],[-0.1306,8.2729],[-0.1335,8.2727],[-0.137,8.2727],[-0.1418,8.2723],[-0.1458,8.2719],[-0.1483,8.2681],[-0.1518,8.2641],[-0.1563,8.2619],[-0.1606,8.2591],[-0.1629,8.2559],[-0.1659,8.2545],[-0.1693,8.2521],[-0.1684,8.2475],[-0.1673,8.2429],[-0.1666,8.2375],[-0.1682,8.2329],[-0.1706,8.2307],[-0.1729,8.2291],[-0.1773,8.2289],[-0.1806,8.2315],[-0.1861,8.2323],[-0.1905,8.2307],[-0.1934,8.2285],[-0.1966,8.2255],[-0.198,8.2203],[-0.2067,8.2183],[-0.212,8.2179],[-0.2188,8.2179],[-0.2243,8.2129],[-0.2326,8.2131],[-0.2378,8.2179],[-0.2501,8.2155],[-0.2594,8.2163],[-0.2696,8.2225],[-0.2748,8.2295],[-0.2807,8.2455],[-0.2918,8.2427],[-0.2962,8.2393],[-0.3062,8.2327],[-0.3193,8.2269],[-0.3269,8.2265],[-0.3315,8.2267],[-0.3366,8.2271],[-0.351,8.2285],[-0.3602,8.2309],[-0.3695,8.2309],[-0.3781,8.2285],[-0.3875,8.2241],[-0.3908,8.2109],[-0.3897,8.1987],[-0.3849,8.1951],[-0.3808,8.1955],[-0.3684,8.2011],[-0.3592,8.2027],[-0.3485,8.2017],[-0.3519,8.1927],[-0.3586,8.1857],[-0.3563,8.1781],[-0.3516,8.1725],[-0.3541,8.1663],[-0.3653,8.1633],[-0.3847,8.1529],[-0.3637,8.1467],[-0.3539,8.1439],[-0.328,8.1339],[-0.3193,8.1305],[-0.2949,8.1173],[-0.2488,8.0771],[-0.2406,8.0497],[-0.2147,8.0309],[-0.1732,8.0247],[-0.1541,8.0313],[-0.1468,8.0241],[-0.1415,8.0179],[-0.1442,8.0055],[-0.1702,7.9699],[-0.1738,7.9575],[-0.1411,7.9585],[-0.1349,7.9485],[-0.1365,7.9397],[-0.1417,7.9351],[-0.1444,7.9099],[-0.1454,7.9031],[-0.1361,7.8249],[-0.1306,7.7997],[-0.1264,7.7883],[-0.1166,7.7721],[-0.111,7.7603],[-0.1001,7.7505],[-0.0772,7.7473],[-0.0586,7.7487],[-0.0425,7.7545],[-0.0264,7.7569],[-0.0145,7.7569],[-0.0016,7.7471],[0.0041,7.7425],[0.0025,7.7177],[-0.0152,7.6841],[-0.0158,7.6633],[-0.0168,7.6483],[-0.016,7.6407],[-0.0143,7.6261],[-0.0064,7.6103],[0.0095,7.5785],[0.0323,7.5517],[0.0431,7.5391],[0.0523,7.5237],[0.0771,7.4821],[0.0833,7.4485],[0.0911,7.4293],[0.0999,7.4257],[0.1121,7.4159],[0.1241,7.4065],[0.1365,7.4023],[0.1505,7.3909],[0.1727,7.3805],[0.1789,7.3811],[0.1987,7.3681],[0.2085,7.3509],[0.2151,7.3101],[0.2041,7.2755],[0.1989,7.2517],[0.1921,7.2191],[0.1827,7.1933],[0.1823,7.1797]]]},"properties":{"adm1_pcode":"GH10","adm1_name":"Oti","center_lat":7.93249512,"center_lon":0.24169674}},
{"type":"Feature","geometry":{"type":"Polygon","coordinates":[[[-2.1215,8.1509],[-2.1201,8.1549],[-2.117,8.1569],[-2.1129,8.1571],[-2.1098,8.1573],[-2.1062,8.1573],[-2.1028,8.1563],[-2.0956,8.1557],[-2.0891,8.1541],[-2.0833,8.1535],[-2.0797,8.1523],[-2.0761,8.1511],[-2.073,8.1491],[-2.0683,8.1469],[-2.0637,8.1461],[-2.0557,8.1479],[-2.0511,8.1481],[-2.047,8.1479],[-2.0436,8.1477],[-2.0385,8.1493],[-2.0342,8.1519],[-2.0307,8.1537],[-2.0282,8.1555],[-2.024,8.1561],[-2.0188,8.1561],[-2.0138,8.1557],[-2.0092,8.1555],[-2.0062,8.1557],[-1.9927,8.1593],[-1.9895,8.1609],[-1.9798,8.1659],[-1.9672,8.1677],[-1.9634,8.1685],[-1.9603,8.1699],[-1.952,8.1777],[-1.949,8.1807],[-1.945,8.1833],[-1.9405,8.1895],[-1.9386,8.1927],[-1.9334,8.2013],[-1.9329,8.2075],[-1.9314,8.2103],[-1.9287,8.2135],[-1.925,8.2159],[-1.9201,8.2207],[-1.9154,8.2273],[-1.9135,8.2297],[-1.9124,8.2339],[-1.9109,8.2387],[-1.908,8.2469],[-1.8951,8.2617],[-1.8907,8.2619],[-1.873,8.2597],[-1.8686,8.2595],[-1.8651,8.2587],[-1.862,8.2579],[-1.8557,8.2561],[-1.8512,8.2551],[-1.8479,8.2543],[-1.8449,8.2535],[-1.8406,8.2519],[-1.8371,8.2505],[-1.8332,8.2485],[-1.8296,8.2465],[-1.8259,8.2443],[-1.8225,8.2417],[-1.8196,8.2401],[-1.8155,8.2381],[-1.8119,8.2359],[-1.8084,8.2327],[-1.8045,8.2291],[-1.7986,8.2263],[-1.7934,8.2263],[-1.7891,8.2263],[-1.7846,8.2267],[-1.7811,8.2281],[-1.777,8.2299],[-1.7719,8.2327],[-1.7689,8.2365],[-1.7661,8.2399],[-1.7636,8.2431],[-1.7609,8.2451],[-1.7566,8.2485],[-1.7546,8.2513],[-1.7528,8.2539],[-1.7509,8.2567],[-1.7492,8.2593],[-1.7474,8.2633],[-1.7467,8.2693],[-1.747,8.2743],[-1.7484,8.2801],[-1.752,8.2853],[-1.7556,8.2905],[-1.7591,8.2957],[-1.7614,8.2999],[-1.7629,8.3027],[-1.7649,8.3067],[-1.7668,8.3109],[-1.7678,8.3155],[-1.7687,8.3201],[-1.7719,8.3237],[-1.7766,8.3261],[-1.7798,8.3275],[-1.7832,8.3299],[-1.7864,8.3327],[-1.7899,8.3359],[-1.795,8.3381],[-1.8029,8.3395],[-1.8065,8.3399],[-1.8116,8.3399],[-1.8166,8.3393],[-1.82,8.3379],[-1.8233,8.3363],[-1.8288,8.3339],[-1.8351,8.3325],[-1.8396,8.3317],[-1.8443,8.3299],[-1.8562,8.3295],[-1.8615,8.3309],[-1.8668,8.3321],[-1.8709,8.3341],[-1.8738,8.3369],[-1.8767,8.3403],[-1.8794,8.3433],[-1.8838,8.3487],[-1.8859,8.3531],[-1.891,8.3639],[-1.8931,8.3681],[-1.8946,8.3709],[-1.8958,8.3735],[-1.898,8.3787],[-1.9025,8.3883],[-1.9058,8.3933],[-1.9078,8.3969],[-1.9082,8.4011],[-1.9076,8.4043],[-1.9074,8.4073],[-1.9095,8.4185],[-1.9104,8.4315],[-1.9099,8.4357],[-1.9088,8.4403],[-1.9057,8.4455],[-1.9038,8.4483],[-1.9005,8.4503],[-1.8932,8.4549],[-1.8864,8.4645],[-1.8858,8.4677],[-1.8837,8.4775],[-1.8831,8.4803],[-1.8842,8.4835],[-1.8853,8.4867],[-1.8863,8.4899],[-1.8877,8.4979],[-1.8916,8.5103],[-1.8928,8.5143],[-1.8944,8.5203],[-1.8956,8.5239],[-1.8958,8.5273],[-1.8969,8.5373],[-1.8987,8.5403],[-1.8969,8.5431],[-1.8958,8.5467],[-1.8961,8.5519],[-1.8929,8.5561],[-1.8928,8.5595],[-1.8925,8.5643],[-1.8921,8.5693],[-1.8915,8.5741],[-1.891,8.5769],[-1.8904,8.5805],[-1.8893,8.5863],[-1.8877,8.5909],[-1.8867,8.5937],[-1.8853,8.5977],[-1.8843,8.6005],[-1.8826,8.6051],[-1.8803,8.6111],[-1.8786,8.6155],[-1.8769,8.6191],[-1.8738,8.6257],[-1.8729,8.6297],[-1.8718,8.6343],[-1.8698,8.6385],[-1.8682,8.6413],[-1.8658,8.6439],[-1.863,8.6469],[-1.8609,8.6491],[-1.8563,8.6525],[-1.8521,8.6551],[-1.8448,8.6597],[-1.8394,8.6613],[-1.8333,8.6617],[-1.8285,8.6605],[-1.8242,8.6609],[-1.8194,8.6615],[-1.8164,8.6619],[-1.8119,8.6611],[-1.8061,8.6587],[-1.8021,8.6571],[-1.7993,8.6561],[-1.7963,8.6553],[-1.7889,8.6525],[-1.7838,8.6495],[-1.7804,8.6475],[-1.7769,8.6455],[-1.7736,8.6441],[-1.7706,8.6421],[-1.7661,8.6381],[-1.7616,8.6339],[-1.758,8.6315],[-1.7552,8.6301],[-1.7498,8.6289],[-1.7441,8.6269],[-1.738,8.6261],[-1.7334,8.6265],[-1.728,8.6279],[-1.724,8.6299],[-1.7206,8.6313],[-1.7167,8.6331],[-1.7119,8.6355],[-1.7074,8.6387],[-1.701,8.6401],[-1.697,8.6415],[-1.6932,8.6439],[-1.691,8.6459],[-1.6856,8.6519],[-1.6837,8.6565],[-1.6825,8.6611],[-1.6823,8.6639],[-1.6831,8.6677],[-1.6837,8.6723],[-1.6831,8.6765],[-1.682,8.6799],[-1.6787,8.6847],[-1.6753,8.6869],[-1.6719,8.6883],[-1.6682,8.6901],[-1.6646,8.6917],[-1.6621,8.6933],[-1.6593,8.6949],[-1.6541,8.6957],[-1.6499,8.6943],[-1.6454,8.6925],[-1.6406,8.6881],[-1.6377,8.6859],[-1.6328,8.6829],[-1.6289,8.6809],[-1.625,8.6801],[-1.6197,8.6783],[-1.6151,8.6775],[-1.6115,8.6771],[-1.6054,8.6773],[-1.5998,8.6769],[-1.5965,8.6771],[-1.593,8.6771],[-1.5874,8.6771],[-1.5822,8.6769],[-1.5752,8.6779],[-1.5687,8.6775],[-1.5624,8.6769],[-1.555,8.6757],[-1.5521,8.6759],[-1.5463,8.6777],[-1.5427,8.6785],[-1.5394,8.6793],[-1.536,8.6799],[-1.5313,8.6811],[-1.5266,8.6827],[-1.5233,8.6843],[-1.5202,8.6859],[-1.5161,8.6879],[-1.5135,8.6895],[-1.5111,8.6913],[-1.5096,8.6939],[-1.5085,8.6977],[-1.508,8.7015],[-1.5074,8.7045],[-1.5066,8.7077],[-1.5042,8.7115],[-1.5036,8.7145],[-1.5031,8.7183],[-1.5021,8.7227],[-1.501,8.7299],[-1.5003,8.7341],[-1.499,8.7387],[-1.4977,8.7413],[-1.4957,8.7449],[-1.4937,8.7485],[-1.4901,8.7529],[-1.4873,8.7573],[-1.4842,8.7599],[-1.4806,8.7623],[-1.4768,8.7645],[-1.4739,8.7653],[-1.4695,8.7649],[-1.4628,8.7649],[-1.4594,8.7653],[-1.454,8.7655],[-1.45,8.7657],[-1.4459,8.7663],[-1.4406,8.7671],[-1.4368,8.7679],[-1.4327,8.7687],[-1.4289,8.7701],[-1.4253,8.7713],[-1.4212,8.7725],[-1.4171,8.7733],[-1.4126,8.7741],[-1.4081,8.7743],[-1.4048,8.7739],[-1.4005,8.7729],[-1.3973,8.7717],[-1.3942,8.7705],[-1.3901,8.7697],[-1.3855,8.7689],[-1.3824,8.7685],[-1.3784,8.7681],[-1.3742,8.7667],[-1.3708,8.7649],[-1.3676,8.7629],[-1.3643,8.7615],[-1.3598,8.7603],[-1.356,8.7591],[-1.3513,8.7557],[-1.3489,8.7531],[-1.3463,8.7495],[-1.3434,8.7473],[-1.3397,8.7443],[-1.3361,8.7421],[-1.3326,8.7403],[-1.3274,8.7367],[-1.3249,8.7341],[-1.3216,8.7309],[-1.3174,8.7277],[-1.3146,8.7257],[-1.3115,8.7235],[-1.3073,8.7213],[-1.3022,8.7201],[-1.2977,8.7205],[-1.2946,8.7209],[-1.2902,8.7209],[-1.2855,8.7179],[-1.2835,8.7147],[-1.2812,8.7117],[-1.2781,8.7085],[-1.2747,8.7051],[-1.2719,8.7021],[-1.2691,8.6985],[-1.2671,8.6959],[-1.2646,8.6921],[-1.2616,8.6897],[-1.2578,8.6881],[-1.2542,8.6861],[-1.2506,8.6839],[-1.2476,8.6827],[-1.2428,8.6811],[-1.2393,8.6795],[-1.2352,8.6777],[-1.2303,8.6753],[-1.2265,8.6743],[-1.2231,8.6735],[-1.2202,8.6723],[-1.217,8.6709],[-1.2139,8.6693],[-1.2103,8.6681],[-1.2068,8.6681],[-1.2026,8.6689],[-1.198,8.6701],[-1.1939,8.6725],[-1.191,8.6757],[-1.1859,8.6783],[-1.1812,8.6785],[-1.1783,8.6791],[-1.174,8.6783],[-1.1706,8.6789],[-1.1667,8.6791],[-1.1605,8.6789],[-1.1525,8.6779],[-1.1444,8.6775],[-1.1473,8.6557],[-1.1449,8.6461],[-1.1488,8.6399],[-1.1505,8.6333],[-1.1466,8.6255],[-1.146,8.6179],[-1.1469,8.6115],[-1.1471,8.6023],[-1.146,8.5913],[-1.1415,8.5765],[-1.1421,8.5715],[-1.146,8.5585],[-1.1538,8.5461],[-1.1555,8.5421],[-1.161,8.5375],[-1.1665,8.5365],[-1.1707,8.5357],[-1.1715,8.5317],[-1.171,8.5275],[-1.168,8.5257],[-1.1653,8.5235],[-1.165,8.5191],[-1.1641,8.5151],[-1.166,8.5119],[-1.1693,8.5085],[-1.1737,8.5087],[-1.174,8.5135],[-1.1753,8.5167],[-1.1798,8.5159],[-1.1832,8.5113],[-1.1875,8.5105],[-1.1913,8.5117],[-1.1956,8.5111],[-1.1937,8.5083],[-1.1931,8.5047],[-1.1924,8.5011],[-1.1927,8.4979],[-1.1955,8.4947],[-1.1991,8.4937],[-1.2028,8.4947],[-1.2069,8.4939],[-1.2116,8.4931],[-1.2147,8.4917],[-1.2177,8.4909],[-1.2204,8.4891],[-1.2202,8.4849],[-1.2208,8.4809],[-1.2214,8.4781],[-1.2246,8.4771],[-1.228,8.4773],[-1.2314,8.4743],[-1.2324,8.4707],[-1.2365,8.4711],[-1.2403,8.4703],[-1.2437,8.4683],[-1.2456,8.4643],[-1.2492,8.4613],[-1.2535,8.4595],[-1.2561,8.4567],[-1.2581,8.4545],[-1.258,8.4501],[-1.2599,8.4449],[-1.2613,8.4391],[-1.2622,8.4349],[-1.2618,8.4311],[-1.2589,8.4285],[-1.2552,8.4273],[-1.2545,8.4227],[-1.2546,8.4185],[-1.2572,8.4149],[-1.257,8.4111],[-1.2591,8.4069],[-1.2568,8.4037],[-1.2568,8.4001],[-1.2574,8.3965],[-1.2569,8.3925],[-1.2553,8.3883],[-1.2538,8.3843],[-1.2544,8.3813],[-1.2534,8.3785],[-1.2551,8.3763],[-1.2553,8.3733],[-1.2588,8.3721],[-1.2611,8.3687],[-1.26,8.3651],[-1.2596,8.3619],[-1.2573,8.3587],[-1.2589,8.3541],[-1.262,8.3503],[-1.2635,8.3471],[-1.2635,8.3443],[-1.2653,8.3409],[-1.2686,8.3379],[-1.2729,8.3349],[-1.274,8.3315],[-1.2753,8.3287],[-1.2763,8.3247],[-1.2776,8.3207],[-1.2759,8.3167],[-1.2763,8.3115],[-1.279,8.3081],[-1.2764,8.3051],[-1.2771,8.3013],[-1.2762,8.2981],[-1.2759,8.2943],[-1.2746,8.2905],[-1.2741,8.2851],[-1.2687,8.2769],[-1.2665,8.2573],[-1.2589,8.2501],[-1.2513,8.2431],[-1.2371,8.2237],[-1.2311,8.2115],[-1.2295,8.2049],[-1.2094,8.1731],[-1.1982,8.1551],[-1.1759,8.1191],[-1.1734,8.1159],[-1.1712,8.1135],[-1.1691,8.1111],[-1.167,8.1083],[-1.165,8.1047],[-1.1632,8.1013],[-1.1613,8.0975],[-1.1592,8.0937],[-1.1572,8.0899],[-1.1561,8.0861],[-1.1574,8.0821],[-1.1607,8.0771],[-1.163,8.0743],[-1.1648,8.0711],[-1.1649,8.0663],[-1.1652,8.0625],[-1.1656,8.0585],[-1.1652,8.0541],[-1.165,8.0505],[-1.1634,8.0477],[-1.162,8.0445],[-1.1615,8.0409],[-1.1605,8.0379],[-1.1594,8.0343],[-1.1594,8.0297],[-1.1593,8.0261],[-1.1596,8.0223],[-1.161,8.0195],[-1.1624,8.0165],[-1.1619,8.0133],[-1.161,8.0089],[-1.1592,8.0047],[-1.1572,8.0001],[-1.1544,7.9981],[-1.1515,7.9995],[-1.1486,7.9999],[-1.1455,7.9981],[-1.1403,7.9977],[-1.1357,7.9979],[-1.1319,7.9955],[-1.1286,7.9963],[-1.125,7.9973],[-1.1211,7.9943],[-1.1169,7.9935],[-1.1134,7.9947],[-1.1101,7.9941],[-1.107,7.9927],[-1.1047,7.9955],[-1.1,7.9967],[-1.0966,7.9977],[-1.0945,8.0003],[-1.0926,8.0023],[-1.0896,8.0045],[-1.088,8.0075],[-1.0862,8.0107],[-1.0835,8.0137],[-1.0805,8.0171],[-1.0772,8.0181],[-1.0735,8.0203],[-1.0694,8.0219],[-1.0659,8.0239],[-1.0625,8.0237],[-1.0601,8.0253],[-1.0562,8.0261],[-1.0526,8.0281],[-1.0487,8.0297],[-1.0452,8.0293],[-1.0415,8.0275],[-1.0367,8.0255],[-1.0337,8.0231],[-1.032,8.0197],[-1.0295,8.0175],[-1.0254,8.0167],[-1.0225,8.0163],[-1.0194,8.0161],[-1.0169,8.0185],[-1.018,8.0231],[-1.0177,8.0271],[-1.0193,8.0307],[-1.0219,8.0339],[-1.0241,8.0377],[-1.0272,8.0407],[-1.0296,8.0433],[-1.0335,8.0451],[-1.034,8.0495],[-1.034,8.0541],[-1.0362,8.0573],[-1.0403,8.0595],[-1.0437,8.0607],[-1.0468,8.0619],[-1.0484,8.0655],[-1.0473,8.0697],[-1.0451,8.0731],[-1.0431,8.0759],[-1.0415,8.0785],[-1.041,8.0815],[-1.0416,8.0845],[-1.0425,8.0881],[-1.0435,8.0931],[-1.0449,8.0961],[-1.0467,8.0993],[-1.0492,8.1029],[-1.0511,8.1059],[-1.0608,8.1195],[-1.0628,8.1221],[-1.0649,8.1249],[-1.0675,8.1279],[-1.0559,8.1455],[-1.041,8.1679],[-1.0427,8.1727],[-1.043,8.1781],[-1.0428,8.1827],[-1.0425,8.1881],[-1.0418,8.1925],[-1.0417,8.1959],[-1.0426,8.2003],[-1.0429,8.2037],[-1.0429,8.2089],[-1.0411,8.2135],[-1.0411,8.2175],[-1.0404,8.2233],[-1.0407,8.2283],[-1.0406,8.2321],[-1.0396,8.2361],[-1.0384,8.2437],[-1.0354,8.2451],[-1.0326,8.2471],[-1.0301,8.2507],[-1.0275,8.2519],[-1.0255,8.2541],[-1.0226,8.2593],[-1.0192,8.2611],[-1.0154,8.2553],[-1.0136,8.2513],[-1.0089,8.2475],[-1.0048,8.2461],[-1.0015,8.2457],[-0.9977,8.2455],[-0.9925,8.2457],[-0.9887,8.2421],[-0.9874,8.2353],[-0.979,8.2273],[-0.9677,8.2331],[-0.9665,8.2433],[-0.9657,8.2467],[-0.9635,8.2487],[-0.9599,8.2507],[-0.9486,8.2465],[-0.9415,8.2503],[-0.9379,8.2517],[-0.9344,8.2519],[-0.9315,8.2521],[-0.925,8.2519],[-0.9204,8.2543],[-0.9154,8.2553],[-0.9099,8.2553],[-0.9052,8.2559],[-0.9022,8.2565],[-0.8991,8.2571],[-0.8951,8.2577],[-0.8904,8.2591],[-0.8863,8.2611],[-0.8806,8.2633],[-0.8767,8.2653],[-0.8737,8.2673],[-0.8705,8.2695],[-0.8657,8.2709],[-0.8623,8.2741],[-0.8623,8.2783],[-0.8579,8.2927],[-0.8554,8.2985],[-0.8545,8.3025],[-0.8539,8.3071],[-0.8532,8.3105],[-0.8526,8.3149],[-0.8539,8.3185],[-0.8559,8.3211],[-0.859,8.3223],[-0.8578,8.3285],[-0.8271,8.3355],[-0.8014,8.3397],[-0.7798,8.3355],[-0.7722,8.3355],[-0.7408,8.3355],[-0.7128,8.3177],[-0.6725,8.2919],[-0.6605,8.2843],[-0.6395,8.2695],[-0.6237,8.2565],[-0.5637,8.2069],[-0.5425,8.1877],[-0.5292,8.1855],[-0.5077,8.1817],[-0.503,8.1809],[-0.4874,8.1721],[-0.4795,8.1695],[-0.4472,8.1585],[-0.4444,8.1575],[-0.419,8.1529],[-0.3847,8.1529],[-0.3653,8.1633],[-0.3541,8.1663],[-0.3516,8.1725],[-0.3563,8.1781],[-0.3586,8.1857],[-0.3519,8.1927],[-0.3485,8.2017],[-0.3592,8.2027],[-0.3684,8.2011],[-0.3808,8.1955],[-0.3849,8.1951],[-0.3897,8.1987],[-0.3908,8.2109],[-0.3875,8.2241],[-0.3781,8.2285],[-0.3695,8.2309],[-0.3602,8.2309],[-0.351,8.2285],[-0.3366,8.2271],[-0.3315,8.2267],[-0.3269,8.2265],[-0.3193,8.2269],[-0.3062,8.2327],[-0.2962,8.2393],[-0.2918,8.2427],[-0.2807,8.2455],[-0.2748,8.2295],[-0.2696,8.2225],[-0.2594,8.2163],[-0.2501,8.2155],[-0.2378,8.2179],[-0.2326,8.2131],[-0.2243,8.2129],[-0.2188,8.2179],[-0.212,8.2179],[-0.2067,8.2183],[-0.198,8.2203],[-0.1966,8.2255],[-0.1934,8.2285],[-0.1905,8.2307],[-0.1861,8.2323],[-0.1806,8.2315],[-0.1773,8.2289],[-0.1729,8.2291],[-0.1706,8.2307],[-0.1682,8.2329],[-0.1666,8.2375],[-0.1673,8.2429],[-0.1684,8.2475],[-0.1693,8.2521],[-0.1659,8.2545],[-0.1629,8.2559],[-0.1606,8.2591],[-0.1563,8.2619],[-0.1518,8.2641],[-0.1483,8.2681],[-0.1458,8.2719],[-0.1418,8.2723],[-0.1431,8.2759],[-0.1424,8.2807],[-0.1483,8.2903],[-0.151,8.2917],[-0.1545,8.2939],[-0.1568,8.2967],[-0.159,8.2991],[-0.161,8.3035],[-0.1621,8.3081],[-0.1632,8.3121],[-0.1657,8.3147],[-0.1684,8.3163],[-0.1698,8.3189],[-0.1711,8.3215],[-0.1733,8.3235],[-0.1748,8.3267],[-0.1775,8.3289],[-0.1795,8.3311],[-0.1809,8.3339],[-0.1831,8.3369],[-0.1842,8.3435],[-0.1848,8.3469],[-0.185,8.3519],[-0.1856,8.3557],[-0.1887,8.3577],[-0.1912,8.3547],[-0.1923,8.3519],[-0.1941,8.3491],[-0.1981,8.3483],[-0.2016,8.3497],[-0.2049,8.3509],[-0.2103,8.3501],[-0.2129,8.3457],[-0.2141,8.3419],[-0.2162,8.3393],[-0.2191,8.3383],[-0.2239,8.3383],[-0.2285,8.3393],[-0.2325,8.3399],[-0.2361,8.3423],[-0.2411,8.3419],[-0.2439,8.3391],[-0.2457,8.3359],[-0.2478,8.3339],[-0.2509,8.3343],[-0.2546,8.3355],[-0.2589,8.3363],[-0.2636,8.3345],[-0.2658,8.3301],[-0.2679,8.3259],[-0.2704,8.3245],[-0.2736,8.3223],[-0.2779,8.3201],[-0.2813,8.3211],[-0.2845,8.3217],[-0.288,8.3213],[-0.2909,8.3203],[-0.2938,8.3195],[-0.2989,8.3191],[-0.3037,8.3197],[-0.3078,8.3207],[-0.3103,8.3231],[-0.3125,8.3257],[-0.3155,8.3291],[-0.3201,8.3311],[-0.3227,8.3333],[-0.325,8.3359],[-0.3261,8.3391],[-0.3247,8.3425],[-0.3214,8.3431],[-0.3181,8.3445],[-0.3155,8.3471],[-0.3136,8.3491],[-0.3119,8.3519],[-0.3093,8.3555],[-0.3061,8.3581],[-0.3033,8.3559],[-0.3001,8.3535],[-0.2949,8.3531],[-0.2905,8.3533],[-0.2864,8.3535],[-0.2822,8.3535],[-0.2784,8.3535],[-0.274,8.3531],[-0.2701,8.3515],[-0.2675,8.3503],[-0.2646,8.3503],[-0.2605,8.3497],[-0.2553,8.3501],[-0.2525,8.3529],[-0.2517,8.3565],[-0.2512,8.3595],[-0.2504,8.3631],[-0.2499,8.3663],[-0.2494,8.3797],[-0.2481,8.3827],[-0.2454,8.3859],[-0.2428,8.3891],[-0.2414,8.3921],[-0.2399,8.3951],[-0.2387,8.3977],[-0.2373,8.4019],[-0.2365,8.4059],[-0.2361,8.4093],[-0.2348,8.4139],[-0.2328,8.4181],[-0.231,8.4203],[-0.2287,8.4235],[-0.2262,8.4277],[-0.2246,8.4311],[-0.2235,8.4339],[-0.222,8.4375],[-0.2209,8.4405],[-0.2202,8.4433],[-0.2198,8.4465],[-0.2198,8.4507],[-0.2192,8.4545],[-0.2235,8.4561],[-0.2284,8.4587],[-0.2317,8.4577],[-0.2358,8.4599],[-0.238,8.4621],[-0.2409,8.4665],[-0.2426,8.4693],[-0.2428,8.4727],[-0.2385,8.4737],[-0.2301,8.4753],[-0.2224,8.4745],[-0.2175,8.4739],[-0.2171,8.4709],[-0.2122,8.4707],[-0.212,8.4747],[-0.2123,8.4783],[-0.2116,8.4841],[-0.2081,8.4867],[-0.2054,8.4849],[-0.2032,8.4829],[-0.1992,8.4817],[-0.1957,8.4839],[-0.198,8.4857],[-0.2002,8.4875],[-0.2028,8.4903],[-0.2069,8.4935],[-0.2053,8.4965],[-0.203,8.5023],[-0.2029,8.5057],[-0.2028,8.5091],[-0.2013,8.5125],[-0.2013,8.5171],[-0.1999,8.5201],[-0.1998,8.5231],[-0.2022,8.5247],[-0.2055,8.5255],[-0.2068,8.5281],[-0.2069,8.5311],[-0.2068,8.5345],[-0.2064,8.5375],[-0.2056,8.5405],[-0.2022,8.5443],[-0.1983,8.5465],[-0.1966,8.5511],[-0.1991,8.5539],[-0.2025,8.5541],[-0.2063,8.5541],[-0.2098,8.5535],[-0.2136,8.5529],[-0.2161,8.5549],[-0.2176,8.5581],[-0.221,8.5619],[-0.2217,8.5657],[-0.2239,8.5697],[-0.2282,8.5677],[-0.2321,8.5699],[-0.2345,8.5719],[-0.2371,8.5699],[-0.2381,8.5665],[-0.2374,8.5629],[-0.2386,8.5599],[-0.2423,8.5581],[-0.2457,8.5569],[-0.2499,8.5575],[-0.2528,8.5561],[-0.2568,8.5553],[-0.2598,8.5523],[-0.2609,8.5479],[-0.2652,8.5471],[-0.2682,8.5453],[-0.2692,8.5495],[-0.2704,8.5521],[-0.273,8.5547],[-0.2754,8.5571],[-0.2793,8.5561],[-0.2822,8.5535],[-0.2832,8.5507],[-0.2862,8.5495],[-0.2871,8.5467],[-0.2903,8.5439],[-0.2948,8.5419],[-0.2977,8.5429],[-0.2948,8.5457],[-0.2975,8.5473],[-0.3005,8.5445],[-0.3018,8.5407],[-0.304,8.5365],[-0.3066,8.5389],[-0.3105,8.5375],[-0.3106,8.5335],[-0.313,8.5291],[-0.3155,8.5331],[-0.3184,8.5351],[-0.3214,8.5325],[-0.3254,8.5319],[-0.3286,8.5329],[-0.3329,8.5331],[-0.3355,8.5311],[-0.336,8.5345],[-0.3366,8.5385],[-0.3391,8.5421],[-0.3422,8.5449],[-0.3441,8.5473],[-0.346,8.5505],[-0.3477,8.5537],[-0.3488,8.5571],[-0.3496,8.5611],[-0.3479,8.5649],[-0.3443,8.5673],[-0.3474,8.5703],[-0.351,8.5699],[-0.3547,8.5707],[-0.3568,8.5727],[-0.3594,8.5771],[-0.3621,8.5797],[-0.3634,8.5827],[-0.3611,8.5863],[-0.3593,8.5895],[-0.3592,8.5947],[-0.3586,8.5993],[-0.3623,8.5989],[-0.3641,8.5957],[-0.3651,8.5927],[-0.3684,8.5897],[-0.3719,8.5877],[-0.3734,8.5911],[-0.3728,8.5943],[-0.3733,8.5977],[-0.3787,8.5969],[-0.3811,8.5927],[-0.3866,8.5931],[-0.3906,8.5953],[-0.3951,8.5935],[-0.3967,8.5967],[-0.3993,8.6023],[-0.4033,8.6039],[-0.4055,8.6013],[-0.407,8.5985],[-0.411,8.6007],[-0.4091,8.6049],[-0.4099,8.6081],[-0.4121,8.6099],[-0.4146,8.6083],[-0.4163,8.6129],[-0.414,8.6177],[-0.4148,8.6211],[-0.4128,8.6255],[-0.4135,8.6287],[-0.415,8.6317],[-0.4175,8.6357],[-0.4192,8.6395],[-0.4188,8.6451],[-0.4204,8.6491],[-0.424,8.6497],[-0.427,8.6465],[-0.4309,8.6429],[-0.4351,8.6449],[-0.4359,8.6477],[-0.4359,8.6507],[-0.4342,8.6531],[-0.4327,8.6559],[-0.4352,8.6583],[-0.4395,8.6603],[-0.4396,8.6635],[-0.4438,8.6621],[-0.4471,8.6625],[-0.4488,8.6665],[-0.4515,8.6709],[-0.4531,8.6751],[-0.458,8.6775],[-0.4621,8.6743],[-0.4669,8.6719],[-0.4702,8.6721],[-0.4709,8.6759],[-0.4719,8.6791],[-0.4757,8.6825],[-0.4807,8.6823],[-0.4842,8.6819],[-0.4863,8.6863],[-0.4863,8.6915],[-0.4857,8.6949],[-0.4859,8.6997],[-0.4862,8.7035],[-0.4897,8.7043],[-0.4904,8.7103],[-0.489,8.7165],[-0.4881,8.7193],[-0.4878,8.7225],[-0.4856,8.7271],[-0.4813,8.7309],[-0.4779,8.7321],[-0.4751,8.7339],[-0.4722,8.7343],[-0.4695,8.7325],[-0.4676,8.7299],[-0.4661,8.7275],[-0.4616,8.7235],[-0.4578,8.7217],[-0.4516,8.7251],[-0.4483,8.7279],[-0.4437,8.7259],[-0.4383,8.7225],[-0.4356,8.7191],[-0.4318,8.7175],[-0.4316,8.7203],[-0.4319,8.7241],[-0.4318,8.7281],[-0.4271,8.7291],[-0.424,8.7305],[-0.4214,8.7321],[-0.4161,8.7337],[-0.4121,8.7339],[-0.4087,8.7321],[-0.4096,8.7293],[-0.4121,8.7263],[-0.4127,8.7209],[-0.4127,8.7123],[-0.411,8.7091],[-0.4088,8.7119],[-0.4071,8.7145],[-0.4069,8.7097],[-0.4049,8.7075],[-0.402,8.7109],[-0.3948,8.7119],[-0.3896,8.7113],[-0.3869,8.7099],[-0.3816,8.7109],[-0.3814,8.7155],[-0.3824,8.7197],[-0.3834,8.7231],[-0.3792,8.7243],[-0.3752,8.7245],[-0.37,8.7231],[-0.369,8.7259],[-0.3667,8.7313],[-0.3662,8.7351],[-0.3684,8.7379],[-0.3722,8.7399],[-0.3722,8.7435],[-0.3687,8.7431],[-0.364,8.7453],[-0.3607,8.7477],[-0.3581,8.7493],[-0.356,8.7521],[-0.3536,8.7543],[-0.3507,8.7553],[-0.3465,8.7579],[-0.3442,8.7557],[-0.34,8.7561],[-0.3365,8.7531],[-0.3343,8.7481],[-0.3297,8.7427],[-0.327,8.7443],[-0.3235,8.7475],[-0.3195,8.7487],[-0.3162,8.7501],[-0.3144,8.7545],[-0.3144,8.7585],[-0.3142,8.7635],[-0.3113,8.7671],[-0.3082,8.7689],[-0.3089,8.7735],[-0.3077,8.7773],[-0.3088,8.7801],[-0.3082,8.7847],[-0.3047,8.7877],[-0.3064,8.7943],[-0.3034,8.7949],[-0.3012,8.8007],[-0.2984,8.8057],[-0.2988,8.8095],[-0.2961,8.8115],[-0.2974,8.8151],[-0.2989,8.8179],[-0.3048,8.8189],[-0.3092,8.8199],[-0.3134,8.8171],[-0.3166,8.8163],[-0.3201,8.8185],[-0.3223,8.8227],[-0.3214,8.8271],[-0.3227,8.8341],[-0.3274,8.8369],[-0.3315,8.8369],[-0.3353,8.8379],[-0.3379,8.8417],[-0.3395,8.8457],[-0.3425,8.8463],[-0.3429,8.8509],[-0.3437,8.8549],[-0.3404,8.8569],[-0.3391,8.8611],[-0.3425,8.8623],[-0.342,8.8659],[-0.3387,8.8673],[-0.3346,8.8667],[-0.3326,8.8633],[-0.3297,8.8601],[-0.3263,8.8627],[-0.322,8.8615],[-0.3191,8.8613],[-0.3139,8.8589],[-0.3104,8.8583],[-0.3062,8.8589],[-0.2998,8.8611],[-0.299,8.8645],[-0.2954,8.8653],[-0.2963,8.8707],[-0.299,8.8733],[-0.3023,8.8783],[-0.3026,8.8841],[-0.2987,8.8865],[-0.2942,8.8883],[-0.292,8.8859],[-0.2889,8.8881],[-0.2882,8.8913],[-0.2843,8.8935],[-0.2801,8.8961],[-0.2809,8.8999],[-0.2759,8.9001],[-0.2721,8.9027],[-0.2681,8.9011],[-0.2649,8.9017],[-0.2607,8.9003],[-0.2557,8.9013],[-0.2525,8.9035],[-0.2501,8.9055],[-0.247,8.9077],[-0.2437,8.9099],[-0.2463,8.9137],[-0.2482,8.9171],[-0.2455,8.9191],[-0.2416,8.9189],[-0.2381,8.9205],[-0.2399,8.9233],[-0.2408,8.9269],[-0.241,8.9305],[-0.2376,8.9379],[-0.2336,8.9383],[-0.2307,8.9381],[-0.227,8.9375],[-0.222,8.9359],[-0.2188,8.9399],[-0.2155,8.9435],[-0.213,8.9461],[-0.2068,8.9473],[-0.2032,8.9469],[-0.2004,8.9477],[-0.1986,8.9511],[-0.1979,8.9539],[-0.1994,8.9569],[-0.197,8.9595],[-0.1958,8.9643],[-0.196,8.9687],[-0.1955,8.9753],[-0.1974,8.9797],[-0.1975,8.9831],[-0.1986,8.9859],[-0.2,8.9909],[-0.2022,8.9963],[-0.205,8.9987],[-0.2044,9.0035],[-0.2066,9.0063],[-0.2094,9.0083],[-0.211,9.0123],[-0.2108,9.0159],[-0.2091,9.0201],[-0.2083,9.0253],[-0.213,9.0281],[-0.2162,9.0291],[-0.2183,9.0327],[-0.2168,9.0365],[-0.2139,9.0415],[-0.2125,9.0447],[-0.2118,9.0479],[-0.213,9.0513],[-0.2111,9.0549],[-0.2077,9.0587],[-0.205,9.0621],[-0.2058,9.0663],[-0.2083,9.0693],[-0.2105,9.0723],[-0.2115,9.0751],[-0.2116,9.0797],[-0.2083,9.0829],[-0.2097,9.0861],[-0.2085,9.0895],[-0.2093,9.0935],[-0.2066,9.0951],[-0.2071,9.0993],[-0.2069,9.1045],[-0.2045,9.1071],[-0.2018,9.1095],[-0.2062,9.1107],[-0.2101,9.1107],[-0.2149,9.1093],[-0.2191,9.1105],[-0.2223,9.1137],[-0.2223,9.1175],[-0.2238,9.1203],[-0.2265,9.1217],[-0.2297,9.1229],[-0.2331,9.1215],[-0.2371,9.1195],[-0.2398,9.1213],[-0.243,9.1215],[-0.2472,9.1241],[-0.2495,9.1267],[-0.2514,9.1293],[-0.2551,9.1269],[-0.2592,9.1273],[-0.2609,9.1295],[-0.2665,9.1305],[-0.2714,9.1317],[-0.2755,9.1355],[-0.2808,9.1373],[-0.283,9.1411],[-0.2827,9.1449],[-0.2854,9.1479],[-0.2856,9.1525],[-0.2884,9.1553],[-0.2905,9.1603],[-0.2917,9.1635],[-0.2934,9.1677],[-0.294,9.1723],[-0.2961,9.1767],[-0.299,9.1783],[-0.3023,9.1795],[-0.3062,9.1813],[-0.3087,9.1845],[-0.3094,9.1891],[-0.3097,9.1927],[-0.3138,9.1953],[-0.3175,9.1983],[-0.3198,9.2021],[-0.3219,9.2061],[-0.3245,9.2093],[-0.3279,9.2107],[-0.3307,9.2103],[-0.3349,9.2109],[-0.3395,9.2113],[-0.3431,9.2139],[-0.3472,9.2159],[-0.3516,9.2173],[-0.355,9.2197],[-0.3582,9.2231],[-0.361,9.2243],[-0.3645,9.2253],[-0.3683,9.2261],[-0.3723,9.2267],[-0.3777,9.2281],[-0.381,9.2295],[-0.3837,9.2313],[-0.3883,9.2343],[-0.3921,9.2353],[-0.3974,9.2321],[-0.4019,9.2301],[-0.4063,9.2287],[-0.4094,9.2277],[-0.4127,9.2263],[-0.4164,9.2241],[-0.4197,9.2227],[-0.4259,9.2227],[-0.4312,9.2261],[-0.4334,9.2289],[-0.4359,9.2311],[-0.4409,9.2325],[-0.4524,9.2357],[-0.4608,9.2415],[-0.4647,9.2429],[-0.4693,9.2427],[-0.4724,9.2451],[-0.476,9.2479],[-0.4803,9.2491],[-0.4838,9.2503],[-0.487,9.2495],[-0.4911,9.2505],[-0.4946,9.2527],[-0.4983,9.2541],[-0.5022,9.2571],[-0.5063,9.2587],[-0.5103,9.2621],[-0.5117,9.2653],[-0.5105,9.2705],[-0.5114,9.2747],[-0.5139,9.2773],[-0.5166,9.2799],[-0.5202,9.2819],[-0.5266,9.2805],[-0.5305,9.2779],[-0.5357,9.2751],[-0.5401,9.2763],[-0.5435,9.2761],[-0.5465,9.2781],[-0.5488,9.2809],[-0.5512,9.2825],[-0.5551,9.2847],[-0.5602,9.2853],[-0.5627,9.2887],[-0.5663,9.2883],[-0.5692,9.2921],[-0.5717,9.2985],[-0.5731,9.3017],[-0.5745,9.3043],[-0.5757,9.3081],[-0.5781,9.3133],[-0.5801,9.3165],[-0.5821,9.3191],[-0.5851,9.3227],[-0.5874,9.3245],[-0.5911,9.3267],[-0.594,9.3283],[-0.5994,9.3243],[-0.6037,9.3231],[-0.6057,9.3203],[-0.607,9.3175],[-0.6098,9.3151],[-0.6108,9.3121],[-0.6137,9.3127],[-0.617,9.3125],[-0.6197,9.3109],[-0.6234,9.3087],[-0.6281,9.3077],[-0.6328,9.3087],[-0.6356,9.3119],[-0.6333,9.3155],[-0.6345,9.3183],[-0.6375,9.3183],[-0.6404,9.3175],[-0.6443,9.3161],[-0.6474,9.3155],[-0.6519,9.3153],[-0.6561,9.3167],[-0.6587,9.3185],[-0.6626,9.3181],[-0.6666,9.3195],[-0.6715,9.3213],[-0.6755,9.3227],[-0.6792,9.3241],[-0.6834,9.3253],[-0.687,9.3209],[-0.6869,9.3149],[-0.6886,9.3109],[-0.6958,9.3157],[-0.6985,9.3177],[-0.7098,9.3247],[-0.7154,9.3247],[-0.7169,9.3203],[-0.7176,9.3159],[-0.7168,9.3131],[-0.7144,9.3097],[-0.7116,9.3055],[-0.7116,9.3011],[-0.7137,9.2971],[-0.7128,9.2931],[-0.7091,9.2901],[-0.7055,9.2889],[-0.6998,9.2861],[-0.6979,9.2833],[-0.7025,9.2839],[-0.7053,9.2853],[-0.709,9.2867],[-0.7138,9.2875],[-0.7163,9.2889],[-0.7199,9.2883],[-0.7246,9.2887],[-0.7275,9.2907],[-0.7312,9.2903],[-0.7343,9.2907],[-0.7371,9.2919],[-0.74,9.2917],[-0.743,9.2921],[-0.7458,9.2927],[-0.7491,9.2935],[-0.7537,9.2933],[-0.7573,9.2945],[-0.76,9.2957],[-0.7653,9.2969],[-0.7694,9.3001],[-0.7766,9.3035],[-0.7808,9.3049],[-0.7851,9.3065],[-0.791,9.3079],[-0.7949,9.3087],[-0.7978,9.3109],[-0.8,9.3127],[-0.8025,9.3159],[-0.8048,9.3183],[-0.8104,9.3159],[-0.8154,9.3129],[-0.8195,9.3121],[-0.8231,9.3105],[-0.8259,9.3077],[-0.8276,9.3053],[-0.8292,9.3029],[-0.8303,9.3001],[-0.8328,9.2979],[-0.8376,9.2981],[-0.8431,9.2993],[-0.8476,9.2983],[-0.8496,9.3009],[-0.8499,9.3045],[-0.8545,9.3053],[-0.8589,9.3059],[-0.8668,9.3063],[-0.8706,9.3059],[-0.8745,9.3035],[-0.879,9.3017],[-0.8812,9.3043],[-0.8823,9.3083],[-0.8861,9.3097],[-0.89,9.3081],[-0.8948,9.3077],[-0.899,9.3067],[-0.9019,9.3059],[-0.9048,9.3053],[-0.908,9.3035],[-0.9114,9.3021],[-0.9157,9.3005],[-0.9207,9.2983],[-0.9264,9.2963],[-0.9323,9.2987],[-0.9357,9.2949],[-0.9394,9.2971],[-0.9442,9.2975],[-0.9486,9.2979],[-0.9551,9.3005],[-0.9574,9.3027],[-0.9601,9.3047],[-0.9607,9.3087],[-0.9601,9.3127],[-0.9614,9.3157],[-0.9619,9.3197],[-0.9627,9.3241],[-0.9629,9.3273],[-0.963,9.3311],[-0.9643,9.3347],[-0.9698,9.3347],[-0.9751,9.3359],[-0.9785,9.3341],[-0.982,9.3323],[-0.9872,9.3297],[-0.992,9.3293],[-0.9958,9.3289],[-0.9992,9.3267],[-1.003,9.3239],[-1.0057,9.3215],[-1.0083,9.3181],[-1.0113,9.3159],[-1.0139,9.3143],[-1.0176,9.3137],[-1.0204,9.3153],[-1.019,9.3199],[-1.0172,9.3227],[-1.0151,9.3267],[-1.0161,9.3303],[-1.0204,9.3321],[-1.0223,9.3343],[-1.0247,9.3369],[-1.0272,9.3383],[-1.0308,9.3413],[-1.0355,9.3429],[-1.0393,9.3441],[-1.0431,9.3435],[-1.0465,9.3415],[-1.0499,9.3395],[-1.0525,9.3363],[-1.0542,9.3337],[-1.0551,9.3305],[-1.0595,9.3279],[-1.0649,9.3267],[-1.0706,9.3267],[-1.0755,9.3259],[-1.0781,9.3233],[-1.081,9.3219],[-1.0837,9.3205],[-1.0866,9.3195],[-1.0897,9.3189],[-1.0938,9.3163],[-1.0968,9.3125],[-1.1003,9.3097],[-1.1047,9.3089],[-1.1072,9.3113],[-1.1094,9.3135],[-1.113,9.3155],[-1.1169,9.3167],[-1.1198,9.3177],[-1.1227,9.3181],[-1.1265,9.3177],[-1.13,9.3193],[-1.1337,9.3187],[-1.1373,9.3185],[-1.1411,9.3181],[-1.1446,9.3189],[-1.1476,9.3197],[-1.1515,9.3193],[-1.1562,9.3195],[-1.1601,9.3191],[-1.1646,9.3187],[-1.1682,9.3209],[-1.1715,9.3203],[-1.1756,9.3175],[-1.1787,9.3147],[-1.1823,9.3121],[-1.1861,9.3111],[-1.1902,9.3101],[-1.1947,9.3081],[-1.1988,9.3051],[-1.2025,9.3077],[-1.205,9.3055],[-1.2085,9.3045],[-1.2118,9.3027],[-1.2121,9.2997],[-1.2151,9.2985],[-1.219,9.2971],[-1.2221,9.2965],[-1.225,9.2965],[-1.2278,9.2957],[-1.2295,9.2925],[-1.2354,9.2897],[-1.24,9.2875],[-1.2434,9.2915],[-1.2459,9.2931],[-1.2472,9.2961],[-1.2494,9.2991],[-1.252,9.3009],[-1.254,9.3031],[-1.2559,9.3065],[-1.2564,9.3099],[-1.2572,9.3135],[-1.2586,9.3177],[-1.2614,9.3219],[-1.2647,9.3243],[-1.2677,9.3275],[-1.2683,9.3321],[-1.2647,9.3331],[-1.2613,9.3325],[-1.2623,9.3357],[-1.2641,9.3387],[-1.2644,9.3421],[-1.2616,9.3459],[-1.2589,9.3501],[-1.2561,9.3527],[-1.2553,9.3559],[-1.2572,9.3595],[-1.2552,9.3639],[-1.2542,9.3683],[-1.2517,9.3723],[-1.2495,9.3777],[-1.2479,9.3825],[-1.2459,9.3871],[-1.2457,9.3909],[-1.2462,9.3941],[-1.2459,9.3977],[-1.2447,9.4003],[-1.2444,9.4041],[-1.2437,9.4087],[-1.2428,9.4185],[-1.2461,9.4221],[-1.2501,9.4275],[-1.2546,9.4387],[-1.2552,9.4433],[-1.2629,9.4635],[-1.2661,9.4721],[-1.2703,9.4831],[-1.2774,9.5007],[-1.2794,9.5057],[-1.2813,9.5099],[-1.286,9.5145],[-1.2884,9.5167],[-1.2911,9.5181],[-1.2943,9.5193],[-1.2971,9.5217],[-1.2998,9.5251],[-1.303,9.5289],[-1.3062,9.5323],[-1.3087,9.5347],[-1.3116,9.5389],[-1.3118,9.5433],[-1.3131,9.5469],[-1.3147,9.5493],[-1.3167,9.5513],[-1.3302,9.5651],[-1.3404,9.5745],[-1.3469,9.5817],[-1.3615,9.5975],[-1.3646,9.6015],[-1.3684,9.6055],[-1.372,9.6071],[-1.3734,9.6101],[-1.3723,9.6131],[-1.3698,9.6161],[-1.3662,9.6183],[-1.3622,9.6195],[-1.3583,9.6205],[-1.354,9.6219],[-1.3509,9.6237],[-1.3483,9.6259],[-1.3443,9.6279],[-1.3401,9.6297],[-1.3371,9.6309],[-1.3333,9.6325],[-1.3295,9.6339],[-1.3283,9.6365],[-1.3305,9.6399],[-1.3305,9.6433],[-1.3283,9.6455],[-1.325,9.6469],[-1.3207,9.6477],[-1.3171,9.6487],[-1.315,9.6521],[-1.3178,9.6545],[-1.3231,9.6563],[-1.3225,9.6597],[-1.3235,9.6625],[-1.3208,9.6641],[-1.32,9.6679],[-1.3197,9.6727],[-1.3203,9.6763],[-1.3202,9.6807],[-1.3198,9.6841],[-1.3223,9.6867],[-1.3246,9.6893],[-1.3248,9.6931],[-1.3265,9.6977],[-1.3306,9.6995],[-1.3325,9.7019],[-1.3348,9.7043],[-1.338,9.7059],[-1.3394,9.7103],[-1.3406,9.7141],[-1.3436,9.7151],[-1.3451,9.7179],[-1.346,9.7213],[-1.3474,9.7247],[-1.3489,9.7295],[-1.3471,9.7341],[-1.347,9.7375],[-1.348,9.7409],[-1.3485,9.7463],[-1.3459,9.7499],[-1.346,9.7537],[-1.3478,9.7575],[-1.3495,9.7611],[-1.3506,9.7653],[-1.3499,9.7691],[-1.3491,9.7723],[-1.348,9.7751],[-1.3482,9.7785],[-1.3502,9.7831],[-1.351,9.7909],[-1.3515,9.7945],[-1.3506,9.7973],[-1.3483,9.8037],[-1.3452,9.8071],[-1.3409,9.8083],[-1.3369,9.8083],[-1.334,9.8081],[-1.3311,9.8081],[-1.328,9.8069],[-1.3261,9.8027],[-1.3234,9.8003],[-1.3206,9.7995],[-1.3173,9.7999],[-1.3141,9.8007],[-1.3103,9.8019],[-1.312,9.8055],[-1.3138,9.8085],[-1.3136,9.8131],[-1.313,9.8173],[-1.3084,9.8207],[-1.3082,9.8159],[-1.3059,9.8127],[-1.302,9.8105],[-1.2974,9.8089],[-1.2943,9.8063],[-1.2907,9.8045],[-1.2864,9.8023],[-1.2818,9.8019],[-1.2776,9.8019],[-1.2732,9.8023],[-1.2701,9.8045],[-1.2693,9.8073],[-1.2667,9.8113],[-1.2647,9.8147],[-1.2635,9.8175],[-1.2633,9.8207],[-1.2632,9.8235],[-1.2559,9.8239],[-1.251,9.8239],[-1.2456,9.8261],[-1.242,9.8275],[-1.2386,9.8283],[-1.2348,9.8271],[-1.2311,9.8235],[-1.23,9.8203],[-1.2284,9.8177],[-1.2257,9.8165],[-1.2232,9.8141],[-1.2194,9.8127],[-1.2174,9.8095],[-1.217,9.8063],[-1.2162,9.8021],[-1.2132,9.7987],[-1.2102,9.7977],[-1.2074,9.7965],[-1.2036,9.7967],[-1.1999,9.7965],[-1.197,9.7961],[-1.1942,9.7969],[-1.1906,9.7993],[-1.1867,9.8001],[-1.1834,9.7979],[-1.1804,9.7957],[-1.1787,9.7931],[-1.1753,9.7905],[-1.1737,9.7937],[-1.1731,9.7987],[-1.1742,9.8017],[-1.1739,9.8047],[-1.1737,9.8079],[-1.1715,9.8113],[-1.1698,9.8145],[-1.1713,9.8175],[-1.1731,9.8201],[-1.1722,9.8243],[-1.1711,9.8279],[-1.1684,9.8305],[-1.166,9.8345],[-1.1646,9.8391],[-1.1628,9.8451],[-1.162,9.8489],[-1.1619,9.8527],[-1.1606,9.8555],[-1.1606,9.8595],[-1.161,9.8631],[-1.1621,9.8671],[-1.1628,9.8707],[-1.1643,9.8741],[-1.1676,9.8769],[-1.1711,9.8797],[-1.1733,9.8837],[-1.175,9.8871],[-1.1768,9.8917],[-1.1805,9.8949],[-1.1819,9.8977],[-1.1816,9.9007],[-1.1795,9.9089],[-1.1769,9.9183],[-1.1762,9.9233],[-1.1771,9.9303],[-1.1787,9.9377],[-1.1767,9.9499],[-1.1737,9.9501],[-1.1701,9.9505],[-1.1667,9.9517],[-1.1639,9.9523],[-1.1598,9.9507],[-1.1548,9.9487],[-1.1511,9.9459],[-1.1473,9.9435],[-1.1447,9.9413],[-1.141,9.9391],[-1.1369,9.9363],[-1.1339,9.9341],[-1.1303,9.9323],[-1.1256,9.9295],[-1.1224,9.9293],[-1.1198,9.9277],[-1.1162,9.9277],[-1.1126,9.9277],[-1.1094,9.9277],[-1.1104,9.9317],[-1.1129,9.9337],[-1.1142,9.9365],[-1.115,9.9401],[-1.1166,9.9427],[-1.1176,9.9467],[-1.1202,9.9503],[-1.1225,9.9543],[-1.1245,9.9585],[-1.1283,9.9621],[-1.1309,9.9633],[-1.135,9.9639],[-1.139,9.9689],[-1.1407,9.9741],[-1.1418,9.9789],[-1.146,9.9791],[-1.1491,9.9787],[-1.1522,9.9779],[-1.1566,9.9779],[-1.1599,9.9803],[-1.1629,9.9809],[-1.1653,9.9831],[-1.1685,9.9849],[-1.1711,9.9867],[-1.1751,9.9887],[-1.1798,9.9913],[-1.1842,9.9921],[-1.1869,9.9931],[-1.1904,9.9931],[-1.1939,9.9933],[-1.1971,9.9947],[-1.2013,9.9973],[-1.2032,10.0003],[-1.2052,10.0025],[-1.2076,10.0045],[-1.2103,10.0061],[-1.2133,10.0067],[-1.2181,10.0071],[-1.2234,10.0075],[-1.2275,10.0087],[-1.23,10.0107],[-1.2334,10.0133],[-1.236,10.0169],[-1.2389,10.0227],[-1.2403,10.0261],[-1.2431,10.0275],[-1.2448,10.0303],[-1.2481,10.0309],[-1.2522,10.0337],[-1.2575,10.0355],[-1.2617,10.0345],[-1.2642,10.0325],[-1.2702,10.0317],[-1.2762,10.0317],[-1.2768,10.0355],[-1.2797,10.0381],[-1.2831,10.0381],[-1.2871,10.0367],[-1.2907,10.0389],[-1.2934,10.0411],[-1.2956,10.0433],[-1.299,10.0465],[-1.3016,10.0497],[-1.3026,10.0535],[-1.3056,10.0549],[-1.3076,10.0575],[-1.3093,10.0609],[-1.3092,10.0649],[-1.3134,10.0651],[-1.3182,10.0649],[-1.3214,10.0659],[-1.3249,10.0677],[-1.3304,10.0695],[-1.3364,10.0717],[-1.3407,10.0735],[-1.3448,10.0753],[-1.3559,10.0805],[-1.3603,10.0831],[-1.3632,10.0857],[-1.3671,10.0883],[-1.3673,10.0913],[-1.3687,10.0941],[-1.3722,10.0949],[-1.3745,10.0923],[-1.3788,10.0911],[-1.3836,10.0903],[-1.3868,10.0905],[-1.39,10.0907],[-1.3935,10.0911],[-1.3964,10.0919],[-1.3991,10.0929],[-1.4037,10.0935],[-1.408,10.0913],[-1.4119,10.0895],[-1.4153,10.0919],[-1.4209,10.0941],[-1.424,10.0965],[-1.4265,10.0981],[-1.4303,10.0999],[-1.434,10.1017],[-1.4375,10.1031],[-1.4409,10.1025],[-1.4452,10.1017],[-1.4493,10.1025],[-1.4528,10.1027],[-1.4556,10.1033],[-1.4594,10.1037],[-1.4634,10.1033],[-1.4669,10.1037],[-1.4697,10.1029],[-1.4723,10.1007],[-1.4771,10.0997],[-1.4815,10.0971],[-1.4854,10.0959],[-1.4887,10.0933],[-1.4923,10.0921],[-1.4968,10.0901],[-1.5002,10.0869],[-1.5031,10.0845],[-1.5068,10.0831],[-1.5127,10.0851],[-1.5171,10.0863],[-1.5218,10.0845],[-1.5245,10.0833],[-1.5276,10.0805],[-1.5302,10.0767],[-1.5324,10.0739],[-1.5354,10.0727],[-1.5382,10.0715],[-1.5421,10.0721],[-1.546,10.0707],[-1.5486,10.0727],[-1.5492,10.0785],[-1.5496,10.0841],[-1.5506,10.0889],[-1.5517,10.0933],[-1.5541,10.0953],[-1.5573,10.0973],[-1.5578,10.0935],[-1.5602,10.0911],[-1.5644,10.0917],[-1.5686,10.0911],[-1.5714,10.0903],[-1.5745,10.0901],[-1.5783,10.0891],[-1.5797,10.0847],[-1.5823,10.0815],[-1.588,10.0783],[-1.5917,10.0773],[-1.5949,10.0761],[-1.5988,10.0741],[-1.6023,10.0729],[-1.6054,10.0719],[-1.6093,10.0703],[-1.6139,10.0693],[-1.6172,10.0689],[-1.6204,10.0697],[-1.6232,10.0713],[-1.6242,10.0749],[-1.6259,10.0789],[-1.6295,10.0793],[-1.633,10.0793],[-1.6361,10.0781],[-1.6396,10.0767],[-1.6457,10.0751],[-1.6497,10.0747],[-1.6547,10.0739],[-1.6533,10.0703],[-1.6507,10.0677],[-1.6472,10.0641],[-1.6448,10.0611],[-1.6422,10.0585],[-1.6384,10.0561],[-1.6339,10.0545],[-1.63,10.0533],[-1.6301,10.0491],[-1.6321,10.0469],[-1.6349,10.0427],[-1.6394,10.0391],[-1.6448,10.0381],[-1.6493,10.0399],[-1.6551,10.0425],[-1.6589,10.0437],[-1.6617,10.0447],[-1.6645,10.0453],[-1.6676,10.0443],[-1.6676,10.0391],[-1.6674,10.0353],[-1.6688,10.0323],[-1.6706,10.0287],[-1.6733,10.0259],[-1.6762,10.0275],[-1.6789,10.0315],[-1.6812,10.0347],[-1.6856,10.0385],[-1.691,10.0355],[-1.6927,10.0331],[-1.6948,10.0305],[-1.6956,10.0249],[-1.6996,10.0233],[-1.7019,10.0211],[-1.7024,10.0177],[-1.7017,10.0141],[-1.7056,10.0129],[-1.7105,10.0129],[-1.7139,10.0129],[-1.7163,10.0083],[-1.7181,10.0015],[-1.7175,9.9963],[-1.7161,9.9919],[-1.7143,9.9875],[-1.7105,9.9821],[-1.7112,9.9779],[-1.7118,9.9741],[-1.7126,9.9709],[-1.7103,9.9681],[-1.7078,9.9645],[-1.7103,9.9603],[-1.7082,9.9577],[-1.7081,9.9539],[-1.7087,9.9497],[-1.7077,9.9457],[-1.7111,9.9441],[-1.7151,9.9419],[-1.7148,9.9367],[-1.7141,9.9329],[-1.7138,9.9297],[-1.7111,9.9285],[-1.7081,9.9273],[-1.7049,9.9243],[-1.7046,9.9193],[-1.706,9.9153],[-1.7046,9.9113],[-1.705,9.9065],[-1.7067,9.9013],[-1.7049,9.8979],[-1.7024,9.8955],[-1.6993,9.8927],[-1.6972,9.8905],[-1.6964,9.8869],[-1.6983,9.8821],[-1.6986,9.8775],[-1.697,9.8729],[-1.6981,9.8659],[-1.6998,9.8595],[-1.702,9.8487],[-1.703,9.8417],[-1.7069,9.8247],[-1.7098,9.8225],[-1.7134,9.8213],[-1.7198,9.8203],[-1.7259,9.8203],[-1.7301,9.8203],[-1.7422,9.8201],[-1.75,9.8203],[-1.7666,9.8209],[-1.7844,9.8217],[-1.7937,9.8215],[-1.8084,9.8213],[-1.8229,9.8211],[-1.8303,9.8211],[-1.8398,9.8215],[-1.8512,9.8221],[-1.8767,9.8233],[-1.8865,9.8237],[-1.901,9.8239],[-1.9405,9.8245],[-1.9516,9.8247],[-1.9637,9.8249],[-1.9859,9.8237],[-1.9915,9.8239],[-2.0006,9.8237],[-2.0042,9.8215],[-2.0067,9.8185],[-2.0089,9.8147],[-2.0098,9.8119],[-2.0114,9.8081],[-2.0125,9.8053],[-2.0145,9.8017],[-2.0169,9.7971],[-2.0183,9.7939],[-2.02,9.7917],[-2.0219,9.7895],[-2.0247,9.7869],[-2.0271,9.7843],[-2.0297,9.7829],[-2.0339,9.7817],[-2.0382,9.7811],[-2.0422,9.7797],[-2.0456,9.7797],[-2.0531,9.7807],[-2.0588,9.7821],[-2.0625,9.7813],[-2.0723,9.7833],[-2.0804,9.7845],[-2.0864,9.7855],[-2.0912,9.7899],[-2.0945,9.8113],[-2.0969,9.8137],[-2.1049,9.8129],[-2.1115,9.8123],[-2.1145,9.8119],[-2.1403,9.8087],[-2.1621,9.8053],[-2.1782,9.8033],[-2.1868,9.8025],[-2.2321,9.7959],[-2.2426,9.7949],[-2.2719,9.7913],[-2.3275,9.7847],[-2.3375,9.7835],[-2.348,9.7823],[-2.3641,9.7799],[-2.3848,9.7773],[-2.4011,9.7751],[-2.4211,9.7725],[-2.4262,9.7709],[-2.4446,9.7655],[-2.4505,9.7637],[-2.4698,9.7577],[-2.4767,9.7563],[-2.4864,9.7541],[-2.4923,9.7509],[-2.495,9.7499],[-2.4994,9.7485],[-2.503,9.7475],[-2.5084,9.7459],[-2.5097,9.7423],[-2.5093,9.7381],[-2.5084,9.7301],[-2.5082,9.7241],[-2.5076,9.7197],[-2.5087,9.7159],[-2.51,9.7111],[-2.5109,9.7069],[-2.5117,9.7035],[-2.5129,9.6997],[-2.5146,9.6947],[-2.5183,9.6905],[-2.5212,9.6871],[-2.5255,9.6849],[-2.5306,9.6827],[-2.5387,9.6779],[-2.5535,9.6739],[-2.5615,9.6713],[-2.5696,9.6687],[-2.5728,9.6679],[-2.5791,9.6659],[-2.5859,9.6633],[-2.594,9.6613],[-2.6003,9.6593],[-2.6063,9.6565],[-2.6131,9.6543],[-2.6158,9.6533],[-2.6192,9.6517],[-2.6224,9.6499],[-2.6256,9.6481],[-2.6301,9.6465],[-2.6342,9.6457],[-2.6378,9.6443],[-2.6432,9.6441],[-2.6491,9.6431],[-2.6542,9.6419],[-2.6594,9.6399],[-2.6639,9.6391],[-2.6672,9.6377],[-2.6702,9.6357],[-2.6738,9.6337],[-2.6774,9.6331],[-2.6812,9.6321],[-2.6861,9.6327],[-2.689,9.6323],[-2.6917,9.6311],[-2.6959,9.6307],[-2.7004,9.6305],[-2.7033,9.6319],[-2.7076,9.6337],[-2.7124,9.6333],[-2.7163,9.6329],[-2.7202,9.6329],[-2.7241,9.6343],[-2.7267,9.6357],[-2.7295,9.6389],[-2.732,9.6423],[-2.7359,9.6435],[-2.7389,9.6427],[-2.7425,9.6419],[-2.7459,9.6379],[-2.7472,9.6335],[-2.751,9.6305],[-2.7533,9.6273],[-2.7557,9.6233],[-2.7589,9.6205],[-2.7611,9.6185],[-2.7632,9.6155],[-2.7627,9.6123],[-2.764,9.6079],[-2.7668,9.6051],[-2.7692,9.6033],[-2.7715,9.5997],[-2.7717,9.5959],[-2.7708,9.5929],[-2.7707,9.5893],[-2.7707,9.5857],[-2.7701,9.5807],[-2.7711,9.5765],[-2.7692,9.5709],[-2.7666,9.5663],[-2.7646,9.5635],[-2.7634,9.5607],[-2.7622,9.5577],[-2.7599,9.5547],[-2.7564,9.5515],[-2.7539,9.5493],[-2.7495,9.5481],[-2.7469,9.5465],[-2.7448,9.5443],[-2.7427,9.5421],[-2.7392,9.5385],[-2.7369,9.5359],[-2.734,9.5325],[-2.7301,9.5295],[-2.7227,9.5279],[-2.7175,9.5261],[-2.713,9.5231],[-2.708,9.5157],[-2.7058,9.5139],[-2.7005,9.5109],[-2.6964,9.5069],[-2.6937,9.5039],[-2.6917,9.5005],[-2.6901,9.4973],[-2.6885,9.4941],[-2.6868,9.4911],[-2.6845,9.4873],[-2.6842,9.4819],[-2.6844,9.4771],[-2.6845,9.4739],[-2.6856,9.4707],[-2.6863,9.4679],[-2.6881,9.4619],[-2.6892,9.4581],[-2.69,9.4531],[-2.6901,9.4481],[-2.6896,9.4433],[-2.6888,9.4355],[-2.6886,9.4325],[-2.6875,9.4275],[-2.6862,9.4241],[-2.6843,9.4203],[-2.6794,9.4135],[-2.6776,9.4085],[-2.6764,9.4035],[-2.6751,9.3969],[-2.6743,9.3917],[-2.6737,9.3885],[-2.6739,9.3833],[-2.6749,9.3777],[-2.6759,9.3737],[-2.6768,9.3705],[-2.6783,9.3665],[-2.6816,9.3609],[-2.6839,9.3585],[-2.6866,9.3563],[-2.6897,9.3547],[-2.6937,9.3521],[-2.6959,9.3493],[-2.6975,9.3461],[-2.6999,9.3435],[-2.7032,9.3401],[-2.7076,9.3395],[-2.7112,9.3389],[-2.7148,9.3375],[-2.7199,9.3337],[-2.7208,9.3303],[-2.7214,9.3245],[-2.7205,9.3191],[-2.7212,9.3157],[-2.7207,9.3117],[-2.7181,9.3059],[-2.7177,9.3015],[-2.7152,9.2963],[-2.7105,9.2913],[-2.7077,9.2887],[-2.7047,9.2871],[-2.7011,9.2857],[-2.6974,9.2855],[-2.6942,9.2847],[-2.6892,9.2857],[-2.6859,9.2873],[-2.6836,9.2855],[-2.6812,9.2835],[-2.6776,9.2809],[-2.674,9.2771],[-2.6718,9.2747],[-2.6623,9.2629],[-2.6566,9.2557],[-2.6619,9.2401],[-2.6817,9.2307],[-2.6848,9.2297],[-2.689,9.2279],[-2.6921,9.2263],[-2.6947,9.2235],[-2.6956,9.2199],[-2.6979,9.2181],[-2.7022,9.2163],[-2.7068,9.2133],[-2.7135,9.2091],[-2.7159,9.2061],[-2.7183,9.2015],[-2.7205,9.1967],[-2.7239,9.1991],[-2.724,9.1959],[-2.7217,9.1929],[-2.7224,9.1887],[-2.7232,9.1853],[-2.7253,9.1813],[-2.7271,9.1775],[-2.7287,9.1737],[-2.7302,9.1701],[-2.7316,9.1673],[-2.7332,9.1641],[-2.736,9.1607],[-2.7397,9.1575],[-2.7427,9.1563],[-2.7457,9.1561],[-2.7495,9.1567],[-2.7513,9.1543],[-2.7545,9.1533],[-2.7604,9.1521],[-2.7639,9.1509],[-2.7667,9.1495],[-2.7694,9.1475],[-2.7717,9.1457],[-2.7739,9.1427],[-2.7751,9.1389],[-2.774,9.1357],[-2.773,9.1323],[-2.7718,9.1273],[-2.7694,9.1225],[-2.7683,9.1183],[-2.7696,9.1147],[-2.7675,9.1107],[-2.7671,9.1067],[-2.7668,9.1021],[-2.7658,9.0961],[-2.7655,9.0903],[-2.7661,9.0851],[-2.7683,9.0803],[-2.7705,9.0775],[-2.7728,9.0747],[-2.7755,9.0721],[-2.7779,9.0701],[-2.7801,9.0673],[-2.7823,9.0641],[-2.7829,9.0597],[-2.7818,9.0547],[-2.7799,9.0515],[-2.7775,9.0495],[-2.7754,9.0473],[-2.7738,9.0443],[-2.7738,9.0409],[-2.7732,9.0359],[-2.7719,9.0329],[-2.7687,9.0303],[-2.7644,9.0277],[-2.7611,9.0261],[-2.758,9.0253],[-2.7534,9.0261],[-2.7475,9.0267],[-2.7439,9.0265],[-2.7394,9.0263],[-2.734,9.0265],[-2.7303,9.0271],[-2.7263,9.0269],[-2.7232,9.0259],[-2.7204,9.0253],[-2.716,9.0251],[-2.7138,9.0227],[-2.7166,9.0201],[-2.7192,9.0179],[-2.7203,9.0135],[-2.7177,9.0151],[-2.7144,9.0177],[-2.7109,9.0189],[-2.7079,9.0195],[-2.7052,9.0207],[-2.7026,9.0177],[-2.6988,9.0159],[-2.6952,9.0185],[-2.6894,9.0179],[-2.6864,9.0183],[-2.6821,9.0193],[-2.678,9.0199],[-2.6749,9.0201],[-2.6718,9.0197],[-2.6678,9.0177],[-2.6639,9.0159],[-2.6619,9.0131],[-2.6603,9.0081],[-2.6541,9.0075],[-2.6546,9.0017],[-2.6552,8.9977],[-2.6558,8.9935],[-2.6569,8.9903],[-2.6577,8.9833],[-2.6565,8.9789],[-2.6555,8.9717],[-2.6544,8.9639],[-2.6534,8.9597],[-2.6529,8.9551],[-2.6521,8.9519],[-2.6516,8.9473],[-2.6502,8.9427],[-2.6482,8.9397],[-2.6457,8.9369],[-2.6426,8.9347],[-2.6396,8.9337],[-2.6367,8.9329],[-2.632,8.9309],[-2.627,8.9297],[-2.6226,8.9257],[-2.6196,8.9239],[-2.6178,8.9205],[-2.6173,8.9173],[-2.616,8.9143],[-2.6161,8.9109],[-2.6169,8.9075],[-2.6173,8.9045],[-2.6193,8.8991],[-2.6202,8.8963],[-2.6208,8.8935],[-2.6215,8.8903],[-2.6218,8.8859],[-2.6231,8.8801],[-2.6227,8.8771],[-2.6215,8.8745],[-2.6193,8.8717],[-2.6169,8.8679],[-2.6148,8.8645],[-2.6128,8.8607],[-2.6115,8.8579],[-2.6096,8.8537],[-2.6079,8.8491],[-2.6052,8.8455],[-2.6004,8.8429],[-2.5996,8.8385],[-2.597,8.8333],[-2.5963,8.8289],[-2.5968,8.8247],[-2.5985,8.8219],[-2.601,8.8203],[-2.6043,8.8183],[-2.6077,8.8155],[-2.6117,8.8127],[-2.6154,8.8109],[-2.6192,8.8091],[-2.6223,8.8065],[-2.6243,8.8041],[-2.6264,8.8007],[-2.6285,8.7957],[-2.6266,8.7929],[-2.6243,8.7909],[-2.6173,8.7873],[-2.609,8.7875],[-2.6041,8.7885],[-2.5959,8.7883],[-2.5905,8.7863],[-2.587,8.7867],[-2.5843,8.7859],[-2.5797,8.7813],[-2.5772,8.7785],[-2.5739,8.7755],[-2.5705,8.7729],[-2.5676,8.7713],[-2.5644,8.7697],[-2.5601,8.7677],[-2.5565,8.7657],[-2.5526,8.7637],[-2.5498,8.7625],[-2.5469,8.7615],[-2.5432,8.7611],[-2.5401,8.7575],[-2.5396,8.7537],[-2.539,8.7493],[-2.536,8.7451],[-2.5359,8.7409],[-2.5337,8.7381],[-2.5316,8.7359],[-2.5266,8.7331],[-2.5212,8.7317],[-2.5175,8.7313],[-2.512,8.7295],[-2.5093,8.7273],[-2.5068,8.7253],[-2.5029,8.7215],[-2.4995,8.7187],[-2.4977,8.7151],[-2.4965,8.7123],[-2.4952,8.7091],[-2.4932,8.7053],[-2.4912,8.7011],[-2.4897,8.6975],[-2.4889,8.6937],[-2.4894,8.6907],[-2.4886,8.6869],[-2.4865,8.6831],[-2.485,8.6805],[-2.4826,8.6783],[-2.4792,8.6757],[-2.4774,8.6715],[-2.4757,8.6679],[-2.4732,8.6639],[-2.4712,8.6611],[-2.4688,8.6583],[-2.4663,8.6553],[-2.4643,8.6523],[-2.4611,8.6503],[-2.4575,8.6491],[-2.4542,8.6473],[-2.452,8.6449],[-2.4493,8.6421],[-2.4468,8.6389],[-2.4452,8.6357],[-2.4431,8.6321],[-2.4403,8.6291],[-2.4373,8.6269],[-2.4328,8.6245],[-2.4307,8.6213],[-2.4274,8.6193],[-2.4235,8.6167],[-2.4204,8.6149],[-2.4178,8.6123],[-2.4165,8.6087],[-2.4171,8.6055],[-2.4172,8.6015],[-2.419,8.5971],[-2.4186,8.5921],[-2.4177,8.5885],[-2.4179,8.5855],[-2.4163,8.5823],[-2.4154,8.5787],[-2.4148,8.5753],[-2.4127,8.5715],[-2.4102,8.5681],[-2.4063,8.5659],[-2.4029,8.5645],[-2.4008,8.5615],[-2.3991,8.5579],[-2.3951,8.5579],[-2.3908,8.5565],[-2.3865,8.5553],[-2.3831,8.5539],[-2.3809,8.5521],[-2.3781,8.5493],[-2.3751,8.5457],[-2.3734,8.5433],[-2.3716,8.5401],[-2.3671,8.5393],[-2.365,8.5341],[-2.3633,8.5301],[-2.3608,8.5261],[-2.3588,8.5229],[-2.3585,8.5183],[-2.3606,8.5143],[-2.3637,8.5111],[-2.3667,8.5071],[-2.3678,8.5025],[-2.3707,8.4993],[-2.3703,8.4959],[-2.37,8.4923],[-2.3696,8.4881],[-2.3675,8.4831],[-2.367,8.4801],[-2.366,8.4761],[-2.3632,8.4733],[-2.359,8.4717],[-2.3557,8.4685],[-2.354,8.4641],[-2.3507,8.4603],[-2.3478,8.4581],[-2.3449,8.4577],[-2.3417,8.4559],[-2.3379,8.4545],[-2.3359,8.4509],[-2.3337,8.4467],[-2.3317,8.4409],[-2.3308,8.4355],[-2.3292,8.4303],[-2.3277,8.4265],[-2.3261,8.4225],[-2.325,8.4173],[-2.3217,8.4137],[-2.318,8.4115],[-2.3158,8.4085],[-2.3133,8.4049],[-2.3109,8.4015],[-2.3092,8.3989],[-2.3086,8.3941],[-2.3069,8.3895],[-2.3035,8.3877],[-2.2993,8.3841],[-2.2978,8.3807],[-2.2989,8.3779],[-2.2996,8.3749],[-2.3014,8.3721],[-2.3018,8.3679],[-2.3009,8.3643],[-2.3019,8.3611],[-2.3041,8.3581],[-2.3044,8.3539],[-2.3024,8.3501],[-2.3001,8.3477],[-2.2985,8.3451],[-2.2971,8.3423],[-2.2964,8.3383],[-2.296,8.3339],[-2.2962,8.3307],[-2.2954,8.3275],[-2.2935,8.3245],[-2.2909,8.3227],[-2.288,8.3219],[-2.2863,8.3187],[-2.2862,8.3133],[-2.2871,8.3075],[-2.288,8.3011],[-2.2882,8.2969],[-2.2856,8.2957],[-2.2824,8.2943],[-2.2768,8.2933],[-2.273,8.2915],[-2.2701,8.2897],[-2.2656,8.2867],[-2.2613,8.2839],[-2.2582,8.2813],[-2.2556,8.2793],[-2.2531,8.2775],[-2.2491,8.2775],[-2.2437,8.2809],[-2.2389,8.2805],[-2.2357,8.2769],[-2.2337,8.2733],[-2.2317,8.2691],[-2.2293,8.2641],[-2.2266,8.2621],[-2.2235,8.2615],[-2.2193,8.2613],[-2.2159,8.2591],[-2.2129,8.2563],[-2.211,8.2523],[-2.209,8.2479],[-2.2094,8.2449],[-2.2121,8.2423],[-2.2108,8.2393],[-2.2074,8.2355],[-2.2051,8.2319],[-2.2021,8.2299],[-2.1992,8.2283],[-2.1957,8.2257],[-2.1926,8.2229],[-2.189,8.2211],[-2.1845,8.2199],[-2.1812,8.2197],[-2.1779,8.2189],[-2.1749,8.2173],[-2.1719,8.2147],[-2.1682,8.2115],[-2.1679,8.2075],[-2.1668,8.2047],[-2.1661,8.2017],[-2.1659,8.1987],[-2.1652,8.1957],[-2.1644,8.1925],[-2.1644,8.1881],[-2.1646,8.1835],[-2.1637,8.1793],[-2.1631,8.1763],[-2.1599,8.1727],[-2.1538,8.1715],[-2.1518,8.1695],[-2.1504,8.1665],[-2.146,8.1629],[-2.1417,8.1597],[-2.1386,8.1565],[-2.1366,8.1531],[-2.1341,8.1511],[-2.1314,8.1499],[-2.1285,8.1481],[-2.1242,8.1483],[-2.1215,8.1509]]]},"properties":{"adm1_pcode":"GH11","adm1_name":"Savannah","center_lat":9.04870606,"center_lon":-1.4944154}},
{"type":"Feature","geometry":{"type":"Polygon","coordinates":[[[-0.0909,10.7103],[-0.089,10.7147],[-0.086,10.7165],[-0.0816,10.7175],[-0.077,10.7181],[-0.0731,10.7207],[-0.0735,10.7259],[-0.0748,10.7295],[-0.0741,10.7331],[-0.0725,10.7375],[-0.0717,10.7411],[-0.0724,10.7443],[-0.0736,10.7491],[-0.0741,10.7533],[-0.0739,10.7589],[-0.0711,10.7631],[-0.0718,10.7673],[-0.0721,10.7703],[-0.0682,10.7727],[-0.0645,10.7733],[-0.0628,10.7765],[-0.0607,10.7799],[-0.0584,10.7841],[-0.0558,10.7871],[-0.052,10.7897],[-0.0479,10.7919],[-0.0449,10.7939],[-0.0442,10.7983],[-0.0411,10.8019],[-0.0387,10.8047],[-0.0358,10.8061],[-0.0321,10.8071],[-0.0302,10.8109],[-0.0287,10.8153],[-0.0251,10.8177],[-0.0225,10.8195],[-0.023,10.8227],[-0.0236,10.8257],[-0.0232,10.8305],[-0.0237,10.8343],[-0.0258,10.8377],[-0.0285,10.8431],[-0.0288,10.8477],[-0.0293,10.8511],[-0.0299,10.8545],[-0.0292,10.8581],[-0.0284,10.8609],[-0.0269,10.8637],[-0.0253,10.8667],[-0.0254,10.8701],[-0.0255,10.8745],[-0.026,10.8777],[-0.0251,10.8809],[-0.023,10.8837],[-0.0198,10.8873],[-0.0175,10.8919],[-0.0157,10.8959],[-0.0155,10.8993],[-0.0138,10.9021],[-0.0132,10.9071],[-0.0106,10.9117],[-0.008,10.9167],[-0.0078,10.9205],[-0.0108,10.9235],[-0.0102,10.9281],[-0.0114,10.9339],[-0.0122,10.9375],[-0.0115,10.9403],[-0.0114,10.9437],[-0.0086,10.9453],[-0.0072,10.9487],[-0.0071,10.9519],[-0.0057,10.9553],[-0.0058,10.9611],[-0.0041,10.9647],[-0.001,10.9653],[0.0049,10.9665],[0.0105,10.9685],[0.0249,10.9725],[0.0283,10.9793],[0.0305,10.9819],[0.0325,10.9863],[0.0327,10.9893],[0.0339,10.9927],[0.0331,10.9955],[0.0287,11.0035],[0.0271,11.0223],[0.0261,11.0355],[0.0251,11.0495],[0.0243,11.0581],[0.0243,11.0623],[0.0221,11.0653],[0.0191,11.0677],[0.0159,11.0707],[0.0129,11.0735],[0.0091,11.0769],[0.0067,11.0799],[0.0047,11.0825],[0.0029,11.0855],[0.0021,11.0897],[0.0017,11.0953],[-0.0014,11.0989],[-0.0049,11.1009],[-0.0044,11.1039],[-0.0051,11.1075],[-0.0089,11.1095],[-0.0134,11.1107],[-0.0169,11.1137],[-0.0206,11.1129],[-0.0249,11.1115],[-0.0288,11.1107],[-0.032,11.1095],[-0.0354,11.1073],[-0.0396,11.1049],[-0.0426,11.1023],[-0.0458,11.0995],[-0.0481,11.0961],[-0.0505,11.0927],[-0.053,11.0901],[-0.0545,11.0869],[-0.0575,11.0859],[-0.0606,11.0863],[-0.0645,11.0865],[-0.0676,11.0849],[-0.0708,11.0859],[-0.075,11.0853],[-0.0801,11.0845],[-0.0847,11.0861],[-0.088,11.0869],[-0.0909,11.0861],[-0.0946,11.0861],[-0.0976,11.0871],[-0.1001,11.0889],[-0.1025,11.0925],[-0.1056,11.0951],[-0.1099,11.0961],[-0.1129,11.0975],[-0.1159,11.0991],[-0.1197,11.1001],[-0.1217,11.1023],[-0.1248,11.1049],[-0.1294,11.1057],[-0.1336,11.1059],[-0.1386,11.1063],[-0.1425,11.1063],[-0.1426,11.1107],[-0.1435,11.1151],[-0.1435,11.1189],[-0.1422,11.1225],[-0.1401,11.1245],[-0.1368,11.1267],[-0.1342,11.1305],[-0.1345,11.1353],[-0.1361,11.1391],[-0.149,11.1419],[-0.1531,11.1429],[-0.1616,11.1471],[-0.1663,11.1483],[-0.1742,11.1503],[-0.1773,11.1513],[-0.1809,11.1521],[-0.1852,11.1531],[-0.1978,11.1567],[-0.2126,11.1601],[-0.2187,11.1597],[-0.2259,11.1633],[-0.2392,11.1665],[-0.2513,11.1695],[-0.2763,11.1747],[-0.2792,11.1727],[-0.282,11.1697],[-0.2837,11.1667],[-0.2844,11.1631],[-0.2845,11.1585],[-0.2846,11.1541],[-0.288,11.1517],[-0.2893,11.1491],[-0.2884,11.1461],[-0.2862,11.1441],[-0.2838,11.1425],[-0.2802,11.1411],[-0.2766,11.1399],[-0.2729,11.1387],[-0.2716,11.1347],[-0.2707,11.1321],[-0.2704,11.1289],[-0.2718,11.1261],[-0.2737,11.1235],[-0.2783,11.1231],[-0.2817,11.1219],[-0.2859,11.1213],[-0.2958,11.1187],[-0.2999,11.1191],[-0.3041,11.1189],[-0.3091,11.1159],[-0.3214,11.1149],[-0.3294,11.1097],[-0.3339,11.1083],[-0.3368,11.1063],[-0.3355,11.1005],[-0.3365,11.0967],[-0.3373,11.0927],[-0.3396,11.0883],[-0.3419,11.0859],[-0.3463,11.0845],[-0.3493,11.0845],[-0.3532,11.0843],[-0.3543,11.0815],[-0.3542,11.0777],[-0.3557,11.0719],[-0.3598,11.0701],[-0.3608,11.0737],[-0.3604,11.0775],[-0.3639,11.0799],[-0.3664,11.0815],[-0.3683,11.0837],[-0.3704,11.0865],[-0.3718,11.0901],[-0.3718,11.0945],[-0.3716,11.0995],[-0.3747,11.1035],[-0.3756,11.1077],[-0.3749,11.1109],[-0.375,11.1145],[-0.3745,11.1193],[-0.3734,11.1229],[-0.3776,11.1227],[-0.3817,11.1251],[-0.3849,11.1265],[-0.3875,11.1251],[-0.3915,11.1251],[-0.3969,11.1259],[-0.4025,11.1263],[-0.4059,11.1229],[-0.4103,11.1207],[-0.4161,11.1195],[-0.4203,11.1159],[-0.4232,11.1141],[-0.4268,11.1143],[-0.43,11.1085],[-0.4316,11.1021],[-0.4306,11.0957],[-0.4316,11.0909],[-0.4319,11.0869],[-0.4326,11.0835],[-0.4333,11.0803],[-0.434,11.0773],[-0.4383,11.0681],[-0.4398,11.0651],[-0.4383,11.0597],[-0.4374,11.0567],[-0.4363,11.0527],[-0.4367,11.0463],[-0.4384,11.0441],[-0.4341,11.0379],[-0.4356,11.0341],[-0.4383,11.0303],[-0.4415,11.0303],[-0.445,11.0301],[-0.45,11.0303],[-0.4544,11.0297],[-0.4603,11.0285],[-0.464,11.0305],[-0.4666,11.0317],[-0.4688,11.0335],[-0.4719,11.0341],[-0.4748,11.0353],[-0.4773,11.0331],[-0.4792,11.0309],[-0.4806,11.0265],[-0.4811,11.0227],[-0.4854,11.0215],[-0.4899,11.0213],[-0.4946,11.0203],[-0.497,11.0183],[-0.4999,11.0179],[-0.5021,11.0161],[-0.5011,11.0127],[-0.5017,11.0073],[-0.5015,11.0029],[-0.5045,10.9995],[-0.5086,10.9947],[-0.5106,10.9925],[-0.5127,10.9903],[-0.5171,10.9915],[-0.5229,10.9925],[-0.525,10.9957],[-0.5263,10.9987],[-0.5302,10.9995],[-0.5334,10.9975],[-0.5358,10.9939],[-0.5375,10.9903],[-0.5404,10.9875],[-0.5432,10.9849],[-0.5438,10.9815],[-0.5443,10.9765],[-0.5479,10.9777],[-0.5512,10.9797],[-0.5508,10.9831],[-0.5514,10.9873],[-0.5541,10.9905],[-0.5587,10.9897],[-0.5614,10.9911],[-0.5645,10.9927],[-0.5681,10.9909],[-0.5711,10.9863],[-0.5728,10.9833],[-0.574,10.9795],[-0.5755,10.9763],[-0.5779,10.9741],[-0.5794,10.9717],[-0.5797,10.9687],[-0.5813,10.9641],[-0.5853,10.9617],[-0.5861,10.9583],[-0.5865,10.9529],[-0.5874,10.9479],[-0.5866,10.9437],[-0.588,10.9385],[-0.5913,10.9353],[-0.593,10.9317],[-0.5936,10.9285],[-0.5932,10.9247],[-0.5968,10.9223],[-0.6018,10.9199],[-0.6055,10.9169],[-0.6094,10.9151],[-0.613,10.9127],[-0.6162,10.9123],[-0.6184,10.9099],[-0.6196,10.9135],[-0.6196,10.9181],[-0.622,10.9221],[-0.6228,10.9267],[-0.6237,10.9297],[-0.624,10.9331],[-0.6245,10.9361],[-0.6267,10.9395],[-0.6298,10.9415],[-0.6327,10.9413],[-0.6361,10.9423],[-0.6389,10.9441],[-0.6419,10.9465],[-0.6482,10.9507],[-0.6455,10.9537],[-0.6463,10.9567],[-0.6491,10.9587],[-0.6515,10.9609],[-0.653,10.9635],[-0.6565,10.9629],[-0.6594,10.9585],[-0.663,10.9565],[-0.6668,10.9575],[-0.6708,10.9587],[-0.6712,10.9619],[-0.6696,10.9651],[-0.6677,10.9685],[-0.6659,10.9713],[-0.6637,10.9745],[-0.6607,10.9755],[-0.6578,10.9749],[-0.6548,10.9777],[-0.6525,10.9825],[-0.6537,10.9871],[-0.6599,10.9889],[-0.665,10.9885],[-0.6684,10.9889],[-0.6721,10.9897],[-0.6754,10.9853],[-0.6776,10.9829],[-0.6816,10.9835],[-0.6851,10.9853],[-0.6863,10.9895],[-0.6859,10.9941],[-0.6847,10.9975],[-0.6891,10.9985],[-0.6939,10.9985],[-0.6973,10.9983],[-0.7027,10.9983],[-0.7072,10.9981],[-0.7105,10.9981],[-0.7149,10.9981],[-0.7202,10.9979],[-0.7243,10.9977],[-0.7318,10.9977],[-0.7349,10.9975],[-0.7407,10.9973],[-0.7459,10.9973],[-0.7501,10.9973],[-0.7542,10.9975],[-0.7581,10.9973],[-0.7624,10.9973],[-0.7658,10.9975],[-0.7763,10.9977],[-0.7795,10.9977],[-0.7871,10.9977],[-0.7927,10.9979],[-0.7972,10.9979],[-0.8009,10.9979],[-0.8062,10.9987],[-0.8076,11.0045],[-0.8111,11.0061],[-0.8154,11.0061],[-0.8193,11.0065],[-0.8236,11.0065],[-0.8272,11.0065],[-0.8277,11.0033],[-0.8283,10.9991],[-0.8314,10.9985],[-0.8368,10.9985],[-0.8443,10.9985],[-0.8487,10.9985],[-0.8536,10.9985],[-0.8589,10.9915],[-0.8608,10.9883],[-0.8626,10.9849],[-0.8649,10.9803],[-0.8662,10.9769],[-0.8681,10.9731],[-0.8707,10.9667],[-0.8767,10.9657],[-0.8823,10.9649],[-0.8864,10.9641],[-0.8906,10.9641],[-0.8888,10.9677],[-0.8881,10.9709],[-0.8885,10.9761],[-0.8893,10.9807],[-0.8986,10.9817],[-0.9112,10.9801],[-0.9166,10.9803],[-0.9166,10.9859],[-0.9166,10.9911],[-0.9165,10.9943],[-0.9164,10.9993],[-0.9165,11.0023],[-0.9214,11.0023],[-0.9253,11.0023],[-0.9294,11.0025],[-0.9352,11.0025],[-0.9391,11.0025],[-0.9435,11.0025],[-0.947,11.0025],[-0.9521,11.0025],[-0.9571,11.0019],[-0.9614,11.0013],[-0.9679,10.9999],[-0.9727,10.9989],[-0.9769,10.9985],[-0.9815,10.9983],[-0.9872,10.9983],[-0.9925,10.9981],[-1.0001,10.9979],[-1.0002,11.0033],[-1.0003,11.0079],[-1.0069,11.0081],[-1.0158,11.0079],[-1.0354,11.0065],[-1.0504,11.0053],[-1.0548,11.0051],[-1.0639,11.0051],[-1.0719,11.0051],[-1.0802,11.0049],[-1.0833,11.0049],[-1.0864,11.0047],[-1.0902,11.0045],[-1.1148,11.0039],[-1.1146,10.9859],[-1.1191,10.9859],[-1.1352,10.9869],[-1.1386,10.9871],[-1.1469,10.9875],[-1.1538,10.9873],[-1.1578,10.9887],[-1.1671,10.9889],[-1.1757,10.9891],[-1.1809,10.9877],[-1.1839,10.9893],[-1.1881,10.9893],[-1.2058,10.9897],[-1.2505,10.9903],[-1.2567,10.9903],[-1.2649,10.9903],[-1.277,10.9911],[-1.3014,10.9903],[-1.3058,10.9901],[-1.3145,10.9895],[-1.321,10.9897],[-1.3278,10.9893],[-1.3375,10.9885],[-1.3543,10.9889],[-1.3715,10.9883],[-1.3747,10.9873],[-1.3778,10.9865],[-1.3805,10.9873],[-1.3844,10.9889],[-1.3885,10.9895],[-1.3925,10.9897],[-1.3963,10.9909],[-1.3994,10.9939],[-1.4027,10.9971],[-1.4052,10.9993],[-1.4079,11.0017],[-1.4107,11.0051],[-1.4228,11.0203],[-1.4228,11.0167],[-1.4256,11.0145],[-1.4285,11.0125],[-1.4283,11.0065],[-1.428,11.0015],[-1.4281,10.9987],[-1.4307,10.9953],[-1.4343,10.9933],[-1.4381,10.9897],[-1.4402,10.9855],[-1.4415,10.9825],[-1.4416,10.9795],[-1.4423,10.9765],[-1.4445,10.9741],[-1.4451,10.9703],[-1.4466,10.9663],[-1.4478,10.9637],[-1.4473,10.9603],[-1.4474,10.9561],[-1.4458,10.9535],[-1.4444,10.9503],[-1.4456,10.9455],[-1.4464,10.9419],[-1.4464,10.9385],[-1.4471,10.9353],[-1.448,10.9307],[-1.4495,10.9267],[-1.4504,10.9235],[-1.4518,10.9197],[-1.4543,10.9163],[-1.4547,10.9115],[-1.452,10.9081],[-1.4533,10.9033],[-1.4532,10.8993],[-1.4527,10.8955],[-1.4525,10.8889],[-1.4541,10.8849],[-1.4558,10.8817],[-1.4582,10.8797],[-1.4577,10.8765],[-1.4546,10.8723],[-1.4543,10.8671],[-1.4564,10.8621],[-1.4572,10.8583],[-1.4575,10.8551],[-1.4588,10.8501],[-1.4628,10.8491],[-1.4637,10.8461],[-1.467,10.8445],[-1.4704,10.8445],[-1.4729,10.8429],[-1.476,10.8407],[-1.4775,10.8375],[-1.4781,10.8327],[-1.4824,10.8317],[-1.4876,10.8321],[-1.4921,10.8325],[-1.4941,10.8285],[-1.4956,10.8237],[-1.4984,10.8191],[-1.4999,10.8159],[-1.4995,10.8129],[-1.4967,10.8109],[-1.4929,10.8081],[-1.4921,10.8039],[-1.4931,10.8007],[-1.4937,10.7965],[-1.4948,10.7929],[-1.4959,10.7897],[-1.498,10.7857],[-1.5002,10.7823],[-1.5038,10.7801],[-1.5069,10.7793],[-1.5111,10.7791],[-1.5155,10.7783],[-1.5194,10.7779],[-1.5233,10.7769],[-1.5263,10.7721],[-1.5276,10.7683],[-1.5283,10.7651],[-1.5261,10.7615],[-1.5277,10.7575],[-1.5298,10.7523],[-1.5327,10.7491],[-1.5371,10.7483],[-1.5434,10.7495],[-1.5475,10.7503],[-1.5511,10.7503],[-1.5548,10.7479],[-1.5577,10.7451],[-1.559,10.7417],[-1.5613,10.7371],[-1.5611,10.7333],[-1.5615,10.7293],[-1.5646,10.7259],[-1.5673,10.7227],[-1.5674,10.7185],[-1.567,10.7147],[-1.5673,10.7117],[-1.5686,10.7059],[-1.5684,10.7017],[-1.5689,10.6979],[-1.5695,10.6949],[-1.5712,10.6909],[-1.5716,10.6861],[-1.5723,10.6821],[-1.5728,10.6787],[-1.5725,10.6755],[-1.5732,10.6717],[-1.5734,10.6685],[-1.5724,10.6651],[-1.5712,10.6623],[-1.5712,10.6593],[-1.5709,10.6553],[-1.5699,10.6513],[-1.5685,10.6469],[-1.5678,10.6433],[-1.568,10.6367],[-1.5674,10.6317],[-1.567,10.6271],[-1.566,10.6229],[-1.5656,10.6189],[-1.5659,10.6143],[-1.5661,10.6103],[-1.567,10.6055],[-1.5667,10.6015],[-1.5649,10.5979],[-1.5612,10.5961],[-1.5586,10.5945],[-1.5571,10.5919],[-1.5565,10.5891],[-1.5533,10.5867],[-1.5501,10.5877],[-1.5461,10.5879],[-1.5421,10.5879],[-1.5387,10.5879],[-1.5343,10.5881],[-1.5304,10.5893],[-1.5265,10.5881],[-1.5219,10.5843],[-1.5185,10.5807],[-1.5165,10.5777],[-1.5167,10.5737],[-1.5192,10.5675],[-1.5185,10.5629],[-1.5149,10.5613],[-1.5094,10.5601],[-1.5057,10.5605],[-1.5021,10.5575],[-1.4992,10.5541],[-1.4951,10.5523],[-1.4909,10.5507],[-1.4883,10.5481],[-1.4878,10.5445],[-1.4873,10.5397],[-1.484,10.5379],[-1.4811,10.5373],[-1.4757,10.5365],[-1.4699,10.5369],[-1.4638,10.5367],[-1.4603,10.5345],[-1.4558,10.5313],[-1.4526,10.5271],[-1.45,10.5235],[-1.4488,10.5181],[-1.4508,10.5143],[-1.4553,10.5123],[-1.4594,10.5111],[-1.4628,10.5075],[-1.4616,10.5029],[-1.4596,10.4987],[-1.4627,10.4935],[-1.4652,10.4905],[-1.4669,10.4875],[-1.4639,10.4851],[-1.4615,10.4831],[-1.4598,10.4805],[-1.4571,10.4787],[-1.4542,10.4791],[-1.45,10.4791],[-1.4478,10.4747],[-1.4471,10.4699],[-1.4426,10.4689],[-1.4375,10.4689],[-1.4334,10.4671],[-1.4291,10.4641],[-1.4243,10.4665],[-1.4178,10.4677],[-1.4143,10.4731],[-1.4118,10.4769],[-1.4091,10.4795],[-1.4055,10.4827],[-1.4016,10.4845],[-1.3986,10.4821],[-1.3967,10.4795],[-1.394,10.4767],[-1.3888,10.4737],[-1.3839,10.4707],[-1.3803,10.4683],[-1.3771,10.4663],[-1.3742,10.4629],[-1.3742,10.4587],[-1.3788,10.4567],[-1.3777,10.4529],[-1.3739,10.4499],[-1.3704,10.4471],[-1.3686,10.4445],[-1.3664,10.4421],[-1.3636,10.4391],[-1.3626,10.4359],[-1.3634,10.4327],[-1.3645,10.4299],[-1.3678,10.4277],[-1.3714,10.4265],[-1.3704,10.4237],[-1.3662,10.4235],[-1.3641,10.4209],[-1.365,10.4181],[-1.3662,10.4153],[-1.3689,10.4119],[-1.3719,10.4093],[-1.3736,10.4057],[-1.3767,10.4055],[-1.3843,10.4047],[-1.3841,10.4005],[-1.3835,10.3975],[-1.3818,10.3931],[-1.3792,10.3891],[-1.3759,10.3857],[-1.3732,10.3821],[-1.369,10.3803],[-1.364,10.3781],[-1.3603,10.3773],[-1.3567,10.3771],[-1.3534,10.3757],[-1.3512,10.3735],[-1.3491,10.3713],[-1.3473,10.3685],[-1.3449,10.3643],[-1.3444,10.3599],[-1.3449,10.3557],[-1.3446,10.3511],[-1.3478,10.3483],[-1.3437,10.3463],[-1.3418,10.3439],[-1.3391,10.3471],[-1.3349,10.3467],[-1.3314,10.3435],[-1.3286,10.3417],[-1.3245,10.3393],[-1.3236,10.3359],[-1.3255,10.3325],[-1.3212,10.3309],[-1.3162,10.3311],[-1.3134,10.3293],[-1.3087,10.3275],[-1.3045,10.3271],[-1.3001,10.3259],[-1.296,10.3247],[-1.2915,10.3261],[-1.2882,10.3251],[-1.2852,10.3223],[-1.2796,10.3219],[-1.2727,10.3221],[-1.2728,10.3257],[-1.2696,10.3259],[-1.2683,10.3227],[-1.2692,10.3193],[-1.2712,10.3155],[-1.2692,10.3115],[-1.2661,10.3109],[-1.2638,10.3091],[-1.262,10.3059],[-1.2585,10.3035],[-1.2553,10.3003],[-1.2548,10.2959],[-1.2569,10.2937],[-1.2569,10.2905],[-1.2556,10.2873],[-1.2547,10.2827],[-1.2536,10.2781],[-1.25,10.2785],[-1.2458,10.2815],[-1.242,10.2801],[-1.2403,10.2853],[-1.2358,10.2867],[-1.2316,10.2855],[-1.2289,10.2885],[-1.2314,10.2919],[-1.2274,10.2945],[-1.2231,10.2961],[-1.2231,10.2997],[-1.2232,10.3033],[-1.2176,10.3083],[-1.214,10.3151],[-1.2126,10.3193],[-1.2111,10.3241],[-1.2104,10.3297],[-1.2115,10.3355],[-1.214,10.3443],[-1.2177,10.3501],[-1.2221,10.3549],[-1.2265,10.3609],[-1.2321,10.3671],[-1.2342,10.3753],[-1.2345,10.3799],[-1.2329,10.3841],[-1.232,10.3871],[-1.2285,10.3903],[-1.2182,10.3941],[-1.2118,10.3965],[-1.2004,10.4011],[-1.1922,10.4041],[-1.1888,10.4053],[-1.1794,10.4083],[-1.1743,10.4099],[-1.1656,10.4127],[-1.161,10.4193],[-1.1499,10.4353],[-1.1471,10.4391],[-1.1371,10.4515],[-1.1324,10.4589],[-1.1278,10.4625],[-1.123,10.4663],[-1.1168,10.4709],[-1.1103,10.4761],[-1.1002,10.4809],[-1.0965,10.4833],[-1.0913,10.4845],[-1.0886,10.4853],[-1.0791,10.4877],[-1.0748,10.4893],[-1.0708,10.4911],[-1.068,10.4957],[-1.0655,10.4979],[-1.0618,10.4977],[-1.0569,10.4981],[-1.0528,10.5017],[-1.0511,10.5077],[-1.0498,10.5105],[-1.0463,10.5123],[-1.0431,10.5147],[-1.0409,10.5209],[-1.0359,10.5231],[-1.0335,10.5267],[-1.0306,10.5289],[-1.0261,10.5299],[-1.023,10.5319],[-1.0193,10.5339],[-1.015,10.5353],[-1.0113,10.5371],[-1.0084,10.5381],[-1.0052,10.5377],[-1.0016,10.5365],[-0.9986,10.5353],[-0.995,10.5349],[-0.991,10.5351],[-0.9871,10.5339],[-0.9837,10.5329],[-0.9793,10.5323],[-0.9764,10.5335],[-0.972,10.5351],[-0.967,10.5369],[-0.9634,10.5351],[-0.9615,10.5315],[-0.9585,10.5289],[-0.9547,10.5293],[-0.9521,10.5317],[-0.9485,10.5337],[-0.9449,10.5317],[-0.9414,10.5291],[-0.9369,10.5275],[-0.9337,10.5255],[-0.9306,10.5247],[-0.927,10.5251],[-0.9213,10.5267],[-0.9168,10.5281],[-0.9135,10.5281],[-0.911,10.5263],[-0.9092,10.5233],[-0.9089,10.5191],[-0.911,10.5163],[-0.9132,10.5133],[-0.9143,10.5099],[-0.9167,10.5063],[-0.9199,10.5017],[-0.9236,10.4987],[-0.9262,10.4969],[-0.9284,10.4941],[-0.9309,10.4913],[-0.9334,10.4885],[-0.9348,10.4859],[-0.9344,10.4829],[-0.9323,10.4807],[-0.928,10.4803],[-0.9234,10.4823],[-0.9196,10.4859],[-0.9176,10.4885],[-0.9165,10.4911],[-0.9146,10.4951],[-0.912,10.4989],[-0.9095,10.5013],[-0.9065,10.5041],[-0.9027,10.5067],[-0.9008,10.5103],[-0.898,10.5135],[-0.8951,10.5155],[-0.8916,10.5179],[-0.9085,10.5611],[-0.9092,10.5759],[-0.8824,10.5913],[-0.8792,10.5931],[-0.8748,10.5947],[-0.8704,10.5929],[-0.865,10.5923],[-0.8611,10.5917],[-0.8585,10.5895],[-0.8567,10.5859],[-0.8549,10.5817],[-0.8517,10.5795],[-0.8481,10.5789],[-0.8456,10.5763],[-0.8423,10.5763],[-0.8415,10.5805],[-0.8418,10.5843],[-0.8411,10.5889],[-0.8399,10.5937],[-0.8396,10.5971],[-0.8384,10.6005],[-0.8344,10.6013],[-0.8306,10.6005],[-0.8274,10.5999],[-0.824,10.6009],[-0.8191,10.6037],[-0.8142,10.6079],[-0.8109,10.6107],[-0.8077,10.6129],[-0.805,10.6149],[-0.8016,10.6179],[-0.7979,10.6197],[-0.7959,10.6235],[-0.7964,10.6279],[-0.7965,10.6333],[-0.7969,10.6389],[-0.7969,10.6453],[-0.7938,10.6509],[-0.7888,10.6525],[-0.7834,10.6519],[-0.7782,10.6523],[-0.773,10.6505],[-0.7686,10.6463],[-0.7651,10.6435],[-0.7611,10.6417],[-0.7582,10.6407],[-0.7547,10.6405],[-0.7522,10.6421],[-0.7498,10.6443],[-0.7468,10.6459],[-0.7437,10.6467],[-0.7403,10.6485],[-0.7376,10.6495],[-0.7349,10.6505],[-0.7317,10.6511],[-0.7275,10.6517],[-0.7227,10.6507],[-0.7199,10.6481],[-0.7174,10.6451],[-0.7148,10.6431],[-0.7119,10.6411],[-0.7102,10.6369],[-0.7096,10.6329],[-0.7091,10.6295],[-0.7078,10.6257],[-0.7063,10.6207],[-0.708,10.6177],[-0.7122,10.6155],[-0.7157,10.6159],[-0.7184,10.6145],[-0.7191,10.6109],[-0.7188,10.6081],[-0.7171,10.6045],[-0.7137,10.6007],[-0.7109,10.5991],[-0.7069,10.5983],[-0.7035,10.5969],[-0.7,10.5945],[-0.6967,10.5919],[-0.6936,10.5885],[-0.6921,10.5835],[-0.6908,10.5795],[-0.6894,10.5765],[-0.6879,10.5735],[-0.6863,10.5701],[-0.6863,10.5655],[-0.6896,10.5609],[-0.6928,10.5579],[-0.6959,10.5549],[-0.6986,10.5523],[-0.7009,10.5503],[-0.7028,10.5477],[-0.7051,10.5441],[-0.709,10.5415],[-0.7122,10.5397],[-0.7147,10.5377],[-0.716,10.5345],[-0.7156,10.5299],[-0.7128,10.5261],[-0.7085,10.5235],[-0.7045,10.5239],[-0.7024,10.5279],[-0.7022,10.5311],[-0.7011,10.5343],[-0.6988,10.5367],[-0.6966,10.5389],[-0.6934,10.5417],[-0.6902,10.5427],[-0.6873,10.5411],[-0.6862,10.5373],[-0.6861,10.5343],[-0.6856,10.5311],[-0.6836,10.5283],[-0.6805,10.5261],[-0.6769,10.5255],[-0.6726,10.5255],[-0.6672,10.5259],[-0.6652,10.5293],[-0.6637,10.5321],[-0.6625,10.5357],[-0.6607,10.5391],[-0.6584,10.5413],[-0.6566,10.5441],[-0.6551,10.5469],[-0.6531,10.5495],[-0.6501,10.5517],[-0.6473,10.5533],[-0.644,10.5547],[-0.6401,10.5557],[-0.6372,10.5555],[-0.6335,10.5543],[-0.6296,10.5529],[-0.6262,10.5535],[-0.6233,10.5543],[-0.6182,10.5555],[-0.6132,10.5537],[-0.6092,10.5533],[-0.6043,10.5517],[-0.5996,10.5481],[-0.5956,10.5467],[-0.5917,10.5467],[-0.587,10.5487],[-0.5823,10.5485],[-0.5775,10.5507],[-0.5755,10.5543],[-0.5735,10.5573],[-0.5718,10.5601],[-0.5685,10.5639],[-0.5649,10.5671],[-0.5625,10.5685],[-0.5591,10.5707],[-0.5544,10.5717],[-0.5505,10.5711],[-0.5478,10.5703],[-0.5449,10.5685],[-0.5424,10.5663],[-0.5396,10.5649],[-0.5367,10.5635],[-0.5335,10.5617],[-0.5296,10.5595],[-0.5264,10.5581],[-0.5232,10.5581],[-0.5196,10.5599],[-0.5153,10.5613],[-0.5111,10.5641],[-0.5084,10.5677],[-0.5082,10.5719],[-0.5087,10.5771],[-0.5084,10.5811],[-0.5083,10.5855],[-0.5082,10.5885],[-0.5078,10.5917],[-0.5066,10.5959],[-0.5053,10.6009],[-0.5062,10.6047],[-0.507,10.6075],[-0.506,10.6107],[-0.5044,10.6137],[-0.5028,10.6173],[-0.5016,10.6205],[-0.4992,10.6233],[-0.4961,10.6243],[-0.4927,10.6241],[-0.4895,10.6233],[-0.4851,10.6223],[-0.4815,10.6213],[-0.4784,10.6197],[-0.4743,10.6191],[-0.4691,10.6183],[-0.4657,10.6153],[-0.4637,10.6119],[-0.462,10.6089],[-0.4581,10.6059],[-0.4547,10.6037],[-0.4524,10.6017],[-0.4494,10.6013],[-0.4461,10.6011],[-0.4431,10.5999],[-0.4394,10.6013],[-0.4358,10.6027],[-0.4316,10.6033],[-0.427,10.6037],[-0.4232,10.6037],[-0.4179,10.6033],[-0.4129,10.6041],[-0.4083,10.6055],[-0.4041,10.6069],[-0.401,10.6073],[-0.3969,10.6081],[-0.3928,10.6095],[-0.3886,10.6109],[-0.3848,10.6129],[-0.3818,10.6145],[-0.379,10.6175],[-0.3769,10.6195],[-0.374,10.6217],[-0.3687,10.6243],[-0.3651,10.6253],[-0.3606,10.6259],[-0.3554,10.6255],[-0.3519,10.6235],[-0.3496,10.6211],[-0.3474,10.6193],[-0.3447,10.6197],[-0.3416,10.6205],[-0.3387,10.6201],[-0.3355,10.6213],[-0.3329,10.6243],[-0.33,10.6243],[-0.3261,10.6247],[-0.3228,10.6221],[-0.3196,10.6225],[-0.3151,10.6225],[-0.3122,10.6229],[-0.3097,10.6249],[-0.3061,10.6281],[-0.3023,10.6297],[-0.3001,10.6331],[-0.297,10.6327],[-0.2947,10.6353],[-0.2912,10.6365],[-0.2873,10.6375],[-0.2849,10.6353],[-0.2824,10.6383],[-0.2785,10.6391],[-0.2752,10.6375],[-0.2717,10.6377],[-0.2692,10.6347],[-0.2647,10.6331],[-0.2604,10.6323],[-0.2596,10.6355],[-0.2577,10.6383],[-0.255,10.6399],[-0.2513,10.6421],[-0.2466,10.6433],[-0.2434,10.6441],[-0.2401,10.6463],[-0.2356,10.6489],[-0.2336,10.6521],[-0.2306,10.6551],[-0.2254,10.6557],[-0.2224,10.6571],[-0.2196,10.6575],[-0.2152,10.6561],[-0.2119,10.6575],[-0.2083,10.6573],[-0.2046,10.6583],[-0.201,10.6603],[-0.1973,10.6629],[-0.193,10.6645],[-0.1894,10.6665],[-0.187,10.6683],[-0.1834,10.6695],[-0.1805,10.6693],[-0.1778,10.6681],[-0.1749,10.6707],[-0.1707,10.6709],[-0.1642,10.6711],[-0.1609,10.6733],[-0.1562,10.6717],[-0.1518,10.6729],[-0.1491,10.6755],[-0.1452,10.6787],[-0.1418,10.6811],[-0.1386,10.6827],[-0.1323,10.6847],[-0.1269,10.6861],[-0.1229,10.6867],[-0.1203,10.6899],[-0.1165,10.6927],[-0.1122,10.6943],[-0.1099,10.6971],[-0.1081,10.7015],[-0.1041,10.7043],[-0.1005,10.7061],[-0.0976,10.7079],[-0.0945,10.7097],[-0.0909,10.7103]]]},"properties":{"adm1_pcode":"GH12","adm1_name":"Upper East","center_lat":10.7276001,"center_lon":-0.81858645}},
{"type":"Feature","geometry":{"type":"Polygon","coordinates":[[[-1.4334,10.4671],[-1.4375,10.4689],[-1.4426,10.4689],[-1.4471,10.4699],[-1.4478,10.4747],[-1.45,10.4791],[-1.4542,10.4791],[-1.4571,10.4787],[-1.4598,10.4805],[-1.4615,10.4831],[-1.4639,10.4851],[-1.4669,10.4875],[-1.4652,10.4905],[-1.4627,10.4935],[-1.4596,10.4987],[-1.4616,10.5029],[-1.4628,10.5075],[-1.4594,10.5111],[-1.4553,10.5123],[-1.4508,10.5143],[-1.4488,10.5181],[-1.45,10.5235],[-1.4526,10.5271],[-1.4558,10.5313],[-1.4603,10.5345],[-1.4638,10.5367],[-1.4699,10.5369],[-1.4757,10.5365],[-1.4811,10.5373],[-1.484,10.5379],[-1.4873,10.5397],[-1.4878,10.5445],[-1.4883,10.5481],[-1.4909,10.5507],[-1.4951,10.5523],[-1.4992,10.5541],[-1.5021,10.5575],[-1.5057,10.5605],[-1.5094,10.5601],[-1.5149,10.5613],[-1.5185,10.5629],[-1.5192,10.5675],[-1.5167,10.5737],[-1.5165,10.5777],[-1.5185,10.5807],[-1.5219,10.5843],[-1.5265,10.5881],[-1.5304,10.5893],[-1.5343,10.5881],[-1.5387,10.5879],[-1.5421,10.5879],[-1.5461,10.5879],[-1.5501,10.5877],[-1.5533,10.5867],[-1.5565,10.5891],[-1.5571,10.5919],[-1.5586,10.5945],[-1.5612,10.5961],[-1.5649,10.5979],[-1.5667,10.6015],[-1.567,10.6055],[-1.5661,10.6103],[-1.5659,10.6143],[-1.5656,10.6189],[-1.566,10.6229],[-1.567,10.6271],[-1.5674,10.6317],[-1.568,10.6367],[-1.5678,10.6433],[-1.5685,10.6469],[-1.5699,10.6513],[-1.5709,10.6553],[-1.5712,10.6593],[-1.5712,10.6623],[-1.5724,10.6651],[-1.5734,10.6685],[-1.5732,10.6717],[-1.5725,10.6755],[-1.5728,10.6787],[-1.5723,10.6821],[-1.5716,10.6861],[-1.5712,10.6909],[-1.5695,10.6949],[-1.5689,10.6979],[-1.5684,10.7017],[-1.5686,10.7059],[-1.5673,10.7117],[-1.567,10.7147],[-1.5674,10.7185],[-1.5673,10.7227],[-1.5646,10.7259],[-1.5615,10.7293],[-1.5611,10.7333],[-1.5613,10.7371],[-1.559,10.7417],[-1.5577,10.7451],[-1.5548,10.7479],[-1.5511,10.7503],[-1.5475,10.7503],[-1.5434,10.7495],[-1.5371,10.7483],[-1.5327,10.7491],[-1.5298,10.7523],[-1.5277,10.7575],[-1.5261,10.7615],[-1.5283,10.7651],[-1.5276,10.7683],[-1.5263,10.7721],[-1.5233,10.7769],[-1.5194,10.7779],[-1.5155,10.7783],[-1.5111,10.7791],[-1.5069,10.7793],[-1.5038,10.7801],[-1.5002,10.7823],[-1.498,10.7857],[-1.4959,10.7897],[-1.4948,10.7929],[-1.4937,10.7965],[-1.4931,10.8007],[-1.4921,10.8039],[-1.4929,10.8081],[-1.4967,10.8109],[-1.4995,10.8129],[-1.4999,10.8159],[-1.4984,10.8191],[-1.4956,10.8237],[-1.4941,10.8285],[-1.4921,10.8325],[-1.4876,10.8321],[-1.4824,10.8317],[-1.4781,10.8327],[-1.4775,10.8375],[-1.476,10.8407],[-1.4729,10.8429],[-1.4704,10.8445],[-1.467,10.8445],[-1.4637,10.8461],[-1.4628,10.8491],[-1.4588,10.8501],[-1.4575,10.8551],[-1.4572,10.8583],[-1.4564,10.8621],[-1.4543,10.8671],[-1.4546,10.8723],[-1.4577,10.8765],[-1.4582,10.8797],[-1.4558,10.8817],[-1.4541,10.8849],[-1.4525,10.8889],[-1.4527,10.8955],[-1.4532,10.8993],[-1.4533,10.9033],[-1.452,10.9081],[-1.4547,10.9115],[-1.4543,10.9163],[-1.4518,10.9197],[-1.4504,10.9235],[-1.4495,10.9267],[-1.448,10.9307],[-1.4471,10.9353],[-1.4464,10.9385],[-1.4464,10.9419],[-1.4456,10.9455],[-1.4444,10.9503],[-1.4458,10.9535],[-1.4474,10.9561],[-1.4473,10.9603],[-1.4478,10.9637],[-1.4466,10.9663],[-1.4451,10.9703],[-1.4445,10.9741],[-1.4423,10.9765],[-1.4416,10.9795],[-1.4415,10.9825],[-1.4402,10.9855],[-1.4381,10.9897],[-1.4343,10.9933],[-1.4307,10.9953],[-1.4281,10.9987],[-1.428,11.0015],[-1.4283,11.0065],[-1.4285,11.0125],[-1.5441,11.0103],[-1.5458,11.0403],[-1.7445,11.0381],[-1.7434,11.0081],[-1.8563,11.0061],[-2.0063,11.0041],[-2.0352,11.0113],[-2.058,11.0175],[-2.0828,11.0147],[-2.1184,11.0143],[-2.172,11.0187],[-2.1866,11.0193],[-2.2202,11.0207],[-2.2502,11.0181],[-2.2724,11.0169],[-2.3001,11.0111],[-2.3153,11.0103],[-2.3368,11.0087],[-2.3505,11.0083],[-2.3602,11.0081],[-2.3776,11.0089],[-2.4104,11.0165],[-2.4522,11.0233],[-2.4977,11.0183],[-2.5377,11.0183],[-2.5554,11.0181],[-2.5829,11.0217],[-2.6189,11.0205],[-2.6229,11.0195],[-2.6267,11.0193],[-2.6325,11.0193],[-2.6374,11.0193],[-2.6531,11.0193],[-2.6803,11.0193],[-2.6839,11.0195],[-2.7245,11.0195],[-2.7396,11.0195],[-2.751,11.0193],[-2.755,11.0193],[-2.7585,11.0189],[-2.7624,11.0169],[-2.7645,11.0149],[-2.7676,11.0125],[-2.7688,11.0085],[-2.7679,11.0043],[-2.7718,11.0047],[-2.7775,11.0045],[-2.7819,11.0045],[-2.7868,11.0043],[-2.8059,11.0039],[-2.8118,11.0037],[-2.8167,11.0037],[-2.8271,11.0041],[-2.8307,11.0041],[-2.834,11.0041],[-2.8344,10.9997],[-2.8352,10.9939],[-2.8358,10.9901],[-2.8366,10.9869],[-2.8372,10.9837],[-2.8379,10.9801],[-2.8391,10.9765],[-2.8404,10.9723],[-2.8406,10.9685],[-2.8395,10.9643],[-2.8377,10.9605],[-2.8338,10.9569],[-2.8297,10.9545],[-2.8272,10.9521],[-2.825,10.9499],[-2.8225,10.9473],[-2.8203,10.9435],[-2.8183,10.9395],[-2.8178,10.9363],[-2.8175,10.9335],[-2.817,10.9305],[-2.817,10.9267],[-2.8178,10.9227],[-2.8196,10.9193],[-2.822,10.9163],[-2.8239,10.9135],[-2.8263,10.9101],[-2.8283,10.9077],[-2.8305,10.9035],[-2.8333,10.8983],[-2.8354,10.8955],[-2.8387,10.8925],[-2.8449,10.8915],[-2.8507,10.8909],[-2.8551,10.8913],[-2.86,10.8903],[-2.8636,10.8875],[-2.8651,10.8847],[-2.8658,10.8817],[-2.8662,10.8783],[-2.8661,10.8725],[-2.8641,10.8685],[-2.8634,10.8647],[-2.8634,10.8605],[-2.8637,10.8575],[-2.865,10.8541],[-2.8662,10.8511],[-2.8686,10.8471],[-2.8709,10.8445],[-2.873,10.8421],[-2.8754,10.8387],[-2.8775,10.8353],[-2.8787,10.8327],[-2.8799,10.8287],[-2.8797,10.8255],[-2.88,10.8211],[-2.8797,10.8149],[-2.8798,10.8109],[-2.8805,10.8063],[-2.8826,10.8005],[-2.8849,10.7959],[-2.8872,10.7909],[-2.889,10.7871],[-2.8911,10.7823],[-2.892,10.7771],[-2.8943,10.7719],[-2.8944,10.7667],[-2.8939,10.7631],[-2.8978,10.7617],[-2.8994,10.7581],[-2.9024,10.7549],[-2.9061,10.7499],[-2.9089,10.7471],[-2.9112,10.7445],[-2.9135,10.7419],[-2.9164,10.7389],[-2.9184,10.7367],[-2.924,10.7321],[-2.9269,10.7303],[-2.9301,10.7283],[-2.933,10.7261],[-2.937,10.7233],[-2.9386,10.7187],[-2.9397,10.7135],[-2.9394,10.7091],[-2.9359,10.7079],[-2.9327,10.7059],[-2.9291,10.7045],[-2.9249,10.7043],[-2.9215,10.7037],[-2.9182,10.7029],[-2.9144,10.7015],[-2.9104,10.6995],[-2.9085,10.6955],[-2.907,10.6927],[-2.9059,10.6901],[-2.9056,10.6863],[-2.9076,10.6815],[-2.9099,10.6781],[-2.9109,10.6753],[-2.9106,10.6723],[-2.9119,10.6695],[-2.9139,10.6665],[-2.9156,10.6639],[-2.9185,10.6613],[-2.9221,10.6589],[-2.9258,10.6557],[-2.93,10.6531],[-2.9321,10.6505],[-2.9339,10.6477],[-2.9358,10.6453],[-2.9381,10.6413],[-2.9402,10.6373],[-2.941,10.6329],[-2.9408,10.6287],[-2.9397,10.6251],[-2.94,10.6209],[-2.941,10.6171],[-2.9403,10.6133],[-2.938,10.6109],[-2.935,10.6089],[-2.9334,10.6049],[-2.9318,10.6023],[-2.9286,10.6003],[-2.9256,10.5975],[-2.9233,10.5927],[-2.9225,10.5881],[-2.9193,10.5831],[-2.917,10.5791],[-2.9157,10.5765],[-2.9143,10.5739],[-2.913,10.5703],[-2.9118,10.5657],[-2.9096,10.5617],[-2.9073,10.5593],[-2.905,10.5565],[-2.9034,10.5541],[-2.9016,10.5509],[-2.9005,10.5479],[-2.899,10.5443],[-2.898,10.5405],[-2.8982,10.5375],[-2.8991,10.5337],[-2.9004,10.5297],[-2.8997,10.5259],[-2.8985,10.5219],[-2.8967,10.5181],[-2.8953,10.5151],[-2.8918,10.5121],[-2.8896,10.5083],[-2.8882,10.5057],[-2.8857,10.5041],[-2.8827,10.5027],[-2.8799,10.5005],[-2.8783,10.4975],[-2.8767,10.4947],[-2.875,10.4919],[-2.8737,10.4883],[-2.873,10.4855],[-2.8714,10.4817],[-2.8713,10.4777],[-2.8717,10.4747],[-2.8708,10.4713],[-2.8698,10.4681],[-2.8683,10.4637],[-2.8657,10.4591],[-2.8621,10.4557],[-2.8594,10.4539],[-2.8559,10.4517],[-2.853,10.4519],[-2.8538,10.4481],[-2.8499,10.4465],[-2.8457,10.4445],[-2.8413,10.4425],[-2.8372,10.4397],[-2.833,10.4371],[-2.8282,10.4359],[-2.8236,10.4345],[-2.8199,10.4337],[-2.8171,10.4333],[-2.8134,10.4327],[-2.8098,10.4317],[-2.807,10.4307],[-2.8042,10.4301],[-2.8001,10.4295],[-2.7958,10.4283],[-2.7921,10.4269],[-2.7871,10.4265],[-2.7829,10.4261],[-2.7794,10.4259],[-2.7754,10.4253],[-2.7734,10.4229],[-2.7741,10.4199],[-2.7752,10.4165],[-2.7757,10.4135],[-2.7784,10.4099],[-2.7824,10.4073],[-2.7868,10.4051],[-2.7907,10.4031],[-2.7953,10.4011],[-2.7989,10.3985],[-2.8041,10.3979],[-2.8081,10.3993],[-2.8139,10.3991],[-2.8182,10.3979],[-2.822,10.3957],[-2.8265,10.3927],[-2.83,10.3897],[-2.8322,10.3865],[-2.8335,10.3839],[-2.8352,10.3813],[-2.8358,10.3773],[-2.8376,10.3737],[-2.8398,10.3703],[-2.8413,10.3671],[-2.8421,10.3633],[-2.8425,10.3591],[-2.8426,10.3555],[-2.8426,10.3503],[-2.8422,10.3463],[-2.8427,10.3425],[-2.844,10.3397],[-2.8449,10.3359],[-2.8469,10.3321],[-2.849,10.3285],[-2.85,10.3241],[-2.8501,10.3199],[-2.8493,10.3163],[-2.8469,10.3137],[-2.8443,10.3107],[-2.8422,10.3055],[-2.8398,10.3021],[-2.8361,10.2989],[-2.8332,10.2963],[-2.8299,10.2949],[-2.8267,10.2933],[-2.8243,10.2917],[-2.8213,10.2901],[-2.8189,10.2883],[-2.816,10.2863],[-2.8134,10.2849],[-2.8095,10.2829],[-2.8055,10.2807],[-2.8026,10.2791],[-2.7983,10.2771],[-2.7932,10.2749],[-2.7885,10.2737],[-2.7849,10.2731],[-2.7813,10.2725],[-2.7707,10.2683],[-2.7671,10.2667],[-2.7641,10.2647],[-2.7616,10.2625],[-2.7597,10.2593],[-2.7566,10.2493],[-2.7561,10.2449],[-2.7566,10.2399],[-2.757,10.2353],[-2.7583,10.2311],[-2.7607,10.2269],[-2.7638,10.2239],[-2.7657,10.2217],[-2.7678,10.2197],[-2.7702,10.2179],[-2.7726,10.2157],[-2.7762,10.2131],[-2.7797,10.2111],[-2.784,10.2093],[-2.788,10.2065],[-2.7906,10.2039],[-2.7925,10.2013],[-2.7945,10.1993],[-2.7963,10.1965],[-2.7971,10.1935],[-2.7978,10.1905],[-2.7976,10.1873],[-2.7964,10.1833],[-2.7954,10.1793],[-2.7931,10.1767],[-2.795,10.1739],[-2.7942,10.1697],[-2.7918,10.1659],[-2.7909,10.1625],[-2.7906,10.1571],[-2.7896,10.1527],[-2.7893,10.1497],[-2.7891,10.1465],[-2.7882,10.1433],[-2.7878,10.1393],[-2.789,10.1357],[-2.7907,10.1325],[-2.7927,10.1295],[-2.7939,10.1247],[-2.7938,10.1197],[-2.7932,10.1151],[-2.7923,10.1105],[-2.7921,10.1063],[-2.7913,10.1035],[-2.7907,10.1007],[-2.7894,10.0979],[-2.7885,10.0951],[-2.7885,10.0911],[-2.7893,10.0873],[-2.7899,10.0837],[-2.7907,10.0809],[-2.7907,10.0779],[-2.7904,10.0741],[-2.7907,10.0707],[-2.7898,10.0663],[-2.7888,10.0621],[-2.7882,10.0585],[-2.7866,10.0553],[-2.7855,10.0523],[-2.7844,10.0489],[-2.7829,10.0455],[-2.7826,10.0425],[-2.783,10.0393],[-2.7831,10.0361],[-2.7829,10.0329],[-2.7822,10.0283],[-2.7806,10.0247],[-2.7775,10.0211],[-2.7763,10.0165],[-2.7758,10.0123],[-2.774,10.0087],[-2.7719,10.0055],[-2.7703,10.0029],[-2.7677,10.0001],[-2.7647,9.9957],[-2.7616,9.9915],[-2.7587,9.9889],[-2.7555,9.9867],[-2.7522,9.9841],[-2.75,9.9815],[-2.7492,9.9787],[-2.7484,9.9751],[-2.7477,9.9723],[-2.7467,9.9691],[-2.7457,9.9661],[-2.7444,9.9625],[-2.7433,9.9595],[-2.7436,9.9561],[-2.7442,9.9529],[-2.7448,9.9489],[-2.7483,9.9447],[-2.7523,9.9413],[-2.754,9.9377],[-2.7564,9.9335],[-2.76,9.9267],[-2.7613,9.9219],[-2.763,9.9171],[-2.764,9.9115],[-2.7635,9.9085],[-2.7633,9.9039],[-2.7615,9.8989],[-2.7618,9.8957],[-2.7625,9.8919],[-2.7625,9.8887],[-2.7625,9.8857],[-2.761,9.8815],[-2.7591,9.8767],[-2.758,9.8741],[-2.7564,9.8711],[-2.7549,9.8685],[-2.753,9.8651],[-2.7515,9.8623],[-2.7495,9.8589],[-2.7465,9.8537],[-2.7432,9.8507],[-2.7404,9.8485],[-2.7383,9.8463],[-2.7354,9.8429],[-2.7328,9.8405],[-2.7295,9.8367],[-2.7278,9.8331],[-2.7269,9.8283],[-2.7282,9.8221],[-2.7303,9.8181],[-2.7333,9.8149],[-2.737,9.8145],[-2.7404,9.8127],[-2.7441,9.8109],[-2.7482,9.8085],[-2.7519,9.8067],[-2.7548,9.8037],[-2.7587,9.8001],[-2.76,9.7951],[-2.7613,9.7915],[-2.763,9.7891],[-2.766,9.7855],[-2.7674,9.7815],[-2.7686,9.7773],[-2.7702,9.7739],[-2.7727,9.7709],[-2.7755,9.7669],[-2.7766,9.7625],[-2.7776,9.7593],[-2.7794,9.7559],[-2.7838,9.7525],[-2.7871,9.7501],[-2.7901,9.7469],[-2.7906,9.7425],[-2.7892,9.7383],[-2.7874,9.7335],[-2.7852,9.7291],[-2.7835,9.7257],[-2.7839,9.7211],[-2.7848,9.7183],[-2.7858,9.7147],[-2.787,9.7109],[-2.7869,9.7079],[-2.7871,9.7041],[-2.7871,9.6993],[-2.7863,9.6939],[-2.784,9.6903],[-2.781,9.6881],[-2.7777,9.6867],[-2.7747,9.6853],[-2.771,9.6841],[-2.7666,9.6833],[-2.762,9.6829],[-2.7586,9.6805],[-2.757,9.6761],[-2.7572,9.6717],[-2.7564,9.6685],[-2.7561,9.6651],[-2.7553,9.6611],[-2.7545,9.6569],[-2.7542,9.6531],[-2.7522,9.6497],[-2.7487,9.6461],[-2.7466,9.6427],[-2.7425,9.6419],[-2.7389,9.6427],[-2.7359,9.6435],[-2.732,9.6423],[-2.7295,9.6389],[-2.7267,9.6357],[-2.7241,9.6343],[-2.7202,9.6329],[-2.7163,9.6329],[-2.7124,9.6333],[-2.7076,9.6337],[-2.7033,9.6319],[-2.7004,9.6305],[-2.6959,9.6307],[-2.6917,9.6311],[-2.689,9.6323],[-2.6861,9.6327],[-2.6812,9.6321],[-2.6774,9.6331],[-2.6738,9.6337],[-2.6702,9.6357],[-2.6672,9.6377],[-2.6639,9.6391],[-2.6594,9.6399],[-2.6542,9.6419],[-2.6491,9.6431],[-2.6432,9.6441],[-2.6378,9.6443],[-2.6342,9.6457],[-2.6301,9.6465],[-2.6256,9.6481],[-2.6224,9.6499],[-2.6192,9.6517],[-2.6158,9.6533],[-2.6131,9.6543],[-2.6063,9.6565],[-2.6003,9.6593],[-2.594,9.6613],[-2.5859,9.6633],[-2.5791,9.6659],[-2.5728,9.6679],[-2.5696,9.6687],[-2.5615,9.6713],[-2.5535,9.6739],[-2.5387,9.6779],[-2.5306,9.6827],[-2.5255,9.6849],[-2.5212,9.6871],[-2.5183,9.6905],[-2.5146,9.6947],[-2.5129,9.6997],[-2.5117,9.7035],[-2.5109,9.7069],[-2.51,9.7111],[-2.5087,9.7159],[-2.5076,9.7197],[-2.5082,9.7241],[-2.5084,9.7301],[-2.5093,9.7381],[-2.5097,9.7423],[-2.5084,9.7459],[-2.503,9.7475],[-2.4994,9.7485],[-2.495,9.7499],[-2.4923,9.7509],[-2.4864,9.7541],[-2.4767,9.7563],[-2.4698,9.7577],[-2.4505,9.7637],[-2.4446,9.7655],[-2.4262,9.7709],[-2.4211,9.7725],[-2.4011,9.7751],[-2.3848,9.7773],[-2.3641,9.7799],[-2.348,9.7823],[-2.3375,9.7835],[-2.3275,9.7847],[-2.2719,9.7913],[-2.2426,9.7949],[-2.2321,9.7959],[-2.1868,9.8025],[-2.1782,9.8033],[-2.1621,9.8053],[-2.1403,9.8087],[-2.1145,9.8119],[-2.1115,9.8123],[-2.1049,9.8129],[-2.0969,9.8137],[-2.0945,9.8113],[-2.0912,9.7899],[-2.0864,9.7855],[-2.0804,9.7845],[-2.0723,9.7833],[-2.0625,9.7813],[-2.0588,9.7821],[-2.0531,9.7807],[-2.0456,9.7797],[-2.0422,9.7797],[-2.0382,9.7811],[-2.0339,9.7817],[-2.0297,9.7829],[-2.0271,9.7843],[-2.0247,9.7869],[-2.0219,9.7895],[-2.02,9.7917],[-2.0183,9.7939],[-2.0169,9.7971],[-2.0145,9.8017],[-2.0125,9.8053],[-2.0114,9.8081],[-2.0098,9.8119],[-2.0089,9.8147],[-2.0067,9.8185],[-2.0042,9.8215],[-2.0006,9.8237],[-1.9915,9.8239],[-1.9859,9.8237],[-1.9637,9.8249],[-1.9516,9.8247],[-1.9405,9.8245],[-1.901,9.8239],[-1.8865,9.8237],[-1.8767,9.8233],[-1.8512,9.8221],[-1.8398,9.8215],[-1.8303,9.8211],[-1.8229,9.8211],[-1.8084,9.8213],[-1.7937,9.8215],[-1.7844,9.8217],[-1.7666,9.8209],[-1.75,9.8203],[-1.7422,9.8201],[-1.7301,9.8203],[-1.7259,9.8203],[-1.7198,9.8203],[-1.7134,9.8213],[-1.7098,9.8225],[-1.7069,9.8247],[-1.703,9.8417],[-1.702,9.8487],[-1.6998,9.8595],[-1.6981,9.8659],[-1.697,9.8729],[-1.6986,9.8775],[-1.6983,9.8821],[-1.6964,9.8869],[-1.6972,9.8905],[-1.6993,9.8927],[-1.7024,9.8955],[-1.7049,9.8979],[-1.7067,9.9013],[-1.705,9.9065],[-1.7046,9.9113],[-1.706,9.9153],[-1.7046,9.9193],[-1.7049,9.9243],[-1.7081,9.9273],[-1.7111,9.9285],[-1.7138,9.9297],[-1.7141,9.9329],[-1.7148,9.9367],[-1.7151,9.9419],[-1.7111,9.9441],[-1.7077,9.9457],[-1.7087,9.9497],[-1.7081,9.9539],[-1.7082,9.9577],[-1.7103,9.9603],[-1.7078,9.9645],[-1.7103,9.9681],[-1.7126,9.9709],[-1.7118,9.9741],[-1.7112,9.9779],[-1.7105,9.9821],[-1.7143,9.9875],[-1.7161,9.9919],[-1.7175,9.9963],[-1.7181,10.0015],[-1.7163,10.0083],[-1.7139,10.0129],[-1.7105,10.0129],[-1.7056,10.0129],[-1.7017,10.0141],[-1.7024,10.0177],[-1.7019,10.0211],[-1.6996,10.0233],[-1.6956,10.0249],[-1.6948,10.0305],[-1.6927,10.0331],[-1.691,10.0355],[-1.6856,10.0385],[-1.6812,10.0347],[-1.6789,10.0315],[-1.6762,10.0275],[-1.6733,10.0259],[-1.6706,10.0287],[-1.6688,10.0323],[-1.6674,10.0353],[-1.6676,10.0391],[-1.6676,10.0443],[-1.6645,10.0453],[-1.6617,10.0447],[-1.6589,10.0437],[-1.6551,10.0425],[-1.6493,10.0399],[-1.6448,10.0381],[-1.6394,10.0391],[-1.6349,10.0427],[-1.6321,10.0469],[-1.6301,10.0491],[-1.63,10.0533],[-1.6339,10.0545],[-1.6384,10.0561],[-1.6422,10.0585],[-1.6448,10.0611],[-1.6472,10.0641],[-1.6507,10.0677],[-1.6533,10.0703],[-1.6547,10.0739],[-1.6497,10.0747],[-1.6457,10.0751],[-1.6396,10.0767],[-1.6361,10.0781],[-1.633,10.0793],[-1.6295,10.0793],[-1.6259,10.0789],[-1.6242,10.0749],[-1.6232,10.0713],[-1.6204,10.0697],[-1.6172,10.0689],[-1.6139,10.0693],[-1.6093,10.0703],[-1.6054,10.0719],[-1.6023,10.0729],[-1.5988,10.0741],[-1.5949,10.0761],[-1.5917,10.0773],[-1.588,10.0783],[-1.5866,10.0827],[-1.5891,10.0875],[-1.5891,10.0925],[-1.588,10.0971],[-1.5879,10.1007],[-1.5904,10.1041],[-1.5947,10.1067],[-1.5952,10.1107],[-1.5935,10.1143],[-1.5971,10.1205],[-1.5983,10.1233],[-1.5983,10.1273],[-1.6007,10.1329],[-1.6036,10.1341],[-1.6081,10.1333],[-1.6115,10.1347],[-1.6151,10.1333],[-1.6181,10.1331],[-1.622,10.1343],[-1.6241,10.1373],[-1.6275,10.1399],[-1.6292,10.1435],[-1.6323,10.1465],[-1.6332,10.1499],[-1.6353,10.1529],[-1.639,10.1553],[-1.6427,10.1561],[-1.6455,10.1571],[-1.6489,10.1591],[-1.6516,10.1605],[-1.6548,10.1621],[-1.6571,10.1641],[-1.6596,10.1675],[-1.6612,10.1711],[-1.6648,10.1743],[-1.661,10.1757],[-1.6604,10.1785],[-1.6616,10.1823],[-1.6625,10.1865],[-1.6595,10.1903],[-1.6569,10.1945],[-1.6534,10.1979],[-1.6513,10.2005],[-1.6495,10.2041],[-1.6479,10.2087],[-1.649,10.2117],[-1.6469,10.2165],[-1.6446,10.2205],[-1.6392,10.2303],[-1.6357,10.2373],[-1.6262,10.2563],[-1.6198,10.2687],[-1.6061,10.2943],[-1.5769,10.3467],[-1.5703,10.3555],[-1.5631,10.3621],[-1.56,10.3657],[-1.5519,10.3739],[-1.5481,10.3777],[-1.5441,10.3819],[-1.5335,10.3917],[-1.5253,10.3995],[-1.5178,10.4059],[-1.5106,10.4109],[-1.5057,10.4145],[-1.4933,10.4221],[-1.4798,10.4303],[-1.4746,10.4337],[-1.4726,10.4373],[-1.4703,10.4405],[-1.4676,10.4433],[-1.465,10.4451],[-1.4624,10.4469],[-1.4602,10.4489],[-1.4576,10.4507],[-1.4539,10.4521],[-1.4511,10.4537],[-1.4477,10.4565],[-1.4456,10.4613],[-1.4412,10.4635],[-1.438,10.4655],[-1.4334,10.4671]]]},"properties":{"adm1_pcode":"GH13","adm1_name":"Upper West","center_lat":10.33398438,"center_lon":-2.21494686}},
{"type":"Feature","geometry":{"type":"Polygon","coordinates":[[[0.1465,6.1093],[0.1503,6.1083],[0.1549,6.1067],[0.1595,6.1051],[0.1643,6.1035],[0.1683,6.1025],[0.1717,6.1015],[0.1745,6.1009],[0.1779,6.1003],[0.1819,6.0995],[0.1861,6.0977],[0.1903,6.0969],[0.1935,6.0975],[0.2033,6.1019],[0.2065,6.1033],[0.2131,6.1037],[0.2167,6.1041],[0.2221,6.1047],[0.2307,6.1083],[0.2347,6.1097],[0.2383,6.1081],[0.2411,6.1075],[0.2479,6.1057],[0.2549,6.0997],[0.2591,6.0981],[0.2621,6.0967],[0.2655,6.0957],[0.2679,6.0943],[0.2745,6.0897],[0.2773,6.0869],[0.2811,6.0841],[0.2849,6.0807],[0.2871,6.0771],[0.2881,6.0743],[0.2885,6.0715],[0.2891,6.0671],[0.2901,6.0631],[0.2937,6.0591],[0.2971,6.0565],[0.3001,6.0551],[0.3037,6.0547],[0.3067,6.0543],[0.3097,6.0541],[0.3135,6.0537],[0.3165,6.0535],[0.3211,6.0531],[0.3261,6.0517],[0.3289,6.0507],[0.3317,6.0497],[0.3347,6.0485],[0.3375,6.0473],[0.3359,6.0409],[0.3325,6.0381],[0.3321,6.0349],[0.3343,6.0331],[0.3371,6.0309],[0.3399,6.0291],[0.3433,6.0269],[0.3457,6.0251],[0.3477,6.0223],[0.3439,6.0213],[0.3405,6.0193],[0.3383,6.0169],[0.3363,6.0139],[0.3343,6.0107],[0.3319,6.0071],[0.3309,6.0035],[0.3315,5.9949],[0.3353,5.9927],[0.3387,5.9907],[0.3427,5.9887],[0.3465,5.9881],[0.3511,5.9881],[0.3531,5.9859],[0.3517,5.9817],[0.3503,5.9771],[0.3497,5.9731],[0.3493,5.9703],[0.3485,5.9651],[0.3477,5.9619],[0.3465,5.9591],[0.3445,5.9555],[0.3493,5.9545],[0.3539,5.9553],[0.3615,5.9587],[0.3653,5.9601],[0.3713,5.9607],[0.3747,5.9609],[0.3775,5.9611],[0.3841,5.9613],[0.3877,5.9609],[0.3911,5.9603],[0.3953,5.9611],[0.3989,5.9625],[0.4037,5.9651],[0.4079,5.9661],[0.4131,5.9679],[0.4175,5.9699],[0.4219,5.9711],[0.4253,5.9719],[0.4295,5.9737],[0.4357,5.9763],[0.4387,5.9811],[0.4409,5.9831],[0.4419,5.9865],[0.4407,5.9913],[0.4415,5.9955],[0.4449,5.9967],[0.4481,5.9993],[0.4525,6.0013],[0.4553,5.9999],[0.4587,5.9987],[0.4675,5.9983],[0.4773,5.9931],[0.4815,5.9919],[0.4857,5.9899],[0.4853,5.9851],[0.4855,5.9811],[0.4859,5.9769],[0.4893,5.9787],[0.4919,5.9807],[0.4901,5.9843],[0.4907,5.9887],[0.4923,5.9939],[0.4965,5.9925],[0.4991,5.9911],[0.5021,5.9897],[0.5077,5.9885],[0.5105,5.9857],[0.5133,5.9833],[0.5167,5.9823],[0.5207,5.9807],[0.5253,5.9779],[0.5249,5.9715],[0.5247,5.9679],[0.5245,5.9629],[0.5243,5.9589],[0.5247,5.9549],[0.5283,5.9531],[0.5341,5.9533],[0.5387,5.9519],[0.5423,5.9489],[0.5453,5.9431],[0.5467,5.9391],[0.5489,5.9347],[0.5497,5.9317],[0.5511,5.9285],[0.5489,5.9245],[0.5517,5.9215],[0.5537,5.9265],[0.5561,5.9297],[0.5577,5.9351],[0.5605,5.9399],[0.5643,5.9389],[0.5681,5.9341],[0.5725,5.9313],[0.5767,5.9321],[0.5791,5.9293],[0.5827,5.9267],[0.5839,5.9241],[0.5865,5.9215],[0.5871,5.9183],[0.5873,5.9143],[0.5839,5.9123],[0.5813,5.9109],[0.5779,5.9057],[0.5757,5.9017],[0.5849,5.8951],[0.5949,5.8903],[0.5993,5.8907],[0.6017,5.8887],[0.6035,5.8863],[0.6053,5.8841],[0.6061,5.8799],[0.6071,5.8773],[0.6113,5.8761],[0.6141,5.8753],[0.6125,5.8729],[0.6127,5.8699],[0.6133,5.8667],[0.6155,5.8647],[0.6195,5.8653],[0.6237,5.8661],[0.6267,5.8675],[0.6301,5.8675],[0.6297,5.8639],[0.6253,5.8621],[0.6233,5.8587],[0.6213,5.8563],[0.6195,5.8529],[0.6193,5.8489],[0.6193,5.8435],[0.6203,5.8399],[0.6203,5.8361],[0.6227,5.8343],[0.6301,5.8365],[0.6433,5.8405],[0.6463,5.8373],[0.6495,5.8345],[0.6525,5.8309],[0.6541,5.8277],[0.6543,5.8247],[0.6541,5.8205],[0.6517,5.8069],[0.6535,5.8045],[0.6709,5.7983],[0.6737,5.7971],[0.6787,5.7941],[0.6809,5.7909],[0.6825,5.7877],[0.6847,5.7837],[0.6859,5.7805],[0.6875,5.7771],[0.6855,5.7749],[0.6807,5.7753],[0.6765,5.7761],[0.6797,5.7717],[0.6843,5.7711],[0.6893,5.7689],[0.6935,5.7665],[0.6929,5.7695],[0.6965,5.7703],[0.7017,5.7701],[0.7063,5.7705],[0.7111,5.7733],[0.7155,5.7719],[0.7141,5.7693],[0.7183,5.7697],[0.7221,5.7705],[0.7279,5.7701],[0.7357,5.7729],[0.7435,5.7725],[0.7687,5.7691],[0.7877,5.7709],[0.8165,5.7697],[0.8275,5.7747],[0.8333,5.7751],[0.8375,5.7755],[0.8415,5.7759],[0.8463,5.7763],[0.8509,5.7767],[0.8547,5.7773],[0.8585,5.7777],[0.8623,5.7783],[0.8669,5.7787],[0.8735,5.7797],[0.8781,5.7801],[0.8815,5.7807],[0.8861,5.7809],[0.8895,5.7813],[0.8927,5.7815],[0.8967,5.7819],[0.8999,5.7823],[0.9041,5.7827],[0.9087,5.7835],[0.9137,5.7845],[0.9181,5.7851],[0.9217,5.7859],[0.9255,5.7873],[0.9295,5.7891],[0.9331,5.7909],[0.9361,5.7925],[0.9385,5.7941],[0.9415,5.7963],[0.9437,5.7983],[0.9471,5.8015],[0.9491,5.8033],[0.9525,5.8071],[0.9561,5.8109],[0.9597,5.8147],[0.9635,5.8183],[0.9679,5.8231],[0.9709,5.8265],[0.9735,5.8297],[0.9763,5.8337],[0.9795,5.8385],[0.9815,5.8415],[0.9853,5.8497],[0.9871,5.8537],[0.9883,5.8575],[0.9891,5.8603],[0.9903,5.8635],[0.9911,5.8671],[0.9921,5.8707],[0.9927,5.8739],[0.9935,5.8779],[0.9939,5.8847],[0.9939,5.8895],[0.9937,5.8935],[0.9903,5.9053],[0.9909,5.9091],[0.9919,5.9133],[0.9927,5.9169],[0.9937,5.9201],[0.9951,5.9243],[0.9971,5.9285],[0.9987,5.9315],[1.0009,5.9355],[1.0023,5.9381],[1.0049,5.9419],[1.0081,5.9463],[1.0109,5.9505],[1.0169,5.9601],[1.0191,5.9633],[1.0229,5.9681],[1.0245,5.9707],[1.0271,5.9747],[1.0289,5.9795],[1.0315,5.9827],[1.0417,5.9975],[1.0637,6.0265],[1.0819,6.0465],[1.1051,6.0637],[1.1261,6.0773],[1.1563,6.0917],[1.1845,6.1045],[1.1995,6.1127],[1.1997,6.1301],[1.1997,6.1373],[1.1987,6.1523],[1.2003,6.1677],[1.1823,6.1677],[1.1643,6.1685],[1.1275,6.1679],[1.0845,6.1693],[1.0797,6.1711],[1.0765,6.1731],[1.0755,6.1771],[1.0787,6.1799],[1.0803,6.1841],[1.0771,6.1879],[1.0753,6.1905],[1.0729,6.1933],[1.0751,6.1953],[1.0737,6.1991],[1.0699,6.2077],[1.0679,6.2109],[1.0667,6.2147],[1.0665,6.2177],[1.0651,6.2209],[1.0631,6.2237],[1.0605,6.2261],[1.0573,6.2301],[1.0543,6.2333],[1.0511,6.2337],[1.0475,6.2339],[1.0443,6.2353],[1.0407,6.2365],[1.0373,6.2383],[1.0359,6.2409],[1.0337,6.2429],[1.0321,6.2463],[1.0295,6.2503],[1.0267,6.2539],[1.0245,6.2563],[1.0229,6.2593],[1.0219,6.2621],[1.0205,6.2645],[1.0193,6.2671],[1.0175,6.2717],[1.0167,6.2765],[1.0167,6.2797],[1.0159,6.2829],[1.0159,6.2865],[1.0141,6.2893],[1.0109,6.2911],[1.0079,6.2955],[1.0069,6.3003],[1.0067,6.3045],[1.0053,6.3111],[1.0069,6.3143],[1.0079,6.3225],[1.0069,6.3273],[1.0057,6.3323],[1.0041,6.3349],[0.9641,6.3351],[0.9519,6.3357],[0.9361,6.3359],[0.9223,6.3359],[0.9073,6.3359],[0.8923,6.3363],[0.8907,6.3391],[0.8881,6.3433],[0.8873,6.3491],[0.8849,6.3531],[0.8827,6.3561],[0.8789,6.3591],[0.8757,6.3635],[0.8745,6.3669],[0.8723,6.3687],[0.8647,6.3743],[0.8619,6.3793],[0.8559,6.3837],[0.8399,6.3965],[0.8261,6.4041],[0.8155,6.4065],[0.8025,6.4089],[0.7875,6.4135],[0.7821,6.4345],[0.7731,6.4381],[0.7605,6.4431],[0.7543,6.4457],[0.7489,6.4471],[0.7449,6.4585],[0.7465,6.4839],[0.7323,6.4849],[0.7283,6.4915],[0.7259,6.4953],[0.7235,6.4993],[0.7217,6.5021],[0.7203,6.5065],[0.7187,6.5121],[0.7179,6.5227],[0.7175,6.5275],[0.7191,6.5349],[0.7283,6.5433],[0.7413,6.5549],[0.7463,6.5595],[0.7489,6.5631],[0.7493,6.5689],[0.7487,6.5731],[0.7473,6.5775],[0.7425,6.5891],[0.7317,6.5897],[0.7237,6.5899],[0.7117,6.5851],[0.6979,6.5885],[0.6917,6.5917],[0.6897,6.5975],[0.6889,6.6005],[0.6857,6.6029],[0.6821,6.6065],[0.6763,6.6109],[0.6729,6.6137],[0.6707,6.6113],[0.6699,6.6081],[0.6675,6.6065],[0.6637,6.6055],[0.6595,6.6075],[0.6547,6.6111],[0.6523,6.6147],[0.6521,6.6185],[0.6495,6.6215],[0.6483,6.6251],[0.6463,6.6273],[0.6435,6.6311],[0.6405,6.6313],[0.6377,6.6301],[0.6371,6.6357],[0.6385,6.6385],[0.6357,6.6409],[0.6373,6.6457],[0.6393,6.6501],[0.6393,6.6533],[0.6411,6.6575],[0.6423,6.6609],[0.6435,6.6653],[0.6441,6.6681],[0.6431,6.6725],[0.6435,6.6783],[0.6437,6.6829],[0.6459,6.6851],[0.6441,6.6887],[0.6441,6.6929],[0.6447,6.6983],[0.6471,6.7015],[0.6479,6.7053],[0.6475,6.7097],[0.6489,6.7125],[0.6471,6.7159],[0.6447,6.7181],[0.6443,6.7227],[0.6453,6.7275],[0.6457,6.7313],[0.6487,6.7345],[0.6495,6.7383],[0.6477,6.7405],[0.6437,6.7429],[0.6369,6.7455],[0.6331,6.7483],[0.6293,6.7487],[0.6245,6.7483],[0.6227,6.7505],[0.6187,6.7539],[0.6151,6.7523],[0.6127,6.7507],[0.6091,6.7485],[0.6047,6.7515],[0.6013,6.7559],[0.5979,6.7565],[0.5951,6.7585],[0.5907,6.7601],[0.5855,6.7615],[0.5825,6.7617],[0.5799,6.7633],[0.5779,6.7653],[0.5761,6.7687],[0.5741,6.7715],[0.5733,6.7743],[0.5765,6.7743],[0.5743,6.7775],[0.5705,6.7805],[0.5677,6.7839],[0.5671,6.7883],[0.5691,6.7921],[0.5693,6.7969],[0.5689,6.8011],[0.5733,6.8001],[0.5761,6.7995],[0.5773,6.8031],[0.5795,6.8065],[0.5769,6.8083],[0.5733,6.8093],[0.5695,6.8105],[0.5683,6.8137],[0.5671,6.8197],[0.5653,6.8239],[0.5617,6.8247],[0.5585,6.8265],[0.5563,6.8289],[0.5531,6.8305],[0.5501,6.8321],[0.5473,6.8341],[0.5457,6.8299],[0.5437,6.8273],[0.5409,6.8269],[0.5389,6.8249],[0.5357,6.8267],[0.5325,6.8281],[0.5329,6.8311],[0.5335,6.8341],[0.5319,6.8439],[0.5319,6.8487],[0.5319,6.8557],[0.5351,6.8591],[0.5411,6.8623],[0.5429,6.8649],[0.5369,6.8733],[0.5345,6.8765],[0.5377,6.8789],[0.5421,6.8795],[0.5473,6.8809],[0.5513,6.8827],[0.5563,6.8863],[0.5587,6.8907],[0.5599,6.8977],[0.5623,6.9053],[0.5625,6.9133],[0.5635,6.9161],[0.5659,6.9215],[0.5595,6.9285],[0.5521,6.9305],[0.5497,6.9333],[0.5479,6.9371],[0.5441,6.9365],[0.5385,6.9385],[0.5355,6.9395],[0.5319,6.9405],[0.5251,6.9411],[0.5231,6.9473],[0.5241,6.9499],[0.5261,6.9551],[0.5249,6.9583],[0.5239,6.9611],[0.5255,6.9635],[0.5237,6.9665],[0.5225,6.9719],[0.5273,6.9737],[0.5305,6.9757],[0.5345,6.9777],[0.5359,6.9805],[0.5371,6.9843],[0.5393,6.9869],[0.5425,6.9897],[0.5461,6.9921],[0.5495,6.9937],[0.5545,6.9949],[0.5591,6.9957],[0.5659,6.9983],[0.5709,6.9997],[0.5749,6.9979],[0.5799,6.9979],[0.5833,7.0005],[0.5861,7.0021],[0.5895,7.0023],[0.5945,7.0031],[0.5961,7.0063],[0.5947,7.0097],[0.5971,7.0129],[0.5995,7.0157],[0.6013,7.0189],[0.6025,7.0237],[0.6013,7.0277],[0.6011,7.0311],[0.6023,7.0339],[0.6011,7.0415],[0.5995,7.0497],[0.5981,7.0555],[0.5975,7.0607],[0.5995,7.0645],[0.6023,7.0685],[0.6043,7.0725],[0.6065,7.0757],[0.6081,7.0789],[0.6095,7.0815],[0.6111,7.0841],[0.6121,7.0869],[0.6129,7.0899],[0.6143,7.0925],[0.6143,7.0957],[0.6121,7.0981],[0.6137,7.1009],[0.6115,7.1055],[0.6069,7.1071],[0.6023,7.1091],[0.6009,7.1127],[0.5975,7.1145],[0.5931,7.1137],[0.5939,7.1179],[0.5951,7.1239],[0.5969,7.1331],[0.6007,7.1361],[0.6039,7.1377],[0.6055,7.1421],[0.6059,7.1455],[0.6057,7.1493],[0.6053,7.1523],[0.6049,7.1557],[0.6075,7.1583],[0.6125,7.1573],[0.6169,7.1623],[0.6181,7.1685],[0.6159,7.1771],[0.6177,7.1831],[0.6219,7.1843],[0.6249,7.1829],[0.6263,7.1861],[0.6313,7.1965],[0.6327,7.2015],[0.6345,7.2205],[0.6391,7.2261],[0.6393,7.2329],[0.6387,7.2373],[0.6403,7.2437],[0.6405,7.2491],[0.6427,7.2527],[0.6441,7.2573],[0.6443,7.2631],[0.6337,7.2643],[0.6191,7.2643],[0.6063,7.2665],[0.5839,7.2783],[0.5821,7.2841],[0.5807,7.2879],[0.5779,7.2879],[0.5745,7.2875],[0.5753,7.2841],[0.5737,7.2803],[0.5733,7.2765],[0.5721,7.2719],[0.5715,7.2681],[0.5681,7.2669],[0.5639,7.2685],[0.5629,7.2655],[0.5609,7.2597],[0.5563,7.2537],[0.5531,7.2529],[0.5531,7.2491],[0.5503,7.2469],[0.5481,7.2435],[0.5487,7.2389],[0.5441,7.2385],[0.5409,7.2333],[0.5411,7.2287],[0.5427,7.2251],[0.5387,7.2229],[0.5357,7.2201],[0.5303,7.2213],[0.5193,7.2205],[0.5205,7.2307],[0.5213,7.2347],[0.5171,7.2397],[0.5267,7.2443],[0.5335,7.2495],[0.5343,7.2547],[0.5371,7.2571],[0.5385,7.2627],[0.5391,7.2667],[0.5407,7.2711],[0.5419,7.2745],[0.5415,7.2817],[0.5403,7.2895],[0.5393,7.2965],[0.5357,7.2993],[0.5347,7.3035],[0.5313,7.3047],[0.5281,7.3033],[0.5253,7.3005],[0.5227,7.2979],[0.5197,7.2985],[0.5163,7.2999],[0.5125,7.3013],[0.5049,7.3001],[0.5013,7.2985],[0.4979,7.2969],[0.4955,7.2941],[0.4927,7.2911],[0.4823,7.2929],[0.4795,7.2923],[0.4759,7.2917],[0.4695,7.2917],[0.4653,7.2897],[0.4605,7.2917],[0.4571,7.2943],[0.4539,7.2953],[0.4505,7.2963],[0.4503,7.2921],[0.4515,7.2881],[0.4509,7.2847],[0.4467,7.2821],[0.4469,7.2779],[0.4421,7.2779],[0.4387,7.2813],[0.4353,7.2847],[0.4271,7.2809],[0.4157,7.2663],[0.4021,7.2437],[0.3917,7.2267],[0.3795,7.1837],[0.3701,7.1539],[0.3687,7.1513],[0.3677,7.1483],[0.3649,7.1457],[0.3575,7.1317],[0.3495,7.1265],[0.3413,7.1279],[0.3391,7.1297],[0.3379,7.1251],[0.3391,7.1213],[0.3397,7.1161],[0.3367,7.1131],[0.3339,7.1075],[0.3329,7.1037],[0.3309,7.1001],[0.3289,7.0955],[0.3289,7.0907],[0.3231,7.0921],[0.3193,7.0941],[0.3159,7.0959],[0.3103,7.0961],[0.3071,7.0963],[0.3039,7.0965],[0.2975,7.0967],[0.2785,7.0975],[0.2717,7.0977],[0.2673,7.0979],[0.2245,7.0995],[0.2163,7.0937],[0.2029,7.0807],[0.1967,7.0677],[0.1997,7.0517],[0.2117,7.0293],[0.2215,7.0079],[0.2253,6.9945],[0.2269,6.9791],[0.2275,6.9741],[0.2157,6.9537],[0.2117,6.9491],[0.2063,6.9425],[0.1959,6.9365],[0.1715,6.9297],[0.1479,6.9215],[0.1355,6.9101],[0.1229,6.8895],[0.1199,6.8705],[0.1243,6.8433],[0.1333,6.8291],[0.1449,6.8185],[0.1585,6.8161],[0.1703,6.8067],[0.1925,6.7893],[0.2003,6.7787],[0.2083,6.7577],[0.2037,6.7033],[0.1991,6.6971],[0.1783,6.6907],[0.1693,6.6899],[0.1615,6.6833],[0.1547,6.6805],[0.1423,6.6753],[0.1301,6.6717],[0.1233,6.6661],[0.1169,6.6447],[0.1105,6.6167],[0.1053,6.5817],[0.1045,6.5669],[0.1257,6.5745],[0.1287,6.5755],[0.1389,6.5767],[0.1527,6.5771],[0.1579,6.5737],[0.1629,6.5703],[0.1691,6.5689],[0.1725,6.5681],[0.1771,6.5673],[0.1835,6.5667],[0.1873,6.5679],[0.1903,6.5661],[0.1935,6.5639],[0.1955,6.5601],[0.1951,6.5557],[0.1979,6.5543],[0.1993,6.5495],[0.1979,6.5461],[0.1975,6.5429],[0.1957,6.5395],[0.1935,6.5349],[0.1909,6.5307],[0.1881,6.5265],[0.1825,6.5201],[0.1799,6.5151],[0.1783,6.5125],[0.1785,6.5087],[0.1789,6.5045],[0.1811,6.5027],[0.1815,6.4989],[0.1821,6.4957],[0.1811,6.4919],[0.1795,6.4879],[0.1821,6.4851],[0.1855,6.4835],[0.1875,6.4811],[0.1889,6.4763],[0.1871,6.4727],[0.1853,6.4691],[0.1839,6.4655],[0.1843,6.4617],[0.1859,6.4455],[0.1863,6.4417],[0.1849,6.4365],[0.1827,6.4311],[0.1803,6.4277],[0.1783,6.4247],[0.1893,6.4153],[0.1921,6.4143],[0.1947,6.4129],[0.1985,6.4107],[0.2007,6.4089],[0.2033,6.4073],[0.2065,6.4049],[0.2093,6.4023],[0.2089,6.3981],[0.2111,6.3937],[0.2155,6.3893],[0.2155,6.3839],[0.2133,6.3795],[0.2105,6.3777],[0.2075,6.3761],[0.2055,6.3727],[0.2029,6.3713],[0.2001,6.3703],[0.2009,6.3669],[0.2023,6.3623],[0.2043,6.3577],[0.2015,6.3565],[0.2005,6.3535],[0.1967,6.3535],[0.1939,6.3497],[0.1917,6.3469],[0.1887,6.3451],[0.1863,6.3427],[0.1859,6.3395],[0.1805,6.3399],[0.1781,6.3361],[0.1761,6.3333],[0.1739,6.3309],[0.1731,6.3279],[0.1695,6.3263],[0.1705,6.3227],[0.1701,6.3193],[0.1701,6.3163],[0.1687,6.3135],[0.1705,6.3109],[0.1733,6.3097],[0.1759,6.3077],[0.1755,6.3047],[0.1741,6.3023],[0.1711,6.3027],[0.1673,6.3021],[0.1643,6.3019],[0.1605,6.3009],[0.1577,6.2971],[0.1553,6.2929],[0.1557,6.2895],[0.1473,6.2779],[0.1371,6.2641],[0.1353,6.2605],[0.1313,6.2575],[0.1287,6.2561],[0.1285,6.2485],[0.1267,6.2451],[0.1239,6.2387],[0.1233,6.2325],[0.1197,6.2257],[0.1195,6.2227],[0.1185,6.2187],[0.1129,6.2071],[0.1057,6.1885],[0.1049,6.1847],[0.1017,6.1815],[0.0987,6.1791],[0.0963,6.1773],[0.0961,6.1745],[0.0945,6.1685],[0.0937,6.1645],[0.0921,6.1619],[0.0917,6.1589],[0.0931,6.1553],[0.0945,6.1527],[0.0969,6.1491],[0.0995,6.1463],[0.1019,6.1433],[0.1049,6.1405],[0.1079,6.1391],[0.1111,6.1385],[0.1147,6.1379],[0.1187,6.1371],[0.1203,6.1343],[0.1205,6.1315],[0.1227,6.1279],[0.1259,6.1247],[0.1281,6.1225],[0.1309,6.1203],[0.1339,6.1175],[0.1375,6.1141],[0.1421,6.1103],[0.1465,6.1093]]]},"properties":{"adm1_pcode":"GH14","adm1_name":"Volta","center_lat":6.53720093,"center_lon":0.45810115}},
{"type":"Feature","geometry":{"type":"Polygon","coordinates":[[[-2.1896,6.1471],[-2.1924,6.1463],[-2.1967,6.1449],[-2.2014,6.1443],[-2.2057,6.1447],[-2.2104,6.1431],[-2.2147,6.1419],[-2.2176,6.1429],[-2.2212,6.1447],[-2.2252,6.1455],[-2.2287,6.1497],[-2.2323,6.1485],[-2.237,6.1445],[-2.2406,6.1421],[-2.2457,6.1397],[-2.2491,6.1385],[-2.2544,6.1369],[-2.2557,6.1335],[-2.2556,6.1273],[-2.2572,6.1247],[-2.2568,6.1209],[-2.2605,6.1201],[-2.2693,6.1213],[-2.2752,6.1155],[-2.2797,6.1075],[-2.2846,6.1021],[-2.2885,6.1039],[-2.2922,6.1031],[-2.2951,6.1011],[-2.2975,6.0993],[-2.3061,6.0973],[-2.3109,6.0977],[-2.3163,6.0961],[-2.3199,6.0971],[-2.323,6.1003],[-2.3272,6.1013],[-2.3306,6.1011],[-2.3342,6.1017],[-2.3388,6.1029],[-2.3441,6.1033],[-2.3487,6.1039],[-2.3536,6.1053],[-2.3565,6.1039],[-2.3604,6.1017],[-2.3643,6.0997],[-2.3675,6.0981],[-2.3706,6.0967],[-2.3716,6.0937],[-2.372,6.0897],[-2.372,6.0851],[-2.3754,6.0831],[-2.3795,6.0831],[-2.383,6.0831],[-2.3882,6.0845],[-2.3922,6.0851],[-2.3958,6.0879],[-2.4002,6.0895],[-2.404,6.0891],[-2.4074,6.0887],[-2.4118,6.0883],[-2.4149,6.0905],[-2.4168,6.0927],[-2.4192,6.0957],[-2.4215,6.0981],[-2.4244,6.0995],[-2.4271,6.1009],[-2.4305,6.1045],[-2.4339,6.1073],[-2.4327,6.1119],[-2.4329,6.1153],[-2.4395,6.1197],[-2.445,6.1163],[-2.4469,6.1105],[-2.4497,6.1073],[-2.4491,6.1043],[-2.4503,6.1011],[-2.4547,6.1041],[-2.4579,6.1079],[-2.4607,6.1097],[-2.4641,6.1101],[-2.4688,6.1093],[-2.4742,6.1081],[-2.4777,6.1057],[-2.4782,6.1029],[-2.4809,6.0999],[-2.4825,6.0965],[-2.4869,6.0943],[-2.491,6.0927],[-2.495,6.0929],[-2.4979,6.0915],[-2.5072,6.0825],[-2.5085,6.0797],[-2.5068,6.0761],[-2.5057,6.0723],[-2.5015,6.0709],[-2.4977,6.0681],[-2.4943,6.0687],[-2.4901,6.0657],[-2.4942,6.0643],[-2.4943,6.0599],[-2.4993,6.0581],[-2.4993,6.0535],[-2.5031,6.0539],[-2.5041,6.0497],[-2.5075,6.0459],[-2.5119,6.0423],[-2.5194,6.0299],[-2.5257,6.0193],[-2.5328,6.0099],[-2.5354,6.0061],[-2.537,6.0035],[-2.5396,6.0015],[-2.5423,5.9989],[-2.5446,5.9965],[-2.5486,5.9937],[-2.5492,5.9885],[-2.5536,5.9865],[-2.557,5.9843],[-2.5572,5.9815],[-2.5595,5.9785],[-2.5494,5.9805],[-2.5436,5.9799],[-2.538,5.9773],[-2.5353,5.9691],[-2.5347,5.9653],[-2.5308,5.9691],[-2.5222,5.9689],[-2.5153,5.9657],[-2.5158,5.9615],[-2.5165,5.9545],[-2.5076,5.9501],[-2.5106,5.9463],[-2.5088,5.9405],[-2.5042,5.9375],[-2.5033,5.9347],[-2.5039,5.9307],[-2.502,5.9265],[-2.5057,5.9233],[-2.4994,5.9195],[-2.4972,5.9173],[-2.4978,5.9145],[-2.5034,5.9135],[-2.5087,5.9145],[-2.5094,5.9093],[-2.51,5.9051],[-2.5086,5.9019],[-2.5094,5.8985],[-2.5029,5.8973],[-2.4981,5.8951],[-2.4984,5.8907],[-2.4988,5.8875],[-2.4946,5.8803],[-2.4893,5.8739],[-2.4871,5.8699],[-2.4901,5.8687],[-2.4961,5.8671],[-2.4998,5.8731],[-2.5044,5.8709],[-2.5057,5.8681],[-2.5035,5.8637],[-2.5066,5.8643],[-2.5121,5.8655],[-2.5153,5.8615],[-2.5163,5.8587],[-2.5182,5.8523],[-2.5204,5.8425],[-2.5201,5.8347],[-2.5169,5.8345],[-2.5131,5.8349],[-2.5127,5.8305],[-2.5171,5.8291],[-2.5177,5.8249],[-2.5097,5.8235],[-2.506,5.8271],[-2.4995,5.8261],[-2.497,5.8231],[-2.4912,5.8237],[-2.486,5.8257],[-2.4859,5.8225],[-2.485,5.8195],[-2.4868,5.8151],[-2.4876,5.8123],[-2.486,5.8095],[-2.4839,5.8073],[-2.4827,5.8021],[-2.4912,5.7997],[-2.4948,5.8013],[-2.4959,5.8047],[-2.4978,5.8095],[-2.5024,5.8091],[-2.5019,5.8021],[-2.4988,5.7995],[-2.4955,5.7965],[-2.4978,5.7943],[-2.5025,5.7947],[-2.502,5.7919],[-2.4987,5.7905],[-2.4973,5.7879],[-2.4988,5.7847],[-2.503,5.7841],[-2.5066,5.7815],[-2.5082,5.7779],[-2.5152,5.7791],[-2.5197,5.7815],[-2.5239,5.7841],[-2.5285,5.7853],[-2.5269,5.7907],[-2.5241,5.7945],[-2.5299,5.7951],[-2.5343,5.7949],[-2.536,5.7975],[-2.5393,5.7959],[-2.5463,5.7943],[-2.5522,5.7937],[-2.5565,5.7943],[-2.5597,5.7975],[-2.5628,5.8013],[-2.5661,5.8077],[-2.5684,5.8109],[-2.5712,5.8081],[-2.5746,5.8071],[-2.578,5.8087],[-2.5819,5.8079],[-2.5811,5.8051],[-2.5801,5.8019],[-2.5815,5.7993],[-2.5802,5.7943],[-2.5764,5.7939],[-2.5725,5.7919],[-2.5758,5.7893],[-2.5785,5.7851],[-2.5776,5.7821],[-2.575,5.7777],[-2.5725,5.7727],[-2.5711,5.7701],[-2.5736,5.7657],[-2.5772,5.7613],[-2.5814,5.7601],[-2.5853,5.7589],[-2.5887,5.7571],[-2.5934,5.7545],[-2.5926,5.7517],[-2.5956,5.7519],[-2.5965,5.7485],[-2.5991,5.7449],[-2.6012,5.7429],[-2.6056,5.7385],[-2.607,5.7361],[-2.6042,5.7337],[-2.6012,5.7337],[-2.598,5.7331],[-2.5938,5.7339],[-2.5927,5.7375],[-2.5933,5.7421],[-2.5893,5.7421],[-2.5871,5.7395],[-2.5825,5.7407],[-2.5788,5.7365],[-2.5755,5.7349],[-2.5713,5.7313],[-2.5681,5.7267],[-2.566,5.7241],[-2.5695,5.7187],[-2.5689,5.7113],[-2.5648,5.7093],[-2.5584,5.7079],[-2.5571,5.7045],[-2.5599,5.7021],[-2.5562,5.6967],[-2.5544,5.6937],[-2.551,5.6897],[-2.5528,5.6861],[-2.5576,5.6851],[-2.5618,5.6861],[-2.5677,5.6871],[-2.5711,5.6901],[-2.5741,5.6861],[-2.5738,5.6831],[-2.5735,5.6783],[-2.5708,5.6803],[-2.5652,5.6813],[-2.5639,5.6781],[-2.5653,5.6749],[-2.5689,5.6759],[-2.575,5.6725],[-2.5736,5.6653],[-2.5797,5.6651],[-2.5805,5.6613],[-2.5772,5.6581],[-2.5717,5.6591],[-2.5659,5.6607],[-2.5622,5.6615],[-2.5591,5.6609],[-2.5569,5.6585],[-2.5567,5.6533],[-2.5562,5.6505],[-2.5531,5.6467],[-2.555,5.6435],[-2.5591,5.6419],[-2.5624,5.6439],[-2.5667,5.6467],[-2.5734,5.6481],[-2.5752,5.6439],[-2.5749,5.6353],[-2.5742,5.6297],[-2.5755,5.6257],[-2.5797,5.6271],[-2.5816,5.6245],[-2.5777,5.6179],[-2.5714,5.6137],[-2.5694,5.6091],[-2.5685,5.6057],[-2.5669,5.5999],[-2.5656,5.5969],[-2.5685,5.5923],[-2.5716,5.5909],[-2.5692,5.5871],[-2.5616,5.5877],[-2.5589,5.5817],[-2.5613,5.5801],[-2.565,5.5827],[-2.5669,5.5803],[-2.5663,5.5757],[-2.5675,5.5685],[-2.5677,5.5627],[-2.5691,5.5591],[-2.5722,5.5613],[-2.5765,5.5617],[-2.5705,5.5563],[-2.5693,5.5517],[-2.5722,5.5429],[-2.5767,5.5425],[-2.5805,5.5487],[-2.5863,5.5465],[-2.5921,5.5455],[-2.5935,5.5399],[-2.5982,5.5339],[-2.596,5.5303],[-2.596,5.5255],[-2.5996,5.5261],[-2.6043,5.5261],[-2.6032,5.5221],[-2.5996,5.5183],[-2.5985,5.5127],[-2.5958,5.5141],[-2.5906,5.5185],[-2.5874,5.5179],[-2.5821,5.5177],[-2.5788,5.5137],[-2.5794,5.5105],[-2.5811,5.5061],[-2.5842,5.5005],[-2.5802,5.4925],[-2.58,5.4861],[-2.5851,5.4857],[-2.5922,5.4853],[-2.5974,5.4861],[-2.5979,5.4833],[-2.601,5.4785],[-2.6002,5.4713],[-2.5949,5.4675],[-2.5911,5.4695],[-2.5906,5.4649],[-2.5943,5.4637],[-2.5991,5.4643],[-2.6041,5.4655],[-2.6031,5.4607],[-2.6013,5.4541],[-2.6035,5.4503],[-2.6104,5.4487],[-2.6113,5.4427],[-2.6096,5.4375],[-2.6104,5.4315],[-2.615,5.4275],[-2.6178,5.4255],[-2.6175,5.4179],[-2.6184,5.4121],[-2.6204,5.4089],[-2.6236,5.4077],[-2.6271,5.4021],[-2.6309,5.4023],[-2.6354,5.3973],[-2.6379,5.3933],[-2.6407,5.3877],[-2.6442,5.3873],[-2.6469,5.3837],[-2.6495,5.3807],[-2.6527,5.3777],[-2.6579,5.3739],[-2.6607,5.3719],[-2.6646,5.3719],[-2.6679,5.3699],[-2.6711,5.3679],[-2.6727,5.3633],[-2.6761,5.3589],[-2.6781,5.3563],[-2.6801,5.3537],[-2.6872,5.3485],[-2.6922,5.3483],[-2.6956,5.3443],[-2.6985,5.3427],[-2.7015,5.3441],[-2.7051,5.3477],[-2.7105,5.3479],[-2.7147,5.3493],[-2.7175,5.3481],[-2.7199,5.3465],[-2.7246,5.3425],[-2.729,5.3413],[-2.7325,5.3423],[-2.7354,5.3439],[-2.738,5.3467],[-2.7419,5.3455],[-2.7462,5.3451],[-2.7491,5.3453],[-2.7537,5.3445],[-2.757,5.3455],[-2.7592,5.3491],[-2.7624,5.3529],[-2.7647,5.3561],[-2.7686,5.3561],[-2.7699,5.3523],[-2.773,5.3497],[-2.7764,5.3465],[-2.7755,5.3421],[-2.7723,5.3389],[-2.7708,5.3361],[-2.7737,5.3359],[-2.7759,5.3341],[-2.7764,5.3309],[-2.7719,5.3283],[-2.7711,5.3245],[-2.7696,5.3213],[-2.7677,5.3189],[-2.7661,5.3165],[-2.7666,5.3121],[-2.7675,5.3083],[-2.7666,5.3055],[-2.7678,5.3019],[-2.7692,5.2987],[-2.7694,5.2957],[-2.7722,5.2931],[-2.775,5.2937],[-2.7792,5.2945],[-2.7835,5.2931],[-2.7849,5.2891],[-2.7848,5.2851],[-2.7839,5.2815],[-2.7802,5.2763],[-2.7755,5.2741],[-2.7744,5.2709],[-2.7734,5.2679],[-2.7766,5.2671],[-2.7787,5.2639],[-2.7757,5.2639],[-2.7744,5.2611],[-2.771,5.2581],[-2.7649,5.2587],[-2.7625,5.2555],[-2.7582,5.2559],[-2.7546,5.2533],[-2.7544,5.2469],[-2.7548,5.2423],[-2.758,5.2421],[-2.7611,5.2453],[-2.7642,5.2407],[-2.7653,5.2379],[-2.7639,5.2353],[-2.7589,5.2351],[-2.7563,5.2315],[-2.7596,5.2319],[-2.76,5.2291],[-2.7578,5.2249],[-2.7589,5.2215],[-2.7573,5.2189],[-2.7602,5.2179],[-2.764,5.2173],[-2.7635,5.2139],[-2.7602,5.2107],[-2.7594,5.2061],[-2.7569,5.2011],[-2.7519,5.2021],[-2.7481,5.2023],[-2.7487,5.1995],[-2.7495,5.1953],[-2.7481,5.1921],[-2.7465,5.1887],[-2.7458,5.1853],[-2.7433,5.1823],[-2.7422,5.1787],[-2.7414,5.1759],[-2.7421,5.1729],[-2.7446,5.1677],[-2.742,5.1625],[-2.7386,5.1597],[-2.7415,5.1567],[-2.7395,5.1539],[-2.7379,5.1503],[-2.7336,5.1491],[-2.7314,5.1513],[-2.7297,5.1479],[-2.7273,5.1457],[-2.7256,5.1407],[-2.726,5.1375],[-2.7292,5.1339],[-2.7329,5.1333],[-2.7323,5.1299],[-2.7358,5.1293],[-2.7391,5.1259],[-2.74,5.1225],[-2.7384,5.1197],[-2.7391,5.1167],[-2.7426,5.1139],[-2.7461,5.1163],[-2.749,5.1155],[-2.7537,5.1153],[-2.7559,5.1113],[-2.7548,5.1085],[-2.7567,5.1035],[-2.7583,5.1007],[-2.7613,5.1035],[-2.7652,5.1049],[-2.7658,5.1087],[-2.769,5.1091],[-2.7728,5.1115],[-2.7759,5.1109],[-2.7798,5.1117],[-2.7837,5.1095],[-2.7868,5.1114],[-2.7869,5.1114],[-2.7869,5.1117],[-2.7846,5.1143],[-2.7859,5.1171],[-2.7878,5.1147],[-2.787,5.1115],[-2.7902,5.1083],[-2.7941,5.1073],[-2.7977,5.1075],[-2.8024,5.1087],[-2.8064,5.1109],[-2.8068,5.1077],[-2.8094,5.1063],[-2.8122,5.1073],[-2.8115,5.1103],[-2.8133,5.1133],[-2.8162,5.1115],[-2.8151,5.1069],[-2.818,5.1067],[-2.8195,5.1099],[-2.8223,5.1105],[-2.824,5.1151],[-2.8257,5.1177],[-2.8275,5.1201],[-2.8304,5.1211],[-2.8342,5.1207],[-2.8365,5.1159],[-2.8402,5.1137],[-2.8385,5.1105],[-2.8424,5.1077],[-2.8465,5.1081],[-2.8502,5.1095],[-2.853,5.1117],[-2.8548,5.1155],[-2.8578,5.1161],[-2.8594,5.1185],[-2.8613,5.1215],[-2.8642,5.1231],[-2.8672,5.1225],[-2.8698,5.1235],[-2.8727,5.1251],[-2.8756,5.1277],[-2.879,5.1277],[-2.8822,5.1261],[-2.8859,5.1247],[-2.8905,5.1265],[-2.8911,5.1233],[-2.8922,5.1201],[-2.8952,5.1223],[-2.898,5.1229],[-2.9012,5.1215],[-2.9052,5.1231],[-2.9092,5.1215],[-2.9145,5.1217],[-2.9185,5.1221],[-2.9225,5.1221],[-2.9265,5.1211],[-2.93,5.1221],[-2.9336,5.1223],[-2.9363,5.1253],[-2.9403,5.1243],[-2.9403,5.1213],[-2.9422,5.1163],[-2.9411,5.1121],[-2.9365,5.1103],[-2.9338,5.1071],[-2.9336,5.1037],[-2.9309,5.1003],[-2.9315,5.0959],[-2.9374,5.0947],[-2.941,5.0941],[-2.943,5.0919],[-2.9462,5.0879],[-2.95,5.0847],[-2.9538,5.0847],[-2.9566,5.0857],[-2.9594,5.0863],[-2.9633,5.0875],[-2.9685,5.0873],[-2.9714,5.0871],[-2.9754,5.0873],[-2.9785,5.0887],[-2.9816,5.0907],[-2.9854,5.0937],[-2.9885,5.0963],[-2.9921,5.1001],[-2.9967,5.1047],[-2.9998,5.1081],[-3.0034,5.1117],[-3.0083,5.1125],[-3.0118,5.1129],[-3.0155,5.1149],[-3.019,5.1161],[-3.021,5.1189],[-3.0243,5.1187],[-3.0288,5.1171],[-3.0349,5.1181],[-3.038,5.1167],[-3.042,5.1167],[-3.0454,5.1189],[-3.0489,5.1199],[-3.0506,5.1167],[-3.0541,5.1173],[-3.0571,5.1187],[-3.06,5.1201],[-3.0628,5.1219],[-3.0681,5.1215],[-3.0712,5.1199],[-3.072,5.1171],[-3.0718,5.1137],[-3.0764,5.1129],[-3.0843,5.1123],[-3.0896,5.1129],[-3.0933,5.1149],[-3.0964,5.1133],[-3.1003,5.1125],[-3.1056,5.1139],[-3.1086,5.1153],[-3.1085,5.0939],[-3.1086,5.0903],[-3.1005,5.0895],[-3.0974,5.0889],[-3.0946,5.0883],[-3.0907,5.0875],[-3.087,5.0869],[-3.0827,5.0859],[-3.0793,5.0855],[-3.0757,5.0847],[-3.0718,5.0839],[-3.0651,5.0825],[-3.0597,5.0817],[-3.0536,5.0803],[-3.0499,5.0795],[-3.0454,5.0785],[-3.0416,5.0779],[-3.0348,5.0759],[-3.013,5.0693],[-2.9964,5.0659],[-2.965,5.0587],[-2.9406,5.0537],[-2.9093,5.0485],[-2.8689,5.0381],[-2.8308,5.0311],[-2.8022,5.0251],[-2.7715,5.0191],[-2.7382,5.0083],[-2.7,5.0043],[-2.6712,4.9993],[-2.6552,4.9911],[-2.635,4.9823],[-2.6034,4.9783],[-2.5642,4.9759],[-2.5618,4.9849],[-2.5599,4.9871],[-2.5558,4.9857],[-2.5537,4.9823],[-2.5454,4.9801],[-2.5353,4.9773],[-2.5229,4.9739],[-2.5122,4.9709],[-2.4984,4.9679],[-2.4946,4.9673],[-2.4901,4.9663],[-2.4854,4.9653],[-2.4807,4.9643],[-2.4763,4.9635],[-2.4724,4.9625],[-2.4692,4.9619],[-2.4651,4.9611],[-2.4611,4.9603],[-2.4583,4.9597],[-2.4555,4.9591],[-2.4518,4.9583],[-2.4488,4.9575],[-2.4458,4.9571],[-2.443,4.9563],[-2.4385,4.9553],[-2.434,4.9539],[-2.4295,4.9531],[-2.4254,4.9521],[-2.4218,4.9511],[-2.4171,4.9501],[-2.4132,4.9491],[-2.4102,4.9483],[-2.4056,4.9469],[-2.401,4.9459],[-2.3963,4.9449],[-2.3922,4.9439],[-2.3886,4.9433],[-2.3856,4.9433],[-2.3828,4.9423],[-2.3802,4.9409],[-2.3764,4.9397],[-2.3728,4.9385],[-2.3684,4.9371],[-2.3635,4.9355],[-2.3579,4.9337],[-2.3534,4.9323],[-2.348,4.9305],[-2.3435,4.9291],[-2.3383,4.9271],[-2.3327,4.9249],[-2.3278,4.9233],[-2.3223,4.9211],[-2.3182,4.9195],[-2.3125,4.9171],[-2.3062,4.9145],[-2.3018,4.9127],[-2.2963,4.9107],[-2.2923,4.9089],[-2.2882,4.9075],[-2.2848,4.9059],[-2.2822,4.9047],[-2.2794,4.9033],[-2.2764,4.9017],[-2.2729,4.8999],[-2.2694,4.8995],[-2.2679,4.8957],[-2.2694,4.8923],[-2.2604,4.8893],[-2.2576,4.8883],[-2.2541,4.8863],[-2.2504,4.8843],[-2.2477,4.8803],[-2.247,4.8773],[-2.2468,4.8743],[-2.2459,4.8701],[-2.2428,4.8629],[-2.2431,4.8593],[-2.2464,4.8587],[-2.2475,4.8553],[-2.2436,4.8543],[-2.241,4.8521],[-2.236,4.8497],[-2.2301,4.8485],[-2.226,4.8463],[-2.2215,4.8437],[-2.2138,4.8403],[-2.2109,4.8387],[-2.2081,4.8363],[-2.2068,4.8333],[-2.2041,4.8317],[-2.2031,4.8263],[-2.2035,4.8221],[-2.1989,4.8205],[-2.1845,4.8171],[-2.1805,4.8169],[-2.1737,4.8109],[-2.1696,4.8071],[-2.1712,4.8043],[-2.1701,4.8013],[-2.1684,4.7967],[-2.1648,4.7971],[-2.1606,4.7977],[-2.1554,4.7979],[-2.1514,4.7975],[-2.148,4.7971],[-2.1444,4.7959],[-2.1393,4.7937],[-2.1358,4.7909],[-2.1328,4.7901],[-2.1296,4.7909],[-2.1264,4.7903],[-2.1228,4.7897],[-2.1192,4.7877],[-2.1158,4.7861],[-2.1097,4.7817],[-2.1071,4.7789],[-2.1051,4.7757],[-2.107,4.7717],[-2.1092,4.7691],[-2.1119,4.7669],[-2.113,4.7643],[-2.1104,4.7625],[-2.1112,4.7559],[-2.1089,4.7543],[-2.1051,4.7535],[-2.1009,4.7531],[-2.093,4.7481],[-2.0915,4.7449],[-2.092,4.7411],[-2.0888,4.7425],[-2.0849,4.7463],[-2.0781,4.7481],[-2.0732,4.7485],[-2.0707,4.7467],[-2.0681,4.7451],[-2.064,4.7459],[-2.0613,4.7445],[-2.0581,4.7435],[-2.0551,4.7407],[-2.0536,4.7441],[-2.0501,4.7469],[-2.0464,4.7501],[-2.0445,4.7531],[-2.0417,4.7537],[-2.0389,4.7543],[-2.0347,4.7555],[-2.0311,4.7563],[-2.0277,4.7571],[-2.0235,4.7575],[-2.0194,4.7575],[-2.016,4.7573],[-2.0123,4.7571],[-2.0084,4.7581],[-1.9963,4.7595],[-1.9918,4.7593],[-1.9889,4.7591],[-1.9849,4.7577],[-1.9807,4.7569],[-1.9785,4.7591],[-1.9756,4.7583],[-1.9733,4.7613],[-1.9728,4.7643],[-1.9723,4.7691],[-1.969,4.7717],[-1.9643,4.7745],[-1.9605,4.7781],[-1.9577,4.7809],[-1.9542,4.7839],[-1.9502,4.7867],[-1.9471,4.7891],[-1.9488,4.7919],[-1.9453,4.7931],[-1.9414,4.7951],[-1.939,4.7979],[-1.9385,4.8019],[-1.9367,4.8067],[-1.9296,4.8109],[-1.926,4.8121],[-1.9222,4.8133],[-1.9176,4.8141],[-1.915,4.8181],[-1.9156,4.8209],[-1.9128,4.8255],[-1.9077,4.8271],[-1.9033,4.8275],[-1.8988,4.8277],[-1.8937,4.8275],[-1.8902,4.8281],[-1.8861,4.8305],[-1.8849,4.8339],[-1.882,4.8369],[-1.879,4.8379],[-1.8753,4.8399],[-1.8723,4.8427],[-1.8681,4.8445],[-1.8615,4.8465],[-1.8585,4.8473],[-1.8549,4.8471],[-1.8514,4.8477],[-1.8427,4.8487],[-1.8391,4.8489],[-1.8357,4.8515],[-1.8353,4.8555],[-1.8319,4.8601],[-1.8276,4.8633],[-1.8228,4.8651],[-1.8178,4.8659],[-1.8141,4.8673],[-1.8134,4.8703],[-1.8109,4.8719],[-1.8082,4.8733],[-1.8035,4.8739],[-1.7986,4.8733],[-1.795,4.8721],[-1.7915,4.8723],[-1.7888,4.8733],[-1.7857,4.8747],[-1.7826,4.8751],[-1.7793,4.8755],[-1.775,4.8757],[-1.7683,4.8757],[-1.7642,4.8765],[-1.7611,4.8763],[-1.7583,4.8769],[-1.7553,4.8781],[-1.7525,4.8785],[-1.7497,4.8793],[-1.747,4.8807],[-1.74,4.8811],[-1.7354,4.8815],[-1.7331,4.8877],[-1.7362,4.8867],[-1.7434,4.8889],[-1.7447,4.8917],[-1.7469,4.8941],[-1.7477,4.8975],[-1.7459,4.9019],[-1.7431,4.9055],[-1.7431,4.9103],[-1.7431,4.9139],[-1.7412,4.9169],[-1.7385,4.9199],[-1.7347,4.9235],[-1.729,4.9259],[-1.7238,4.9287],[-1.7198,4.9301],[-1.7154,4.9317],[-1.7112,4.9329],[-1.7072,4.9337],[-1.7083,4.9401],[-1.7074,4.9453],[-1.7041,4.9469],[-1.7053,4.9497],[-1.7046,4.9531],[-1.7022,4.9555],[-1.6988,4.9575],[-1.6935,4.9597],[-1.6898,4.9621],[-1.6856,4.9635],[-1.6807,4.9647],[-1.6751,4.9655],[-1.6715,4.9657],[-1.6679,4.9665],[-1.6638,4.9671],[-1.6592,4.9681],[-1.6547,4.9691],[-1.6514,4.9695],[-1.6476,4.9703],[-1.644,4.9721],[-1.6413,4.9777],[-1.6379,4.9801],[-1.6352,4.9813],[-1.635,4.9843],[-1.6342,4.9877],[-1.6317,4.9919],[-1.6331,4.9957],[-1.6335,4.9987],[-1.6322,5.0015],[-1.6303,5.0047],[-1.6286,5.0081],[-1.6273,5.0127],[-1.6256,5.0157],[-1.623,5.0189],[-1.6206,5.0215],[-1.6168,5.0233],[-1.6144,5.0249],[-1.6099,5.0275],[-1.6068,5.0283],[-1.6039,5.0295],[-1.5992,5.0305],[-1.5949,5.0313],[-1.5917,5.0319],[-1.5886,5.0323],[-1.5842,5.0329],[-1.5802,5.0331],[-1.5791,5.0455],[-1.579,5.0663],[-1.581,5.0893],[-1.5818,5.1007],[-1.5804,5.1139],[-1.5801,5.1255],[-1.5797,5.1407],[-1.5815,5.1549],[-1.5778,5.1579],[-1.5678,5.1601],[-1.562,5.1601],[-1.5577,5.1599],[-1.553,5.1607],[-1.55,5.1605],[-1.547,5.1615],[-1.5432,5.1633],[-1.5381,5.1639],[-1.5356,5.1667],[-1.5344,5.1725],[-1.5302,5.1717],[-1.5266,5.1703],[-1.525,5.1739],[-1.5241,5.1791],[-1.523,5.1825],[-1.5244,5.1867],[-1.524,5.1897],[-1.5245,5.1935],[-1.5232,5.1967],[-1.5223,5.2005],[-1.5197,5.2025],[-1.5161,5.2037],[-1.5127,5.2051],[-1.5084,5.2071],[-1.5017,5.2067],[-1.4967,5.2069],[-1.4926,5.2075],[-1.4891,5.2077],[-1.4847,5.2089],[-1.481,5.2099],[-1.4775,5.2083],[-1.4734,5.2087],[-1.4705,5.2091],[-1.4672,5.2085],[-1.4639,5.2083],[-1.4602,5.2079],[-1.4545,5.2109],[-1.45,5.2101],[-1.4468,5.2103],[-1.4455,5.2149],[-1.4475,5.2227],[-1.4481,5.2263],[-1.4486,5.2297],[-1.4478,5.2345],[-1.448,5.2399],[-1.4478,5.2475],[-1.4453,5.2619],[-1.4441,5.2679],[-1.4404,5.2677],[-1.4355,5.2675],[-1.4331,5.2743],[-1.4305,5.2815],[-1.4276,5.2891],[-1.4245,5.2901],[-1.4214,5.2911],[-1.4152,5.2931],[-1.4074,5.2957],[-1.3998,5.2981],[-1.4041,5.3059],[-1.4076,5.3121],[-1.4141,5.3179],[-1.419,5.3219],[-1.4238,5.3263],[-1.4261,5.3283],[-1.4298,5.3317],[-1.4375,5.3383],[-1.4412,5.3393],[-1.4471,5.3405],[-1.4505,5.3425],[-1.4535,5.3451],[-1.4554,5.3477],[-1.4579,5.3575],[-1.4585,5.3613],[-1.4594,5.3667],[-1.4604,5.3721],[-1.4612,5.3769],[-1.4621,5.3819],[-1.4703,5.3795],[-1.474,5.3779],[-1.4756,5.3837],[-1.4793,5.3899],[-1.4842,5.3949],[-1.4893,5.3993],[-1.4927,5.3991],[-1.4958,5.3997],[-1.5004,5.4009],[-1.5053,5.4001],[-1.5108,5.3947],[-1.5134,5.3927],[-1.5169,5.3941],[-1.5194,5.3975],[-1.523,5.4003],[-1.5261,5.4027],[-1.5301,5.4037],[-1.5335,5.4031],[-1.5382,5.4049],[-1.5416,5.4069],[-1.5446,5.4075],[-1.5483,5.4073],[-1.5522,5.4087],[-1.5553,5.4105],[-1.5586,5.4119],[-1.5623,5.4149],[-1.5678,5.4139],[-1.5712,5.4127],[-1.5753,5.4117],[-1.5804,5.4109],[-1.5849,5.4107],[-1.5895,5.4109],[-1.596,5.4111],[-1.601,5.4127],[-1.6051,5.4175],[-1.6049,5.4205],[-1.6078,5.4221],[-1.6122,5.4225],[-1.6164,5.4239],[-1.6197,5.4255],[-1.6227,5.4217],[-1.6259,5.4205],[-1.6281,5.4231],[-1.6273,5.4279],[-1.6267,5.4325],[-1.6255,5.4351],[-1.6239,5.4383],[-1.6212,5.4409],[-1.6179,5.4429],[-1.615,5.4445],[-1.6102,5.4455],[-1.6065,5.4471],[-1.6017,5.4519],[-1.6021,5.4553],[-1.6052,5.4579],[-1.6085,5.4599],[-1.6109,5.4627],[-1.6126,5.4673],[-1.6124,5.4713],[-1.6125,5.4777],[-1.614,5.4815],[-1.6143,5.4869],[-1.6151,5.4929],[-1.6157,5.4963],[-1.6167,5.4997],[-1.6168,5.5031],[-1.6157,5.5113],[-1.6142,5.5155],[-1.6154,5.5195],[-1.6128,5.5231],[-1.61,5.5299],[-1.6067,5.5319],[-1.603,5.5317],[-1.5981,5.5303],[-1.5944,5.5299],[-1.5951,5.5349],[-1.5947,5.5389],[-1.5935,5.5437],[-1.5917,5.5489],[-1.5913,5.5557],[-1.592,5.5593],[-1.5923,5.5625],[-1.5946,5.5649],[-1.5983,5.5659],[-1.6059,5.5667],[-1.609,5.5737],[-1.6121,5.5775],[-1.6146,5.5801],[-1.6177,5.5861],[-1.6186,5.5911],[-1.6209,5.5979],[-1.624,5.6021],[-1.6271,5.6037],[-1.6296,5.6073],[-1.6316,5.6095],[-1.6379,5.6129],[-1.6407,5.6151],[-1.6432,5.6169],[-1.6465,5.6177],[-1.6511,5.6177],[-1.6565,5.6181],[-1.6607,5.6165],[-1.6653,5.6135],[-1.6687,5.6109],[-1.6722,5.6101],[-1.6759,5.6099],[-1.6757,5.6137],[-1.6759,5.6179],[-1.6762,5.6249],[-1.6778,5.6307],[-1.6785,5.6347],[-1.6817,5.6377],[-1.6849,5.6415],[-1.6933,5.6411],[-1.6966,5.6397],[-1.7031,5.6381],[-1.7075,5.6369],[-1.7152,5.6349],[-1.719,5.6309],[-1.723,5.6291],[-1.7276,5.6287],[-1.7318,5.6281],[-1.7387,5.6241],[-1.7483,5.6263],[-1.7621,5.6217],[-1.7705,5.6179],[-1.7782,5.6145],[-1.7858,5.6111],[-1.7939,5.6073],[-1.8024,5.6035],[-1.8076,5.6013],[-1.8126,5.5989],[-1.817,5.5969],[-1.824,5.5933],[-1.8322,5.5925],[-1.829,5.6037],[-1.8274,5.6149],[-1.8264,5.6235],[-1.8245,5.6333],[-1.8233,5.6437],[-1.8203,5.6591],[-1.8181,5.6747],[-1.813,5.6759],[-1.8095,5.6781],[-1.8073,5.6823],[-1.8034,5.6871],[-1.8001,5.6893],[-1.795,5.6919],[-1.7921,5.6953],[-1.7907,5.6987],[-1.7918,5.7041],[-1.791,5.7099],[-1.7891,5.7131],[-1.7871,5.7165],[-1.7852,5.7209],[-1.784,5.7251],[-1.7846,5.7297],[-1.7865,5.7327],[-1.7906,5.7323],[-1.7945,5.7309],[-1.7984,5.7297],[-1.8016,5.7293],[-1.8045,5.7283],[-1.8084,5.7267],[-1.8124,5.7259],[-1.8165,5.7261],[-1.8156,5.7303],[-1.8128,5.7325],[-1.8135,5.7357],[-1.8103,5.7377],[-1.8086,5.7407],[-1.8051,5.7423],[-1.8009,5.7445],[-1.8001,5.7481],[-1.8014,5.7513],[-1.8042,5.7531],[-1.8111,5.7595],[-1.8274,5.7617],[-1.8305,5.7617],[-1.8441,5.7651],[-1.8474,5.7653],[-1.8505,5.7673],[-1.8488,5.7703],[-1.8429,5.7777],[-1.8402,5.7815],[-1.8347,5.7855],[-1.8297,5.7857],[-1.8303,5.7923],[-1.8341,5.7941],[-1.8359,5.7909],[-1.8372,5.7945],[-1.8389,5.7979],[-1.8415,5.8017],[-1.8432,5.8049],[-1.8397,5.8061],[-1.8399,5.8097],[-1.837,5.8143],[-1.8346,5.8179],[-1.8319,5.8219],[-1.8324,5.8271],[-1.8308,5.8307],[-1.8281,5.8363],[-1.8257,5.8415],[-1.8236,5.8465],[-1.823,5.8509],[-1.8227,5.8539],[-1.8203,5.8563],[-1.8185,5.8595],[-1.8161,5.8645],[-1.8147,5.8685],[-1.8151,5.8727],[-1.8142,5.8803],[-1.8149,5.8841],[-1.8156,5.8903],[-1.8189,5.8935],[-1.8223,5.8955],[-1.8256,5.8993],[-1.8296,5.8999],[-1.8306,5.8961],[-1.8366,5.8955],[-1.8396,5.8975],[-1.841,5.9011],[-1.8442,5.8999],[-1.8501,5.8973],[-1.8538,5.8951],[-1.8559,5.8891],[-1.8603,5.8869],[-1.8642,5.8861],[-1.8673,5.8845],[-1.8703,5.8843],[-1.8741,5.8869],[-1.878,5.8891],[-1.882,5.8917],[-1.8846,5.8955],[-1.8882,5.8991],[-1.8879,5.9043],[-1.8879,5.9079],[-1.8896,5.9117],[-1.8914,5.9145],[-1.8949,5.9173],[-1.9002,5.9171],[-1.9031,5.9175],[-1.9043,5.9207],[-1.9059,5.9231],[-1.9106,5.9293],[-1.9119,5.9327],[-1.9094,5.9361],[-1.9211,5.9397],[-1.9281,5.9427],[-1.93,5.9463],[-1.9338,5.9489],[-1.9355,5.9531],[-1.9392,5.9559],[-1.9404,5.9589],[-1.9391,5.9659],[-1.9392,5.9697],[-1.9434,5.9767],[-1.9436,5.9803],[-1.9453,5.9835],[-1.9485,5.9823],[-1.9531,5.9841],[-1.9565,5.9887],[-1.9612,5.9939],[-1.9636,5.9953],[-1.9663,5.9977],[-1.9685,6.0011],[-1.9732,6.0031],[-1.9763,6.0055],[-1.9801,6.0081],[-1.9842,6.0107],[-1.9853,6.0165],[-1.9922,6.0217],[-2.0022,6.0251],[-2.0089,6.0243],[-2.0182,6.0277],[-2.0212,6.0349],[-2.0237,6.0381],[-2.0266,6.0417],[-2.032,6.0439],[-2.0358,6.0453],[-2.0387,6.0471],[-2.0416,6.0477],[-2.0447,6.0481],[-2.0479,6.0507],[-2.051,6.0509],[-2.0477,6.0561],[-2.0476,6.0593],[-2.0501,6.0621],[-2.0587,6.0715],[-2.0711,6.0757],[-2.0783,6.0771],[-2.1032,6.0849],[-2.1314,6.0923],[-2.1356,6.0915],[-2.14,6.0917],[-2.1414,6.0953],[-2.1422,6.1005],[-2.1473,6.1017],[-2.1503,6.1041],[-2.1535,6.1055],[-2.1562,6.1089],[-2.1578,6.1113],[-2.1608,6.1151],[-2.1623,6.1187],[-2.1655,6.1215],[-2.1717,6.1235],[-2.1751,6.1211],[-2.1785,6.1199],[-2.1818,6.1229],[-2.1825,6.1267],[-2.1877,6.1433],[-2.1896,6.1471]]]},"properties":{"adm1_pcode":"GH15","adm1_name":"Western","center_lat":5.44500732,"center_lon":-2.11179329}},
{"type":"Feature","geometry":{"type":"Polygon","coordinates":[[[-2.866,6.8515],[-2.8719,6.8543],[-2.8733,6.8569],[-2.8751,6.8593],[-2.8756,6.8623],[-2.8778,6.8659],[-2.8802,6.8691],[-2.883,6.8719],[-2.8852,6.8753],[-2.8861,6.8791],[-2.8903,6.8813],[-2.8931,6.8843],[-2.8951,6.8867],[-2.8966,6.8905],[-2.8972,6.8939],[-2.9012,6.8997],[-2.9041,6.9021],[-2.9056,6.9057],[-2.9099,6.9103],[-2.9127,6.9143],[-2.9173,6.9179],[-2.9193,6.9209],[-2.9208,6.9255],[-2.9266,6.9283],[-2.9303,6.9325],[-2.9321,6.9351],[-2.9348,6.9377],[-2.9376,6.9405],[-2.9421,6.9411],[-2.9459,6.9407],[-2.9491,6.9403],[-2.9521,6.9405],[-2.9561,6.9395],[-2.9594,6.9383],[-2.9622,6.9371],[-2.9656,6.9375],[-2.969,6.9371],[-2.9745,6.9403],[-2.9782,6.9427],[-2.9809,6.9445],[-2.9846,6.9463],[-2.9892,6.9461],[-2.9918,6.9439],[-2.9948,6.9413],[-3.0022,6.9403],[-3.0083,6.9385],[-3.0135,6.9355],[-3.0165,6.9317],[-3.0198,6.9305],[-3.0226,6.9295],[-3.0254,6.9283],[-3.0282,6.9271],[-3.0326,6.9275],[-3.0365,6.9299],[-3.0387,6.9319],[-3.0407,6.9345],[-3.0439,6.9369],[-3.0463,6.9385],[-3.0492,6.9385],[-3.0533,6.9387],[-3.0586,6.9389],[-3.0638,6.9397],[-3.0719,6.9433],[-3.0721,6.9461],[-3.0712,6.9489],[-3.072,6.9523],[-3.0734,6.9559],[-3.0721,6.9597],[-3.0729,6.9649],[-3.075,6.9707],[-3.079,6.9745],[-3.0816,6.9759],[-3.0844,6.9767],[-3.0874,6.9775],[-3.0902,6.9793],[-3.094,6.9843],[-3.0957,6.9885],[-3.0972,6.9915],[-3.1003,6.9949],[-3.1054,6.9981],[-3.1084,7.0007],[-3.1112,7.0033],[-3.1137,7.0045],[-3.1166,7.0059],[-3.1288,6.9841],[-3.1323,6.9779],[-3.1339,6.9749],[-3.1421,6.9635],[-3.1435,6.9567],[-3.1554,6.9405],[-3.2271,6.8243],[-3.2312,6.8213],[-3.2304,6.8157],[-3.2304,6.8075],[-3.2305,6.8029],[-3.2317,6.7979],[-3.2324,6.7935],[-3.2323,6.7893],[-3.2327,6.7863],[-3.2318,6.7823],[-3.2313,6.7767],[-3.2288,6.7727],[-3.2265,6.7679],[-3.2235,6.7657],[-3.2181,6.7615],[-3.2155,6.7601],[-3.2125,6.7553],[-3.2158,6.7509],[-3.217,6.7475],[-3.2147,6.7443],[-3.2136,6.7403],[-3.2099,6.7353],[-3.209,6.7317],[-3.2108,6.7283],[-3.2136,6.7245],[-3.2157,6.7213],[-3.2165,6.7179],[-3.2166,6.7143],[-3.2199,6.7105],[-3.2217,6.7073],[-3.2235,6.7051],[-3.2271,6.7039],[-3.2301,6.7027],[-3.2311,6.7001],[-3.2309,6.6955],[-3.2287,6.6921],[-3.2311,6.6861],[-3.2318,6.6805],[-3.2362,6.6765],[-3.2354,6.6687],[-3.2423,6.6661],[-3.2456,6.6621],[-3.2477,6.6589],[-3.25,6.6547],[-3.2517,6.6505],[-3.2548,6.6451],[-3.2567,6.6429],[-3.2563,6.6391],[-3.2571,6.6337],[-3.2589,6.6311],[-3.2597,6.6277],[-3.2604,6.6241],[-3.2621,6.6177],[-3.2589,6.6171],[-3.2555,6.6157],[-3.2549,6.6101],[-3.2443,6.6015],[-3.234,6.5965],[-3.2363,6.5479],[-3.2365,6.5387],[-3.2293,6.5085],[-3.2183,6.4629],[-3.209,6.4247],[-3.1989,6.3827],[-3.1935,6.3605],[-3.1902,6.3487],[-3.1865,6.3427],[-3.1858,6.3261],[-3.1809,6.3159],[-3.177,6.3129],[-3.1745,6.3093],[-3.1734,6.3045],[-3.1726,6.3007],[-3.1718,6.2977],[-3.1708,6.2947],[-3.1708,6.2903],[-3.1709,6.2859],[-3.1711,6.2819],[-3.1715,6.2771],[-3.1714,6.2739],[-3.1715,6.2709],[-3.1717,6.2641],[-3.1737,6.2591],[-3.174,6.2535],[-3.1548,6.2523],[-3.1472,6.2393],[-3.1413,6.2271],[-3.1353,6.2163],[-3.13,6.2081],[-3.1212,6.1909],[-3.1153,6.1785],[-3.1077,6.1651],[-3.1023,6.1519],[-3.1012,6.1457],[-3.0985,6.1313],[-3.0956,6.1165],[-3.0937,6.1037],[-3.0913,6.0875],[-3.0886,6.0697],[-3.0833,6.0395],[-3.0794,6.0187],[-3.074,5.9853],[-3.0728,5.9825],[-3.0682,5.9719],[-3.0581,5.9465],[-3.0441,5.9135],[-3.0358,5.8937],[-3.0266,5.8719],[-3.0205,5.8571],[-3.0214,5.8285],[-3.0232,5.7961],[-3.0241,5.7737],[-3.0252,5.7535],[-3.0258,5.7353],[-3.0261,5.7097],[-3.0119,5.7103],[-2.9928,5.7117],[-2.9798,5.7129],[-2.9685,5.7141],[-2.9527,5.7161],[-2.9528,5.7021],[-2.9533,5.6739],[-2.961,5.6697],[-2.9667,5.6407],[-2.9629,5.6397],[-2.9596,5.6367],[-2.9555,5.6369],[-2.9508,5.6359],[-2.9475,5.6367],[-2.9441,5.6339],[-2.9405,5.6285],[-2.9362,5.6235],[-2.9345,5.6199],[-2.9306,5.6195],[-2.9278,5.6201],[-2.9244,5.6213],[-2.9224,5.6257],[-2.9207,5.6281],[-2.9166,5.6281],[-2.9132,5.6291],[-2.9081,5.6293],[-2.904,5.6305],[-2.8999,5.6293],[-2.8967,5.6311],[-2.8938,5.6325],[-2.8907,5.6341],[-2.8867,5.6353],[-2.8839,5.6361],[-2.883,5.6395],[-2.8785,5.6395],[-2.8758,5.6431],[-2.8719,5.6447],[-2.8677,5.6471],[-2.8651,5.6509],[-2.8613,5.6527],[-2.8587,5.6563],[-2.8566,5.6541],[-2.8554,5.6489],[-2.8499,5.6483],[-2.8467,5.6443],[-2.8438,5.6433],[-2.8415,5.6415],[-2.8393,5.6395],[-2.8364,5.6395],[-2.8354,5.6367],[-2.8319,5.6347],[-2.8289,5.6335],[-2.8261,5.6305],[-2.8232,5.6295],[-2.8221,5.6267],[-2.8187,5.6269],[-2.8155,5.6263],[-2.8131,5.6281],[-2.8088,5.6253],[-2.8061,5.6195],[-2.804,5.6175],[-2.8021,5.6207],[-2.7971,5.6227],[-2.7932,5.6237],[-2.7931,5.6269],[-2.7895,5.6251],[-2.7865,5.6235],[-2.7874,5.6205],[-2.7846,5.6191],[-2.7844,5.6149],[-2.7802,5.6145],[-2.7758,5.6143],[-2.7769,5.6097],[-2.7783,5.6067],[-2.7754,5.6037],[-2.7721,5.6043],[-2.7699,5.6023],[-2.7661,5.6025],[-2.7631,5.6001],[-2.7622,5.5939],[-2.7639,5.5813],[-2.7656,5.5711],[-2.7683,5.5545],[-2.7664,5.5457],[-2.7625,5.5249],[-2.761,5.5135],[-2.7578,5.4959],[-2.7548,5.4771],[-2.753,5.4689],[-2.7515,5.4563],[-2.7478,5.4379],[-2.7456,5.4321],[-2.739,5.4183],[-2.7323,5.4041],[-2.7242,5.3879],[-2.7245,5.3781],[-2.7242,5.3575],[-2.7199,5.3465],[-2.7175,5.3481],[-2.7147,5.3493],[-2.7105,5.3479],[-2.7051,5.3477],[-2.7015,5.3441],[-2.6985,5.3427],[-2.6956,5.3443],[-2.6922,5.3483],[-2.6872,5.3485],[-2.6801,5.3537],[-2.6781,5.3563],[-2.6761,5.3589],[-2.6727,5.3633],[-2.6711,5.3679],[-2.6679,5.3699],[-2.6646,5.3719],[-2.6607,5.3719],[-2.6579,5.3739],[-2.6527,5.3777],[-2.6495,5.3807],[-2.6469,5.3837],[-2.6442,5.3873],[-2.6407,5.3877],[-2.6379,5.3933],[-2.6354,5.3973],[-2.6309,5.4023],[-2.6271,5.4021],[-2.6236,5.4077],[-2.6204,5.4089],[-2.6184,5.4121],[-2.6175,5.4179],[-2.6178,5.4255],[-2.615,5.4275],[-2.6104,5.4315],[-2.6096,5.4375],[-2.6113,5.4427],[-2.6104,5.4487],[-2.6035,5.4503],[-2.6013,5.4541],[-2.6031,5.4607],[-2.6041,5.4655],[-2.5991,5.4643],[-2.5943,5.4637],[-2.5906,5.4649],[-2.5911,5.4695],[-2.5949,5.4675],[-2.6002,5.4713],[-2.601,5.4785],[-2.5979,5.4833],[-2.5974,5.4861],[-2.5922,5.4853],[-2.5851,5.4857],[-2.58,5.4861],[-2.5802,5.4925],[-2.5842,5.5005],[-2.5811,5.5061],[-2.5794,5.5105],[-2.5788,5.5137],[-2.5821,5.5177],[-2.5874,5.5179],[-2.5906,5.5185],[-2.5958,5.5141],[-2.5985,5.5127],[-2.5996,5.5183],[-2.6032,5.5221],[-2.6043,5.5261],[-2.5996,5.5261],[-2.596,5.5255],[-2.596,5.5303],[-2.5982,5.5339],[-2.5935,5.5399],[-2.5921,5.5455],[-2.5863,5.5465],[-2.5805,5.5487],[-2.5767,5.5425],[-2.5722,5.5429],[-2.5693,5.5517],[-2.5705,5.5563],[-2.5765,5.5617],[-2.5722,5.5613],[-2.5691,5.5591],[-2.5677,5.5627],[-2.5675,5.5685],[-2.5663,5.5757],[-2.5669,5.5803],[-2.565,5.5827],[-2.5613,5.5801],[-2.5589,5.5817],[-2.5616,5.5877],[-2.5692,5.5871],[-2.5716,5.5909],[-2.5685,5.5923],[-2.5656,5.5969],[-2.5669,5.5999],[-2.5685,5.6057],[-2.5694,5.6091],[-2.5714,5.6137],[-2.5777,5.6179],[-2.5816,5.6245],[-2.5797,5.6271],[-2.5755,5.6257],[-2.5742,5.6297],[-2.5749,5.6353],[-2.5752,5.6439],[-2.5734,5.6481],[-2.5667,5.6467],[-2.5624,5.6439],[-2.5591,5.6419],[-2.555,5.6435],[-2.5531,5.6467],[-2.5562,5.6505],[-2.5567,5.6533],[-2.5569,5.6585],[-2.5591,5.6609],[-2.5622,5.6615],[-2.5659,5.6607],[-2.5717,5.6591],[-2.5772,5.6581],[-2.5805,5.6613],[-2.5797,5.6651],[-2.5736,5.6653],[-2.575,5.6725],[-2.5689,5.6759],[-2.5653,5.6749],[-2.5639,5.6781],[-2.5652,5.6813],[-2.5708,5.6803],[-2.5735,5.6783],[-2.5738,5.6831],[-2.5741,5.6861],[-2.5711,5.6901],[-2.5677,5.6871],[-2.5618,5.6861],[-2.5576,5.6851],[-2.5528,5.6861],[-2.551,5.6897],[-2.5544,5.6937],[-2.5562,5.6967],[-2.5599,5.7021],[-2.5571,5.7045],[-2.5584,5.7079],[-2.5648,5.7093],[-2.5689,5.7113],[-2.5695,5.7187],[-2.566,5.7241],[-2.5681,5.7267],[-2.5713,5.7313],[-2.5755,5.7349],[-2.5788,5.7365],[-2.5825,5.7407],[-2.5871,5.7395],[-2.5893,5.7421],[-2.5933,5.7421],[-2.5927,5.7375],[-2.5938,5.7339],[-2.598,5.7331],[-2.6012,5.7337],[-2.6042,5.7337],[-2.607,5.7361],[-2.6056,5.7385],[-2.6012,5.7429],[-2.5991,5.7449],[-2.5965,5.7485],[-2.5956,5.7519],[-2.5926,5.7517],[-2.5934,5.7545],[-2.5887,5.7571],[-2.5853,5.7589],[-2.5814,5.7601],[-2.5772,5.7613],[-2.5736,5.7657],[-2.5711,5.7701],[-2.5725,5.7727],[-2.575,5.7777],[-2.5776,5.7821],[-2.5785,5.7851],[-2.5758,5.7893],[-2.5725,5.7919],[-2.5764,5.7939],[-2.5802,5.7943],[-2.5815,5.7993],[-2.5801,5.8019],[-2.5811,5.8051],[-2.5819,5.8079],[-2.578,5.8087],[-2.5746,5.8071],[-2.5712,5.8081],[-2.5684,5.8109],[-2.5661,5.8077],[-2.5628,5.8013],[-2.5597,5.7975],[-2.5565,5.7943],[-2.5522,5.7937],[-2.5463,5.7943],[-2.5393,5.7959],[-2.536,5.7975],[-2.5343,5.7949],[-2.5299,5.7951],[-2.5241,5.7945],[-2.5269,5.7907],[-2.5285,5.7853],[-2.5239,5.7841],[-2.5197,5.7815],[-2.5152,5.7791],[-2.5082,5.7779],[-2.5066,5.7815],[-2.503,5.7841],[-2.4988,5.7847],[-2.4973,5.7879],[-2.4987,5.7905],[-2.502,5.7919],[-2.5025,5.7947],[-2.4978,5.7943],[-2.4955,5.7965],[-2.4988,5.7995],[-2.5019,5.8021],[-2.5024,5.8091],[-2.4978,5.8095],[-2.4959,5.8047],[-2.4948,5.8013],[-2.4912,5.7997],[-2.4827,5.8021],[-2.4839,5.8073],[-2.486,5.8095],[-2.4876,5.8123],[-2.4868,5.8151],[-2.485,5.8195],[-2.4859,5.8225],[-2.486,5.8257],[-2.4912,5.8237],[-2.497,5.8231],[-2.4995,5.8261],[-2.506,5.8271],[-2.5097,5.8235],[-2.5177,5.8249],[-2.5171,5.8291],[-2.5127,5.8305],[-2.5131,5.8349],[-2.5169,5.8345],[-2.5201,5.8347],[-2.5204,5.8425],[-2.5182,5.8523],[-2.5163,5.8587],[-2.5153,5.8615],[-2.5121,5.8655],[-2.5066,5.8643],[-2.5035,5.8637],[-2.5057,5.8681],[-2.5044,5.8709],[-2.4998,5.8731],[-2.4961,5.8671],[-2.4901,5.8687],[-2.4871,5.8699],[-2.4893,5.8739],[-2.4946,5.8803],[-2.4988,5.8875],[-2.4984,5.8907],[-2.4981,5.8951],[-2.5029,5.8973],[-2.5094,5.8985],[-2.5086,5.9019],[-2.51,5.9051],[-2.5094,5.9093],[-2.5087,5.9145],[-2.5034,5.9135],[-2.4978,5.9145],[-2.4972,5.9173],[-2.4994,5.9195],[-2.5057,5.9233],[-2.502,5.9265],[-2.5039,5.9307],[-2.5033,5.9347],[-2.5042,5.9375],[-2.5088,5.9405],[-2.5106,5.9463],[-2.5076,5.9501],[-2.5165,5.9545],[-2.5158,5.9615],[-2.5153,5.9657],[-2.5222,5.9689],[-2.5308,5.9691],[-2.5347,5.9653],[-2.5353,5.9691],[-2.538,5.9773],[-2.5436,5.9799],[-2.5494,5.9805],[-2.5595,5.9785],[-2.5572,5.9815],[-2.557,5.9843],[-2.5536,5.9865],[-2.5492,5.9885],[-2.5486,5.9937],[-2.5446,5.9965],[-2.5423,5.9989],[-2.5396,6.0015],[-2.537,6.0035],[-2.5354,6.0061],[-2.5328,6.0099],[-2.5257,6.0193],[-2.5194,6.0299],[-2.5119,6.0423],[-2.5075,6.0459],[-2.5041,6.0497],[-2.5031,6.0539],[-2.4993,6.0535],[-2.4993,6.0581],[-2.4943,6.0599],[-2.4942,6.0643],[-2.4901,6.0657],[-2.4943,6.0687],[-2.4977,6.0681],[-2.5015,6.0709],[-2.5057,6.0723],[-2.5068,6.0761],[-2.5085,6.0797],[-2.5072,6.0825],[-2.4979,6.0915],[-2.495,6.0929],[-2.491,6.0927],[-2.4869,6.0943],[-2.4825,6.0965],[-2.4809,6.0999],[-2.4782,6.1029],[-2.4777,6.1057],[-2.4742,6.1081],[-2.4688,6.1093],[-2.4641,6.1101],[-2.4607,6.1097],[-2.4579,6.1079],[-2.4547,6.1041],[-2.4503,6.1011],[-2.4491,6.1043],[-2.4497,6.1073],[-2.4469,6.1105],[-2.445,6.1163],[-2.4395,6.1197],[-2.4329,6.1153],[-2.4327,6.1119],[-2.4339,6.1073],[-2.4305,6.1045],[-2.4271,6.1009],[-2.4244,6.0995],[-2.4215,6.0981],[-2.4192,6.0957],[-2.4168,6.0927],[-2.4149,6.0905],[-2.4118,6.0883],[-2.4074,6.0887],[-2.404,6.0891],[-2.4002,6.0895],[-2.3958,6.0879],[-2.3922,6.0851],[-2.3882,6.0845],[-2.383,6.0831],[-2.3795,6.0831],[-2.3754,6.0831],[-2.372,6.0851],[-2.372,6.0897],[-2.3716,6.0937],[-2.3706,6.0967],[-2.3675,6.0981],[-2.3643,6.0997],[-2.3604,6.1017],[-2.3565,6.1039],[-2.3536,6.1053],[-2.3487,6.1039],[-2.3441,6.1033],[-2.3388,6.1029],[-2.3342,6.1017],[-2.3306,6.1011],[-2.3272,6.1013],[-2.323,6.1003],[-2.3199,6.0971],[-2.3163,6.0961],[-2.3109,6.0977],[-2.3061,6.0973],[-2.2975,6.0993],[-2.2951,6.1011],[-2.2922,6.1031],[-2.2885,6.1039],[-2.2846,6.1021],[-2.2797,6.1075],[-2.2752,6.1155],[-2.2693,6.1213],[-2.2605,6.1201],[-2.2568,6.1209],[-2.2572,6.1247],[-2.2556,6.1273],[-2.2557,6.1335],[-2.2544,6.1369],[-2.2491,6.1385],[-2.2457,6.1397],[-2.2406,6.1421],[-2.237,6.1445],[-2.2323,6.1485],[-2.2287,6.1497],[-2.2252,6.1455],[-2.2212,6.1447],[-2.2176,6.1429],[-2.2147,6.1419],[-2.2104,6.1431],[-2.2057,6.1447],[-2.2014,6.1443],[-2.1967,6.1449],[-2.1924,6.1463],[-2.1896,6.1471],[-2.1921,6.1571],[-2.1942,6.1633],[-2.1973,6.1727],[-2.1997,6.1799],[-2.2011,6.1839],[-2.2044,6.1985],[-2.1988,6.2001],[-2.1958,6.2013],[-2.1917,6.2037],[-2.1755,6.2143],[-2.1712,6.2187],[-2.1679,6.2217],[-2.1608,6.2285],[-2.1545,6.2345],[-2.1519,6.2363],[-2.1484,6.2389],[-2.145,6.2441],[-2.1431,6.2471],[-2.1408,6.2505],[-2.1384,6.2527],[-2.1349,6.2557],[-2.1312,6.2577],[-2.1301,6.2547],[-2.1267,6.2511],[-2.1211,6.2497],[-2.1171,6.2487],[-2.1126,6.2477],[-2.109,6.2463],[-2.1057,6.2451],[-2.104,6.2423],[-2.0998,6.2407],[-2.0982,6.2441],[-2.096,6.2475],[-2.0931,6.2511],[-2.0897,6.2551],[-2.0888,6.2579],[-2.0871,6.2619],[-2.0853,6.2645],[-2.085,6.2683],[-2.0828,6.2713],[-2.0806,6.2745],[-2.0799,6.2779],[-2.0788,6.2819],[-2.0783,6.2849],[-2.0774,6.2897],[-2.0748,6.2929],[-2.0776,6.2961],[-2.0814,6.2973],[-2.0843,6.2991],[-2.0873,6.3025],[-2.091,6.3055],[-2.0943,6.3079],[-2.0985,6.3091],[-2.102,6.3095],[-2.1059,6.3095],[-2.1098,6.3089],[-2.1129,6.3071],[-2.1158,6.3087],[-2.1195,6.3075],[-2.1225,6.3043],[-2.1241,6.3019],[-2.1247,6.3065],[-2.1241,6.3107],[-2.1255,6.3151],[-2.1274,6.3187],[-2.1258,6.3215],[-2.1242,6.3255],[-2.1225,6.3293],[-2.1244,6.3333],[-2.1248,6.3365],[-2.1271,6.3391],[-2.1298,6.3427],[-2.133,6.3445],[-2.1359,6.3475],[-2.1397,6.3485],[-2.1441,6.3481],[-2.1485,6.3485],[-2.1516,6.3507],[-2.1526,6.3541],[-2.1565,6.3561],[-2.1605,6.3573],[-2.1634,6.3595],[-2.1686,6.3619],[-2.1731,6.3647],[-2.1767,6.3631],[-2.1798,6.3621],[-2.1829,6.3605],[-2.1856,6.3591],[-2.1891,6.3579],[-2.1925,6.3571],[-2.1953,6.3559],[-2.1999,6.3539],[-2.2024,6.3501],[-2.2046,6.3461],[-2.2073,6.3421],[-2.2109,6.3397],[-2.212,6.3361],[-2.2146,6.3341],[-2.2175,6.3315],[-2.2209,6.3287],[-2.2239,6.3269],[-2.2241,6.3265],[-2.2243,6.3233],[-2.227,6.3219],[-2.2266,6.3249],[-2.2243,6.3266],[-2.2242,6.3269],[-2.2253,6.3309],[-2.2235,6.3349],[-2.2216,6.3399],[-2.2183,6.3427],[-2.217,6.3471],[-2.218,6.3515],[-2.216,6.3555],[-2.2161,6.3595],[-2.2157,6.3633],[-2.2161,6.3679],[-2.2167,6.3715],[-2.2172,6.3751],[-2.2185,6.3781],[-2.221,6.3819],[-2.222,6.3871],[-2.2219,6.3909],[-2.2223,6.3951],[-2.2237,6.3987],[-2.224,6.4027],[-2.226,6.4051],[-2.2271,6.4077],[-2.227,6.4109],[-2.2255,6.4153],[-2.2269,6.4183],[-2.2297,6.4191],[-2.2309,6.4223],[-2.2305,6.4285],[-2.2292,6.4323],[-2.2295,6.4355],[-2.2318,6.4393],[-2.2311,6.4425],[-2.23,6.4461],[-2.2311,6.4505],[-2.2335,6.4545],[-2.2354,6.4607],[-2.2383,6.4649],[-2.2392,6.4689],[-2.2407,6.4723],[-2.2441,6.4749],[-2.2481,6.4767],[-2.2494,6.4797],[-2.2515,6.4823],[-2.2546,6.4849],[-2.2575,6.4883],[-2.2605,6.4905],[-2.2639,6.4907],[-2.2681,6.4899],[-2.2715,6.4895],[-2.2753,6.4883],[-2.2797,6.4875],[-2.2831,6.4887],[-2.2859,6.4901],[-2.2887,6.4911],[-2.2949,6.4905],[-2.2993,6.4871],[-2.3026,6.4841],[-2.3064,6.4843],[-2.3101,6.4899],[-2.3135,6.4887],[-2.3167,6.4897],[-2.3219,6.4907],[-2.3265,6.4905],[-2.3353,6.4911],[-2.338,6.4923],[-2.3395,6.4883],[-2.3413,6.4853],[-2.3438,6.4827],[-2.3476,6.4829],[-2.3512,6.4839],[-2.3546,6.4821],[-2.3579,6.4793],[-2.3597,6.4765],[-2.3588,6.4727],[-2.3567,6.4697],[-2.3536,6.4677],[-2.3512,6.4645],[-2.3494,6.4549],[-2.3516,6.4523],[-2.3546,6.4487],[-2.3516,6.4465],[-2.3503,6.4421],[-2.3485,6.4365],[-2.344,6.4335],[-2.3451,6.4285],[-2.3459,6.4239],[-2.3466,6.4185],[-2.3474,6.4137],[-2.348,6.4099],[-2.3496,6.4007],[-2.352,6.3943],[-2.3546,6.3917],[-2.3567,6.3885],[-2.3589,6.3865],[-2.3618,6.3841],[-2.363,6.3807],[-2.3643,6.3775],[-2.3667,6.3737],[-2.3675,6.3705],[-2.3691,6.3665],[-2.3709,6.3637],[-2.373,6.3613],[-2.376,6.3577],[-2.377,6.3547],[-2.3783,6.3507],[-2.3813,6.3477],[-2.3849,6.3499],[-2.3895,6.3465],[-2.3904,6.3419],[-2.3902,6.3387],[-2.3899,6.3349],[-2.3955,6.3385],[-2.3996,6.3415],[-2.3976,6.3509],[-2.4004,6.3515],[-2.4101,6.3501],[-2.4127,6.3489],[-2.4171,6.3485],[-2.4211,6.3479],[-2.4246,6.3489],[-2.4281,6.3505],[-2.4304,6.3543],[-2.435,6.3557],[-2.4379,6.3591],[-2.4412,6.3637],[-2.4437,6.3655],[-2.4463,6.3685],[-2.4489,6.3717],[-2.4515,6.3737],[-2.4541,6.3755],[-2.4569,6.3765],[-2.4602,6.3787],[-2.4635,6.3783],[-2.4679,6.3803],[-2.4694,6.3835],[-2.4696,6.3875],[-2.469,6.3917],[-2.4713,6.3945],[-2.4745,6.3989],[-2.4782,6.4033],[-2.4829,6.4053],[-2.4869,6.4087],[-2.4901,6.4087],[-2.495,6.4101],[-2.4987,6.4111],[-2.5029,6.4145],[-2.5077,6.4149],[-2.5119,6.4141],[-2.5152,6.4131],[-2.5247,6.4093],[-2.5324,6.4063],[-2.5469,6.4005],[-2.5474,6.4045],[-2.5474,6.4091],[-2.5499,6.4121],[-2.5512,6.4163],[-2.5541,6.4205],[-2.5572,6.4213],[-2.559,6.4285],[-2.5548,6.4305],[-2.5524,6.4323],[-2.5501,6.4381],[-2.5469,6.4397],[-2.5446,6.4419],[-2.5405,6.4475],[-2.5365,6.4493],[-2.5319,6.4517],[-2.527,6.4547],[-2.5265,6.4589],[-2.5274,6.4621],[-2.533,6.4599],[-2.5392,6.4635],[-2.543,6.4637],[-2.5468,6.4669],[-2.5504,6.4693],[-2.5567,6.4759],[-2.56,6.4785],[-2.5629,6.4811],[-2.5695,6.4831],[-2.5741,6.4855],[-2.5776,6.4875],[-2.5838,6.4895],[-2.5885,6.4943],[-2.5924,6.5047],[-2.5967,6.5065],[-2.5989,6.5125],[-2.6061,6.5197],[-2.6166,6.5231],[-2.6196,6.5253],[-2.6352,6.5289],[-2.6384,6.5287],[-2.6458,6.5301],[-2.6494,6.5257],[-2.6563,6.5295],[-2.6634,6.5251],[-2.6644,6.5211],[-2.6668,6.5181],[-2.6687,6.5115],[-2.6729,6.5095],[-2.674,6.5159],[-2.675,6.5201],[-2.6759,6.5249],[-2.6765,6.5301],[-2.6781,6.5451],[-2.6805,6.5671],[-2.6811,6.5721],[-2.6864,6.5745],[-2.6941,6.5775],[-2.6964,6.5797],[-2.6996,6.5833],[-2.7019,6.5853],[-2.706,6.5859],[-2.7129,6.5869],[-2.7179,6.5877],[-2.7273,6.5889],[-2.732,6.5871],[-2.7383,6.5847],[-2.7423,6.5831],[-2.7475,6.5809],[-2.7504,6.5825],[-2.755,6.5839],[-2.7595,6.5849],[-2.7639,6.5841],[-2.7675,6.5823],[-2.771,6.5791],[-2.774,6.5779],[-2.7779,6.5759],[-2.7808,6.5783],[-2.7813,6.5837],[-2.7827,6.5867],[-2.7835,6.5913],[-2.7855,6.5953],[-2.7877,6.5979],[-2.7902,6.6017],[-2.7943,6.6023],[-2.7976,6.6049],[-2.8005,6.6081],[-2.8008,6.6111],[-2.8028,6.6147],[-2.8052,6.6169],[-2.8083,6.6159],[-2.8123,6.6169],[-2.8156,6.6169],[-2.8187,6.6201],[-2.8225,6.6229],[-2.8255,6.6259],[-2.8303,6.6269],[-2.8303,6.6303],[-2.8338,6.6343],[-2.838,6.6351],[-2.8402,6.6369],[-2.8438,6.6373],[-2.8477,6.6397],[-2.8514,6.6425],[-2.8557,6.6423],[-2.8607,6.6417],[-2.8648,6.6391],[-2.869,6.6387],[-2.8704,6.6425],[-2.8689,6.6461],[-2.8672,6.6489],[-2.8709,6.6521],[-2.8743,6.6561],[-2.8713,6.6579],[-2.8686,6.6589],[-2.8643,6.6601],[-2.8604,6.6601],[-2.8572,6.6609],[-2.8537,6.6639],[-2.8507,6.6669],[-2.8487,6.6709],[-2.8495,6.6767],[-2.8524,6.6807],[-2.8554,6.6833],[-2.8579,6.6877],[-2.8601,6.6919],[-2.8618,6.6943],[-2.8615,6.6971],[-2.8585,6.6983],[-2.8597,6.7015],[-2.862,6.7057],[-2.861,6.7085],[-2.8595,6.7111],[-2.8629,6.7129],[-2.8658,6.7165],[-2.8647,6.7195],[-2.8613,6.7233],[-2.8589,6.7269],[-2.8584,6.7315],[-2.8563,6.7345],[-2.8537,6.7361],[-2.85,6.7383],[-2.846,6.7423],[-2.8453,6.7471],[-2.8427,6.7497],[-2.8408,6.7521],[-2.8407,6.7569],[-2.8419,6.7603],[-2.8452,6.7655],[-2.8478,6.7687],[-2.8492,6.7721],[-2.8481,6.7751],[-2.8452,6.7761],[-2.8438,6.7791],[-2.8425,6.7829],[-2.8395,6.7861],[-2.8386,6.7897],[-2.8397,6.7933],[-2.8445,6.7973],[-2.848,6.7999],[-2.848,6.8031],[-2.8444,6.8051],[-2.846,6.8097],[-2.8483,6.8115],[-2.849,6.8157],[-2.852,6.8177],[-2.8574,6.8199],[-2.8579,6.8253],[-2.8556,6.8303],[-2.8552,6.8345],[-2.8567,6.8377],[-2.8579,6.8403],[-2.8618,6.8431],[-2.8633,6.8477],[-2.866,6.8515]]]},"properties":{"adm1_pcode":"GH16","adm1_name":"Western North","center_lat":6.17562866,"center_lon":-2.65597719}}
]}